{
"type": "FeatureCollection",
"name": "district_gdcandidate_2021_new",
"crs": { "type": "name", "properties": { "name": "urn:ogc:def:crs:OGC:1.3:CRS84" } },
"xy_coordinate_resolution": 1e-15,
"features": [
{ "type": "Feature", "properties": { "fid": 196, "okrug": 196, "wiki_name": "Город Москва - Бабушкинский одномандатный избирательный округ ", "wiki_pop": 488448, "wiki_terr": "Восточный административный округ (район Богородское, район Сокольники); Северо-Восточный административный округ (Алексеевский район, Бабушкинский район, Бутырский район, Лосиноостровский район, район Марфино, район Марьина Роща, Останкинский район, район Ростокино, район Свиблово, Ярославский район) ", "color": "#A773EF", "2021_duma_oik196_Иванова": 0.99, "2021_duma_oik196_Крюков": 4.25, "2021_duma_oik196_Малинкович": 2.78, "2021_duma_oik196_Миронова": 5.26, "2021_duma_oik196_Рашкин": 24.53, "2021_duma_oik196_Рвачев": 4.83, "2021_duma_oik196_Стрельникова": 1.96, "2021_duma_oik196_Тарасов": 1.99, "2021_duma_oik196_Федоров": 6.24, "2021_duma_oik196_Янков": 3.81, "2021_duma_oik196_явка": 48.27, "2021_duma_oik196_недействительные": 2.56, "2021_duma_oik197_Гончаров": 0.0, "2021_duma_oik197_Горшкова": 0.0, "2021_duma_oik197_Лобанов": 0.0, "2021_duma_oik197_Меньшиков": 0.0, "2021_duma_oik197_Митина": 0.0, "2021_duma_oik197_Попов": 0.0, "2021_duma_oik197_Раменский": 0.0, "2021_duma_oik197_Соболев": 0.0, "2021_duma_oik197_Тарнавский": 0.0, "2021_duma_oik197_явка": 0.0, "2021_duma_oik197_недействительные": 0.0, "2021_duma_oik198_Брюханова": 0.0, "2021_duma_oik198_Власов": 0.0, "2021_duma_oik198_Голуенко": 0.0, "2021_duma_oik198_Звягинцев": 0.0, "2021_duma_oik198_Катаев": 0.0, "2021_duma_oik198_Литвинович": 0.0, "2021_duma_oik198_Мельников": 0.0, "2021_duma_oik198_Тарбаев": 0.0, "2021_duma_oik198_Хованская": 0.0, "2021_duma_oik198_явка": 0.0, "2021_duma_oik198_недействительные": 0.0, "2021_duma_oik199_Гулина": 0.0, "2021_duma_oik199_Гуличева": 0.0, "2021_duma_oik199_Катков": 0.0, "2021_duma_oik199_Киселёв": 0.0, "2021_duma_oik199_Кульнев": 0.0, "2021_duma_oik199_Прохоренкова": 0.0, "2021_duma_oik199_Рашкин": 0.0, "2021_duma_oik199_Тарасов": 0.0, "2021_duma_oik199_Толстой": 0.0, "2021_duma_oik199_Шах": 0.0, "2021_duma_oik199_Шоладеми": 0.0, "2021_duma_oik199_явка": 0.0, "2021_duma_oik199_недействительные": 0.0, "2021_duma_oik200_Бабушкин": 0.0, "2021_duma_oik200_Вельмакин": 0.0, "2021_duma_oik200_Загребной": 0.0, "2021_duma_oik200_Запотылок": 0.0, "2021_duma_oik200_Орлов": 0.0, "2021_duma_oik200_Парфенов": 0.0, "2021_duma_oik200_Певцов": 0.0, "2021_duma_oik200_Степкин": 0.0, "2021_duma_oik200_явка": 0.0, "2021_duma_oik200_недействительные": 0.0, "2021_duma_oik201_Гаспарян": 0.0, "2021_duma_oik201_Демин": 0.0, "2021_duma_oik201_Куликов": 0.0, "2021_duma_oik201_Разворотнева": 0.0, "2021_duma_oik201_Туманов": 0.0, "2021_duma_oik201_Удалова": 0.0, "2021_duma_oik201_Удальцова": 0.0, "2021_duma_oik201_Черников": 0.0, "2021_duma_oik201_явка": 0.0, "2021_duma_oik201_недействительные": 0.0, "2021_duma_oik202_Гершберг": 0.0, "2021_duma_oik202_Лапшов": 0.0, "2021_duma_oik202_Махницкий": 0.0, "2021_duma_oik202_Михайловский": 0.0, "2021_duma_oik202_Муратова": 0.0, "2021_duma_oik202_Придорожный": 0.0, "2021_duma_oik202_Саблин": 0.0, "2021_duma_oik202_Сиднев": 0.0, "2021_duma_oik202_Суханов": 0.0, "2021_duma_oik202_явка": 0.0, "2021_duma_oik202_недействительные": 0.0, "2021_duma_oik203_Казенков": 0.0, "2021_duma_oik203_Нифантьев": 0.0, "2021_duma_oik203_Пенкин": 0.0, "2021_duma_oik203_Петров": 0.0, "2021_duma_oik203_Смолич": 0.0, "2021_duma_oik203_Турушев": 0.0, "2021_duma_oik203_Шлямина": 0.0, "2021_duma_oik203_Шушлебина": 0.0, "2021_duma_oik203_Юдин": 0.0, "2021_duma_oik203_явка": 0.0, "2021_duma_oik203_недействительные": 0.0, "2021_duma_oik204_Дворак": 0.0, "2021_duma_oik204_Доможирова": 0.0, "2021_duma_oik204_Игнатьев": 0.0, "2021_duma_oik204_Измайлов": 0.0, "2021_duma_oik204_Кавказский": 0.0, "2021_duma_oik204_Курганов": 0.0, "2021_duma_oik204_Курганский": 0.0, "2021_duma_oik204_Монахов": 0.0, "2021_duma_oik204_Пресняков": 0.0, "2021_duma_oik204_Проханов": 0.0, "2021_duma_oik204_Шувалов": 0.0, "2021_duma_oik204_Яшин": 0.0, "2021_duma_oik204_явка": 0.0, "2021_duma_oik204_недействительные": 0.0, "2021_duma_oik205_Демченко": 0.0, "2021_duma_oik205_Загордан": 0.0, "2021_duma_oik205_Ищенко": 0.0, "2021_duma_oik205_Корягина": 0.0, "2021_duma_oik205_Костычева": 0.0, "2021_duma_oik205_Медведев": 0.0, "2021_duma_oik205_Обухов": 0.0, "2021_duma_oik205_Попова": 0.0, "2021_duma_oik205_Сидоров": 0.0, "2021_duma_oik205_явка": 0.0, "2021_duma_oik205_недействительные": 0.0, "2021_duma_oik206_Васильев": 0.0, "2021_duma_oik206_Гребенник": 0.0, "2021_duma_oik206_Иванова": 0.0, "2021_duma_oik206_Копкина": 0.0, "2021_duma_oik206_Мажуга": 0.0, "2021_duma_oik206_Мишарин": 0.0, "2021_duma_oik206_Пономарев": 0.0, "2021_duma_oik206_Цыба": 0.0, "2021_duma_oik206_явка": 0.0, "2021_duma_oik206_недействительные": 0.0, "2021_duma_oik207_Макаренко": 0.0, "2021_duma_oik207_Милованов": 0.0, "2021_duma_oik207_Павлинов": 0.0, "2021_duma_oik207_Пангаев": 0.0, "2021_duma_oik207_Серафонтов": 0.0, "2021_duma_oik207_Соловьев": 0.0, "2021_duma_oik207_Ульянов": 0.0, "2021_duma_oik207_Ульянченко": 0.0, "2021_duma_oik207_Хазин": 0.0, "2021_duma_oik207_Юрченко": 0.0, "2021_duma_oik207_явка": 0.0, "2021_duma_oik207_недействительные": 0.0, "2021_duma_oik208_Кошлаков-Крестовский": 0.0, "2021_duma_oik208_Леонов": 0.0, "2021_duma_oik208_Митрохин": 0.0, "2021_duma_oik208_Останина": 0.0, "2021_duma_oik208_Хараидзе": 0.0, "2021_duma_oik208_Шевченко": 0.0, "2021_duma_oik208_Широков": 0.0, "2021_duma_oik208_Юшин": 0.0, "2021_duma_oik208_Якубович": 0.0, "2021_duma_oik208_Яндиев": 0.0, "2021_duma_oik208_явка": 0.0, "2021_duma_oik208_недействительные": 0.0, "2021_duma_oik209_Волков": 0.0, "2021_duma_oik209_Ильин": 0.0, "2021_duma_oik209_Максимов": 0.0, "2021_duma_oik209_Николаев": 0.0, "2021_duma_oik209_Палюлин": 0.0, "2021_duma_oik209_Румянцев": 0.0, "2021_duma_oik209_Чирков": 0.0, "2021_duma_oik209_Шупеня": 0.0, "2021_duma_oik209_явка": 0.0, "2021_duma_oik209_недействительные": 0.0, "2021_duma_oik210_Буткеев": 0.0, "2021_duma_oik210_Коршунков": 0.0, "2021_duma_oik210_Крапухин": 0.0, "2021_duma_oik210_Начевский": 0.0, "2021_duma_oik210_Романенко": 0.0, "2021_duma_oik210_Смитиенко": 0.0, "2021_duma_oik210_Таранцов": 0.0, "2021_duma_oik210_Таращанский": 0.0, "2021_duma_oik210_Яцевский": 0.0, "2021_duma_oik210_явка": 0.0, "2021_duma_oik210_недействительные": 0.0, "2021_duma_oik196_Иванова_party": "Гражданская Платформа", "2021_duma_oik196_Крюков_party": "ЛДПР", "2021_duma_oik196_Малинкович_party": "Коммунисты России (КПКР)", "2021_duma_oik196_Миронова_party": "Партия свободы и справедливости", "2021_duma_oik196_Рашкин_party": "КПРФ", "2021_duma_oik196_Рвачев_party": "Новые люди", "2021_duma_oik196_Стрельникова_party": "Зеленая альтернатива", "2021_duma_oik196_Тарасов_party": "Зеленые", "2021_duma_oik196_Федоров_party": "Справедливая Россия", "2021_duma_oik196_Янков_party": "Яблоко", "2021_duma_oik196_явка_party": "Неизвестно", "2021_duma_oik196_недействительные_party": "Неизвестно", "2021_duma_oik197_Гончаров_party": null, "2021_duma_oik197_Горшкова_party": null, "2021_duma_oik197_Лобанов_party": null, "2021_duma_oik197_Меньшиков_party": null, "2021_duma_oik197_Митина_party": null, "2021_duma_oik197_Попов_party": null, "2021_duma_oik197_Раменский_party": null, "2021_duma_oik197_Соболев_party": null, "2021_duma_oik197_Тарнавский_party": null, "2021_duma_oik197_явка_party": null, "2021_duma_oik197_недействительные_party": null, "2021_duma_oik198_Брюханова_party": null, "2021_duma_oik198_Власов_party": null, "2021_duma_oik198_Голуенко_party": null, "2021_duma_oik198_Звягинцев_party": null, "2021_duma_oik198_Катаев_party": null, "2021_duma_oik198_Литвинович_party": null, "2021_duma_oik198_Мельников_party": null, "2021_duma_oik198_Тарбаев_party": null, "2021_duma_oik198_Хованская_party": null, "2021_duma_oik198_явка_party": null, "2021_duma_oik198_недействительные_party": null, "2021_duma_oik199_Гулина_party": null, "2021_duma_oik199_Гуличева_party": null, "2021_duma_oik199_Катков_party": null, "2021_duma_oik199_Киселёв_party": null, "2021_duma_oik199_Кульнев_party": null, "2021_duma_oik199_Прохоренкова_party": null, "2021_duma_oik199_Рашкин_party": null, "2021_duma_oik199_Тарасов_party": null, "2021_duma_oik199_Толстой_party": null, "2021_duma_oik199_Шах_party": null, "2021_duma_oik199_Шоладеми_party": null, "2021_duma_oik199_явка_party": null, "2021_duma_oik199_недействительные_party": null, "2021_duma_oik200_Бабушкин_party": null, "2021_duma_oik200_Вельмакин_party": null, "2021_duma_oik200_Загребной_party": null, "2021_duma_oik200_Запотылок_party": null, "2021_duma_oik200_Орлов_party": null, "2021_duma_oik200_Парфенов_party": null, "2021_duma_oik200_Певцов_party": null, "2021_duma_oik200_Степкин_party": null, "2021_duma_oik200_явка_party": null, "2021_duma_oik200_недействительные_party": null, "2021_duma_oik201_Гаспарян_party": null, "2021_duma_oik201_Демин_party": null, "2021_duma_oik201_Куликов_party": null, "2021_duma_oik201_Разворотнева_party": null, "2021_duma_oik201_Туманов_party": null, "2021_duma_oik201_Удалова_party": null, "2021_duma_oik201_Удальцова_party": null, "2021_duma_oik201_Черников_party": null, "2021_duma_oik201_явка_party": null, "2021_duma_oik201_недействительные_party": null, "2021_duma_oik202_Гершберг_party": null, "2021_duma_oik202_Лапшов_party": null, "2021_duma_oik202_Махницкий_party": null, "2021_duma_oik202_Михайловский_party": null, "2021_duma_oik202_Муратова_party": null, "2021_duma_oik202_Придорожный_party": null, "2021_duma_oik202_Саблин_party": null, "2021_duma_oik202_Сиднев_party": null, "2021_duma_oik202_Суханов_party": null, "2021_duma_oik202_явка_party": null, "2021_duma_oik202_недействительные_party": null, "2021_duma_oik203_Казенков_party": null, "2021_duma_oik203_Нифантьев_party": null, "2021_duma_oik203_Пенкин_party": null, "2021_duma_oik203_Петров_party": null, "2021_duma_oik203_Смолич_party": null, "2021_duma_oik203_Турушев_party": null, "2021_duma_oik203_Шлямина_party": null, "2021_duma_oik203_Шушлебина_party": null, "2021_duma_oik203_Юдин_party": null, "2021_duma_oik203_явка_party": null, "2021_duma_oik203_недействительные_party": null, "2021_duma_oik204_Дворак_party": null, "2021_duma_oik204_Доможирова_party": null, "2021_duma_oik204_Игнатьев_party": null, "2021_duma_oik204_Измайлов_party": null, "2021_duma_oik204_Кавказский_party": null, "2021_duma_oik204_Курганов_party": null, "2021_duma_oik204_Курганский_party": null, "2021_duma_oik204_Монахов_party": null, "2021_duma_oik204_Пресняков_party": null, "2021_duma_oik204_Проханов_party": null, "2021_duma_oik204_Шувалов_party": null, "2021_duma_oik204_Яшин_party": null, "2021_duma_oik204_явка_party": null, "2021_duma_oik204_недействительные_party": null, "2021_duma_oik205_Демченко_party": null, "2021_duma_oik205_Загордан_party": null, "2021_duma_oik205_Ищенко_party": null, "2021_duma_oik205_Корягина_party": null, "2021_duma_oik205_Костычева_party": null, "2021_duma_oik205_Медведев_party": null, "2021_duma_oik205_Обухов_party": null, "2021_duma_oik205_Попова_party": null, "2021_duma_oik205_Сидоров_party": null, "2021_duma_oik205_явка_party": null, "2021_duma_oik205_недействительные_party": null, "2021_duma_oik206_Васильев_party": null, "2021_duma_oik206_Гребенник_party": null, "2021_duma_oik206_Иванова_party": null, "2021_duma_oik206_Копкина_party": null, "2021_duma_oik206_Мажуга_party": null, "2021_duma_oik206_Мишарин_party": null, "2021_duma_oik206_Пономарев_party": null, "2021_duma_oik206_Цыба_party": null, "2021_duma_oik206_явка_party": null, "2021_duma_oik206_недействительные_party": null, "2021_duma_oik207_Макаренко_party": null, "2021_duma_oik207_Милованов_party": null, "2021_duma_oik207_Павлинов_party": null, "2021_duma_oik207_Пангаев_party": null, "2021_duma_oik207_Серафонтов_party": null, "2021_duma_oik207_Соловьев_party": null, "2021_duma_oik207_Ульянов_party": null, "2021_duma_oik207_Ульянченко_party": null, "2021_duma_oik207_Хазин_party": null, "2021_duma_oik207_Юрченко_party": null, "2021_duma_oik207_явка_party": null, "2021_duma_oik207_недействительные_party": null, "2021_duma_oik208_Кошлаков-Крестовский_party": null, "2021_duma_oik208_Леонов_party": null, "2021_duma_oik208_Митрохин_party": null, "2021_duma_oik208_Останина_party": null, "2021_duma_oik208_Хараидзе_party": null, "2021_duma_oik208_Шевченко_party": null, "2021_duma_oik208_Широков_party": null, "2021_duma_oik208_Юшин_party": null, "2021_duma_oik208_Якубович_party": null, "2021_duma_oik208_Яндиев_party": null, "2021_duma_oik208_явка_party": null, "2021_duma_oik208_недействительные_party": null, "2021_duma_oik209_Волков_party": null, "2021_duma_oik209_Ильин_party": null, "2021_duma_oik209_Максимов_party": null, "2021_duma_oik209_Николаев_party": null, "2021_duma_oik209_Палюлин_party": null, "2021_duma_oik209_Румянцев_party": null, "2021_duma_oik209_Чирков_party": null, "2021_duma_oik209_Шупеня_party": null, "2021_duma_oik209_явка_party": null, "2021_duma_oik209_недействительные_party": null, "2021_duma_oik210_Буткеев_party": null, "2021_duma_oik210_Коршунков_party": null, "2021_duma_oik210_Крапухин_party": null, "2021_duma_oik210_Начевский_party": null, "2021_duma_oik210_Романенко_party": null, "2021_duma_oik210_Смитиенко_party": null, "2021_duma_oik210_Таранцов_party": null, "2021_duma_oik210_Таращанский_party": null, "2021_duma_oik210_Яцевский_party": null, "2021_duma_oik210_явка_party": null, "2021_duma_oik210_недействительные_party": null }, "geometry": { "type": "MultiPolygon", "coordinates": [ [ [ [ 37.634751800000018, 55.7960222 ], [ 37.634448399999989, 55.7946121 ], [ 37.6344313, 55.794461100000014 ], [ 37.634432100000012, 55.7943 ], [ 37.6344647, 55.7938023 ], [ 37.634505600000011, 55.793306200000032 ], [ 37.634604600000024, 55.7922807 ], [ 37.6346377, 55.7918923 ], [ 37.6340869, 55.791866100000014 ], [ 37.6337764, 55.791852800000015 ], [ 37.6335945, 55.791847100000012 ], [ 37.6334136, 55.7918429 ], [ 37.6331513, 55.7918425 ], [ 37.632883100000022, 55.7918449 ], [ 37.6326466, 55.7918521 ], [ 37.6324314, 55.791862500000015 ], [ 37.6318894, 55.7919011 ], [ 37.6315367, 55.791937 ], [ 37.6313131, 55.7919657 ], [ 37.6310795, 55.7920005 ], [ 37.6306134, 55.7920795 ], [ 37.6301251, 55.7921692 ], [ 37.629875800000022, 55.792215 ], [ 37.629735300000014, 55.792240800000023 ], [ 37.6289407, 55.792380700000024 ], [ 37.628519, 55.7924501 ], [ 37.6282282, 55.7924844 ], [ 37.627959400000016, 55.79250780000001 ], [ 37.6246204, 55.7926871 ], [ 37.6234441, 55.7927467 ], [ 37.6223633, 55.79279750000002 ], [ 37.621364199999988, 55.7928551 ], [ 37.6193743, 55.7929887 ], [ 37.6181579, 55.793056900000018 ], [ 37.617580400000016, 55.7930834 ], [ 37.6169902, 55.7931057 ], [ 37.6166833, 55.7931116 ], [ 37.616371600000015, 55.7931156 ], [ 37.616309700000023, 55.793116 ], [ 37.616311, 55.7929034 ], [ 37.61634440000001, 55.79247 ], [ 37.6163542, 55.792300600000011 ], [ 37.6164115, 55.791577900000021 ], [ 37.616423700000013, 55.791376500000013 ], [ 37.6164262, 55.791333700000031 ], [ 37.6164298, 55.7912739 ], [ 37.616533, 55.7898101 ], [ 37.6165649, 55.789371300000013 ], [ 37.6166213, 55.7886126 ], [ 37.6166325, 55.788527 ], [ 37.6166343, 55.788513600000016 ], [ 37.6166361, 55.7885002 ], [ 37.616649900000013, 55.78840910000001 ], [ 37.6166848, 55.7880673 ], [ 37.6167003, 55.7878527 ], [ 37.6167078, 55.787794500000011 ], [ 37.6167552, 55.7872617 ], [ 37.616797800000015, 55.7868239 ], [ 37.6168202, 55.7864317 ], [ 37.6167222, 55.7861473 ], [ 37.6162701, 55.7853819 ], [ 37.6162242, 55.7853044 ], [ 37.6161339, 55.785149899999986 ], [ 37.6159444, 55.7848298 ], [ 37.615573400000017, 55.7843039 ], [ 37.615527500000013, 55.7840752 ], [ 37.6155076, 55.783967300000022 ], [ 37.6154776, 55.7838834 ], [ 37.615286800000014, 55.7834989 ], [ 37.6152688, 55.7833851 ], [ 37.6152667, 55.783285200000016 ], [ 37.6153001, 55.783048600000015 ], [ 37.6153517, 55.782836600000017 ], [ 37.61521840000001, 55.7830401 ], [ 37.615005, 55.783376700000012 ], [ 37.614961099999988, 55.7834162 ], [ 37.6149102, 55.7834494 ], [ 37.6148355, 55.7834787 ], [ 37.6147654, 55.783491400000017 ], [ 37.6146955, 55.783499299999988 ], [ 37.6146295, 55.7835 ], [ 37.613235099999983, 55.7834256 ], [ 37.613147, 55.7834164 ], [ 37.6130598, 55.783394 ], [ 37.612980400000019, 55.7833557 ], [ 37.6129369, 55.78330230000001 ], [ 37.61281, 55.7829856 ], [ 37.6127668, 55.782906300000022 ], [ 37.6127056, 55.782825900000013 ], [ 37.6125554, 55.7826518 ], [ 37.612449200000015, 55.7825481 ], [ 37.612315, 55.7825885 ], [ 37.611903, 55.7827058 ], [ 37.611427400000011, 55.7828621 ], [ 37.6113854, 55.782875800000014 ], [ 37.611296900000013, 55.7829048 ], [ 37.610929800000022, 55.7830249 ], [ 37.6103666, 55.7831968 ], [ 37.6097476, 55.7833937 ], [ 37.6093395, 55.78352450000002 ], [ 37.608057800000012, 55.7839618 ], [ 37.607907200000014, 55.7840132 ], [ 37.6072718, 55.7842317 ], [ 37.6071099, 55.784282 ], [ 37.606794, 55.7843893 ], [ 37.606754100000018, 55.7844048 ], [ 37.6066316, 55.784452500000015 ], [ 37.6063182, 55.7845708 ], [ 37.606001800000016, 55.7846903 ], [ 37.6056833, 55.7848254 ], [ 37.6047906, 55.785237799999983 ], [ 37.6046803, 55.785288800000011 ], [ 37.6045342, 55.785327 ], [ 37.6043485, 55.785337099999985 ], [ 37.603876, 55.7853181 ], [ 37.6037257, 55.7853079 ], [ 37.6035816, 55.785300500000012 ], [ 37.602857500000013, 55.7852512 ], [ 37.6026849, 55.785238700000015 ], [ 37.60222510000002, 55.785205400000031 ], [ 37.6020213, 55.7851911 ], [ 37.601846300000012, 55.785179500000027 ], [ 37.6017199, 55.7851689 ], [ 37.6017035, 55.7852132 ], [ 37.6016871, 55.785260200000025 ], [ 37.60163810000001, 55.78539 ], [ 37.6015259, 55.785696200000018 ], [ 37.6011558, 55.78657230000001 ], [ 37.6010966, 55.7867112 ], [ 37.6008506, 55.787317300000012 ], [ 37.6007487, 55.7875937 ], [ 37.600682, 55.7878159 ], [ 37.6006105, 55.788028300000022 ], [ 37.600416100000011, 55.7886055 ], [ 37.600370800000022, 55.78874 ], [ 37.6002011, 55.7892749 ], [ 37.6001621, 55.7893978 ], [ 37.600139, 55.7894771 ], [ 37.5999028, 55.7903093 ], [ 37.599899700000023, 55.7903208 ], [ 37.5997644, 55.7908213 ], [ 37.59964990000001, 55.79119 ], [ 37.599517199999987, 55.791617200000012 ], [ 37.5993452, 55.792275 ], [ 37.599313900000013, 55.792404800000014 ], [ 37.599295800000014, 55.7924817 ], [ 37.598291100000012, 55.792396 ], [ 37.597254700000015, 55.7923077 ], [ 37.5963844, 55.79224640000001 ], [ 37.5961382, 55.792233 ], [ 37.59588990000001, 55.79222570000001 ], [ 37.5956567, 55.792233 ], [ 37.5954127, 55.792248400000013 ], [ 37.594408600000015, 55.7923317 ], [ 37.5934651, 55.792421100000013 ], [ 37.5933114, 55.7924291 ], [ 37.592782900000017, 55.792434900000025 ], [ 37.592239300000017, 55.792437 ], [ 37.5917313, 55.7924391 ], [ 37.590176, 55.792436500000022 ], [ 37.5899695, 55.7924329 ], [ 37.589934, 55.7924333 ], [ 37.5897623, 55.792426100000014 ], [ 37.58942380000002, 55.7924071 ], [ 37.58932810000001, 55.792406700000015 ], [ 37.58924420000001, 55.7924117 ], [ 37.5891654, 55.7924206 ], [ 37.588904400000011, 55.7924632 ], [ 37.5882844, 55.7925625 ], [ 37.58821780000001, 55.792573800000021 ], [ 37.5881801, 55.7925867 ], [ 37.58815220000001, 55.792599 ], [ 37.588121500000014, 55.7926165 ], [ 37.587799700000012, 55.792636600000016 ], [ 37.586530100000012, 55.7934376 ], [ 37.5857332, 55.7939603 ], [ 37.5850046, 55.79436950000003 ], [ 37.584815800000015, 55.7944986 ], [ 37.584737900000015, 55.7945682 ], [ 37.584671300000018, 55.794637300000019 ], [ 37.5845992, 55.794721500000023 ], [ 37.584531400000024, 55.7948087 ], [ 37.5844709, 55.794903100000013 ], [ 37.584424800000022, 55.7949956 ], [ 37.5843884, 55.795082900000018 ], [ 37.5843177, 55.7953226 ], [ 37.5842913, 55.795501800000011 ], [ 37.5841863, 55.7958526 ], [ 37.5842021, 55.7962623 ], [ 37.5841136, 55.7972084 ], [ 37.5839686, 55.7984943 ], [ 37.5837205, 55.799932100000021 ], [ 37.5835067, 55.801021800000015 ], [ 37.5831873, 55.802378 ], [ 37.582840800000014, 55.8037217 ], [ 37.5823396, 55.8055211 ], [ 37.5817843, 55.80642550000001 ], [ 37.581197, 55.8073742 ], [ 37.58065220000001, 55.8082874 ], [ 37.583136900000014, 55.808621500000022 ], [ 37.5843356, 55.808685400000016 ], [ 37.5847301, 55.8086824 ], [ 37.5844019, 55.8088932 ], [ 37.5836423, 55.809306 ], [ 37.5810542, 55.810506500000017 ], [ 37.5804261, 55.8108524 ], [ 37.5796069, 55.81147840000002 ], [ 37.579307700000015, 55.81180770000001 ], [ 37.5791446, 55.812018600000016 ], [ 37.5790441, 55.8121915 ], [ 37.5788313, 55.812621400000012 ], [ 37.578680500000011, 55.8131389 ], [ 37.578055400000011, 55.816054900000012 ], [ 37.5778185, 55.816640600000014 ], [ 37.577535700000013, 55.8171248 ], [ 37.575689900000015, 55.8195945 ], [ 37.574553200000011, 55.821116100000019 ], [ 37.5743079, 55.821533 ], [ 37.574142400000014, 55.821959100000015 ], [ 37.5740221, 55.82239280000001 ], [ 37.5739482, 55.8227969 ], [ 37.5736451, 55.829131 ], [ 37.5735756, 55.8305841 ], [ 37.5735713, 55.8313214 ], [ 37.5736501, 55.831718900000013 ], [ 37.5737615, 55.8320855 ], [ 37.5738908, 55.832395 ], [ 37.574145600000016, 55.832856 ], [ 37.5744425, 55.833304600000012 ], [ 37.575083100000015, 55.8339784 ], [ 37.5759673, 55.8346974 ], [ 37.5761106, 55.8348039 ], [ 37.57629390000001, 55.834949700000017 ], [ 37.5768188, 55.835345800000013 ], [ 37.57744790000001, 55.8358898 ], [ 37.5778195, 55.83629650000001 ], [ 37.578153700000016, 55.8367858 ], [ 37.5783711, 55.837141399999986 ], [ 37.5785482, 55.837587700000014 ], [ 37.5786411, 55.837906600000018 ], [ 37.578739500000019, 55.838614399999983 ], [ 37.578719199999988, 55.839032200000013 ], [ 37.5786726, 55.8394438 ], [ 37.5784939, 55.840036 ], [ 37.5782181, 55.8406209 ], [ 37.5779697, 55.841021200000021 ], [ 37.577661200000016, 55.8414303 ], [ 37.57601780000001, 55.8430943 ], [ 37.5756181, 55.843584 ], [ 37.5753979, 55.8439287 ], [ 37.5749493, 55.8450937 ], [ 37.5744414, 55.8465657 ], [ 37.5738961, 55.848099 ], [ 37.573771700000016, 55.8484763 ], [ 37.575618400000025, 55.8481532 ], [ 37.5766288, 55.8479923 ], [ 37.5774499, 55.8479083 ], [ 37.5800476, 55.847801100000012 ], [ 37.5820202, 55.8477276 ], [ 37.584833399999987, 55.847613800000012 ], [ 37.59150510000002, 55.8473616 ], [ 37.592823, 55.847314600000011 ], [ 37.6018931, 55.8469635 ], [ 37.605759500000012, 55.8468402 ], [ 37.610077200000021, 55.846659500000023 ], [ 37.612321, 55.8464823 ], [ 37.6159315, 55.8501916 ], [ 37.6160974, 55.850353500000026 ], [ 37.616944300000021, 55.8511962 ], [ 37.6170805, 55.8513313 ], [ 37.6172292, 55.8514753 ], [ 37.6175609, 55.85180780000001 ], [ 37.6176873, 55.851933200000019 ], [ 37.618336800000023, 55.85257750000001 ], [ 37.618609100000022, 55.8528476 ], [ 37.6192063, 55.8534399 ], [ 37.6193655, 55.85359780000001 ], [ 37.619841599999987, 55.85407 ], [ 37.6199556, 55.8542225 ], [ 37.620091500000022, 55.8544045 ], [ 37.6202296, 55.85464930000002 ], [ 37.6203251, 55.8548987 ], [ 37.6203349, 55.8549438 ], [ 37.620375500000016, 55.855131 ], [ 37.6203926, 55.8559307 ], [ 37.6203814, 55.8570151 ], [ 37.6203476, 55.8591609 ], [ 37.620358100000011, 55.8592645 ], [ 37.620559, 55.859198 ], [ 37.6224984, 55.8585559 ], [ 37.623081500000012, 55.8582927 ], [ 37.6232793, 55.858206100000011 ], [ 37.62363040000001, 55.858126400000017 ], [ 37.623911500000013, 55.858077700000017 ], [ 37.624031800000019, 55.858056800000014 ], [ 37.624498200000019, 55.858001400000013 ], [ 37.6247928, 55.8579401 ], [ 37.6249913, 55.8578821 ], [ 37.625213100000025, 55.857789 ], [ 37.625180100000023, 55.85762320000002 ], [ 37.625146, 55.857405500000013 ], [ 37.625715200000016, 55.8572605 ], [ 37.625915, 55.8572096 ], [ 37.627071400000013, 55.8569896 ], [ 37.6286813, 55.856898500000021 ], [ 37.6292322, 55.8568848 ], [ 37.631006, 55.85698750000001 ], [ 37.6320813, 55.857220600000012 ], [ 37.6326095, 55.8572816 ], [ 37.6329008, 55.8573567 ], [ 37.632945, 55.8574419 ], [ 37.633054, 55.857683700000017 ], [ 37.6330059, 55.857933 ], [ 37.6329279, 55.8585037 ], [ 37.6328758, 55.858923300000022 ], [ 37.6328747, 55.859175900000011 ], [ 37.6329563, 55.8594152 ], [ 37.6332179, 55.8598928 ], [ 37.6335905, 55.8603208 ], [ 37.6337057, 55.8604482 ], [ 37.6338548, 55.860613900000018 ], [ 37.6342312, 55.8608569 ], [ 37.6351086, 55.861369700000012 ], [ 37.6367071, 55.86236790000001 ], [ 37.638140500000013, 55.863259 ], [ 37.6382795, 55.8634258 ], [ 37.638294300000013, 55.8635504 ], [ 37.6383497, 55.863639100000022 ], [ 37.6390857, 55.864013099999987 ], [ 37.639307800000019, 55.864121200000014 ], [ 37.6399086, 55.8648629 ], [ 37.640164800000015, 55.8650189 ], [ 37.64048840000001, 55.8651667 ], [ 37.6409029, 55.8652505 ], [ 37.6417319, 55.8653231 ], [ 37.6421488, 55.865354100000012 ], [ 37.6451631, 55.8654802 ], [ 37.6467923, 55.865975400000011 ], [ 37.6476199, 55.8665361 ], [ 37.647903600000014, 55.866624200000018 ], [ 37.6481863, 55.8665659 ], [ 37.6486133, 55.8666102 ], [ 37.648830599999982, 55.866670600000013 ], [ 37.6489614, 55.866749400000018 ], [ 37.648998, 55.8668413 ], [ 37.648519, 55.867000900000015 ], [ 37.6482863, 55.8672998 ], [ 37.64844020000001, 55.8674299 ], [ 37.648474, 55.8677719 ], [ 37.6489706, 55.868200900000026 ], [ 37.6492792, 55.8683909 ], [ 37.6498553, 55.868681500000022 ], [ 37.6505345, 55.8691396 ], [ 37.650814, 55.8696582 ], [ 37.650946500000011, 55.8697897 ], [ 37.6512062, 55.870054100000011 ], [ 37.6516027, 55.8703214 ], [ 37.652106600000018, 55.8704915 ], [ 37.653276600000012, 55.8707248 ], [ 37.6537964, 55.8707873 ], [ 37.6541554, 55.8708524 ], [ 37.6553471, 55.8713293 ], [ 37.655601500000017, 55.8714482 ], [ 37.6558168, 55.871527800000024 ], [ 37.6560106, 55.8715544 ], [ 37.6561482, 55.8715978 ], [ 37.6561765, 55.8716672 ], [ 37.656161, 55.871821400000023 ], [ 37.656201, 55.871879 ], [ 37.6562889, 55.8719206 ], [ 37.6569615, 55.872112600000023 ], [ 37.657179900000017, 55.8721187 ], [ 37.6573616, 55.8721658 ], [ 37.6580911, 55.872680400000014 ], [ 37.6584183, 55.873004 ], [ 37.6586625, 55.8733271 ], [ 37.658678200000011, 55.873592 ], [ 37.6584137, 55.8743018 ], [ 37.6577961, 55.874573500000011 ], [ 37.6574259, 55.875018900000015 ], [ 37.6573715, 55.8753472 ], [ 37.657342500000013, 55.875794900000017 ], [ 37.65733, 55.8766105 ], [ 37.6573038, 55.8767867 ], [ 37.6573432, 55.877185100000013 ], [ 37.6572766, 55.877361700000016 ], [ 37.6572364, 55.877574699999982 ], [ 37.6572504, 55.877759600000012 ], [ 37.657277, 55.877921 ], [ 37.657204900000011, 55.8784856 ], [ 37.657216900000016, 55.8786482 ], [ 37.6572603, 55.8787931 ], [ 37.6572972, 55.8791205 ], [ 37.657323100000013, 55.879471700000018 ], [ 37.6573669, 55.87959 ], [ 37.657478700000013, 55.8798187 ], [ 37.6576781, 55.8800413 ], [ 37.657858300000022, 55.880209300000011 ], [ 37.6584672, 55.8805993 ], [ 37.65880940000001, 55.880800900000025 ], [ 37.659300400000014, 55.8810195 ], [ 37.65964630000002, 55.881132200000032 ], [ 37.6600253, 55.881211899999983 ], [ 37.6603978, 55.881296 ], [ 37.660699700000023, 55.8814011 ], [ 37.661776, 55.8817177 ], [ 37.6623558, 55.881897 ], [ 37.6626852, 55.881968300000011 ], [ 37.6634013, 55.882035599999988 ], [ 37.663686500000011, 55.8820091 ], [ 37.663919600000014, 55.8820252 ], [ 37.664159700000013, 55.88210140000001 ], [ 37.6647889, 55.8823198 ], [ 37.665066500000016, 55.8823636 ], [ 37.6653545, 55.88235820000002 ], [ 37.6661584, 55.8821119 ], [ 37.6664599, 55.882041700000016 ], [ 37.6666109, 55.88202110000001 ], [ 37.666753, 55.882029100000011 ], [ 37.6675346, 55.8819977 ], [ 37.668493200000015, 55.8819111 ], [ 37.6692329, 55.8819135 ], [ 37.6701381, 55.88199180000003 ], [ 37.6703642, 55.88201140000001 ], [ 37.6714135, 55.8820472 ], [ 37.6719404, 55.882135700000013 ], [ 37.673636100000017, 55.88280850000001 ], [ 37.673728, 55.882872900000017 ], [ 37.673734700000011, 55.8829544 ], [ 37.6730745, 55.883160900000014 ], [ 37.672972, 55.883284900000021 ], [ 37.6729274, 55.883440400000012 ], [ 37.673027800000014, 55.8835615 ], [ 37.673232800000015, 55.8836395 ], [ 37.6739615, 55.8837998 ], [ 37.674629600000017, 55.8837453 ], [ 37.6751109, 55.8836915 ], [ 37.675916, 55.883579 ], [ 37.6763221, 55.883337200000021 ], [ 37.6765499, 55.8832084 ], [ 37.676831, 55.883104900000021 ], [ 37.677233100000016, 55.8831199 ], [ 37.677600100000021, 55.883165400000017 ], [ 37.6782704, 55.883354699999984 ], [ 37.678636, 55.883782700000012 ], [ 37.679118, 55.8841147 ], [ 37.6795666, 55.884437 ], [ 37.680037, 55.884831400000017 ], [ 37.680403100000014, 55.8851507 ], [ 37.6807399, 55.885304900000015 ], [ 37.680983900000022, 55.88551120000001 ], [ 37.681193599999986, 55.8857423 ], [ 37.6814059, 55.886064900000015 ], [ 37.6815537, 55.886443800000016 ], [ 37.6816296, 55.8872098 ], [ 37.681660100000016, 55.8875174 ], [ 37.6819036, 55.887967 ], [ 37.68287, 55.8890281 ], [ 37.6832628, 55.889427600000012 ], [ 37.6837881, 55.8900782 ], [ 37.684281400000017, 55.8905777 ], [ 37.6846787, 55.8910976 ], [ 37.6849756, 55.8917584 ], [ 37.685080700000022, 55.892380800000012 ], [ 37.685130900000011, 55.892898100000018 ], [ 37.6851857, 55.893100500000017 ], [ 37.6851833, 55.8935138 ], [ 37.6852398, 55.893662800000016 ], [ 37.6852222, 55.893909800000024 ], [ 37.6852588, 55.8940634 ], [ 37.6852542, 55.8942709 ], [ 37.6852119, 55.8943773 ], [ 37.6852017, 55.894454100000011 ], [ 37.685234500000021, 55.8950674 ], [ 37.685124499999986, 55.8951999 ], [ 37.6889089, 55.8950885 ], [ 37.694288, 55.8948748 ], [ 37.698720100000017, 55.894336 ], [ 37.7030517, 55.8934116 ], [ 37.7064346, 55.89225840000001 ], [ 37.707188300000013, 55.8923311 ], [ 37.7073434, 55.8922591 ], [ 37.7075862, 55.8921464 ], [ 37.7075818, 55.8917661 ], [ 37.71120590000001, 55.8901495 ], [ 37.719269400000023, 55.886128 ], [ 37.7197072, 55.8859102 ], [ 37.7202076, 55.8856612 ], [ 37.721481, 55.8850379 ], [ 37.724362400000011, 55.8838019 ], [ 37.7275238, 55.8839511 ], [ 37.7300654, 55.8850153 ], [ 37.7315551, 55.885618599999987 ], [ 37.732099500000011, 55.885315800000015 ], [ 37.7312592, 55.884774 ], [ 37.7308793, 55.884395800000014 ], [ 37.7303817, 55.884011900000019 ], [ 37.730193, 55.8837839 ], [ 37.7300042, 55.8835561 ], [ 37.729664800000016, 55.8830907 ], [ 37.7295603, 55.8829032 ], [ 37.72945330000001, 55.882617300000014 ], [ 37.7292302, 55.8820433 ], [ 37.729449500000015, 55.88156870000001 ], [ 37.7297017, 55.8810572 ], [ 37.730375, 55.880606700000023 ], [ 37.732369600000013, 55.879523 ], [ 37.7342601, 55.8786424 ], [ 37.733562300000017, 55.8782167 ], [ 37.732657900000014, 55.8776649 ], [ 37.731479, 55.876879400000021 ], [ 37.7311964, 55.8767665 ], [ 37.731081300000014, 55.87596 ], [ 37.731819700000017, 55.87494520000002 ], [ 37.7298326, 55.874665500000013 ], [ 37.729479, 55.8743869 ], [ 37.7285421, 55.8742591 ], [ 37.728323700000011, 55.8742146 ], [ 37.7280604, 55.874004299999989 ], [ 37.7279265, 55.8739005 ], [ 37.7275498, 55.8739242 ], [ 37.7273401, 55.87392190000002 ], [ 37.7270819, 55.8738551 ], [ 37.7265554, 55.8737993 ], [ 37.726091800000013, 55.8736398 ], [ 37.7242557, 55.873008 ], [ 37.7236286, 55.8732017 ], [ 37.723624200000017, 55.8734064 ], [ 37.7224445, 55.873632100000016 ], [ 37.721736, 55.872983 ], [ 37.719053100000011, 55.872245600000021 ], [ 37.7158133, 55.8701542 ], [ 37.715232100000023, 55.8698022 ], [ 37.711142700000011, 55.8674321 ], [ 37.709035100000023, 55.8662524 ], [ 37.707699400000024, 55.8655185 ], [ 37.7079241, 55.865336900000024 ], [ 37.7078357, 55.8652653 ], [ 37.707211900000019, 55.8647584 ], [ 37.706614100000017, 55.864285600000017 ], [ 37.706669300000016, 55.8641433 ], [ 37.7088639, 55.8631979 ], [ 37.709115900000015, 55.8625635 ], [ 37.709321900000013, 55.8610078 ], [ 37.7050396, 55.8610008 ], [ 37.7026579, 55.862557700000025 ], [ 37.70199760000002, 55.8621752 ], [ 37.7007728, 55.8614562 ], [ 37.700564, 55.8611218 ], [ 37.71047, 55.860735 ], [ 37.7149391, 55.860674299999985 ], [ 37.7179213, 55.860634200000014 ], [ 37.7182463, 55.8600081 ], [ 37.721456299999986, 55.8533645 ], [ 37.7216393, 55.8529241 ], [ 37.721005, 55.852205600000012 ], [ 37.719405, 55.851422599999985 ], [ 37.7201048, 55.8505731 ], [ 37.7193788, 55.8500444 ], [ 37.7180197, 55.84935 ], [ 37.7171278, 55.849057300000013 ], [ 37.7140751, 55.846914900000016 ], [ 37.7125031, 55.8475275 ], [ 37.7123877, 55.8474329 ], [ 37.7121601, 55.8473548 ], [ 37.7118986, 55.847355500000027 ], [ 37.7097805, 55.847542900000015 ], [ 37.70551780000001, 55.847861299999984 ], [ 37.70358670000001, 55.848773300000012 ], [ 37.6968229, 55.848160900000011 ], [ 37.69535410000001, 55.8501993 ], [ 37.6939638, 55.85180660000001 ], [ 37.694154800000021, 55.852229799999989 ], [ 37.6942482, 55.852449600000014 ], [ 37.694256900000013, 55.85247 ], [ 37.6942892, 55.8525461 ], [ 37.6944997, 55.853024600000019 ], [ 37.694675800000013, 55.853402400000022 ], [ 37.6927737, 55.855167 ], [ 37.6924303, 55.8553303 ], [ 37.692634, 55.8555098 ], [ 37.6928955, 55.855567800000024 ], [ 37.693069199999989, 55.8556987 ], [ 37.693133200000013, 55.855796600000019 ], [ 37.6925215, 55.8561333 ], [ 37.6916307, 55.85602990000001 ], [ 37.690747200000018, 55.8561774 ], [ 37.690598200000018, 55.856084300000013 ], [ 37.690243, 55.8558958 ], [ 37.6894096, 55.8559566 ], [ 37.688603400000012, 55.855284900000022 ], [ 37.6879813, 55.8555164 ], [ 37.687859700000011, 55.8554916 ], [ 37.6867899, 55.854773399999985 ], [ 37.6867679, 55.854512900000024 ], [ 37.6883279, 55.853926 ], [ 37.6923916, 55.852952500000022 ], [ 37.6918707, 55.8526024 ], [ 37.689970400000021, 55.851223100000013 ], [ 37.6922264, 55.850306700000012 ], [ 37.6908265, 55.848891900000012 ], [ 37.6902149, 55.8481906 ], [ 37.690320100000015, 55.8480054 ], [ 37.6890669, 55.847288600000013 ], [ 37.688889800000013, 55.8472001 ], [ 37.6888242, 55.8471673 ], [ 37.6866194, 55.845963200000014 ], [ 37.6865624, 55.8459342 ], [ 37.685844400000015, 55.8455421 ], [ 37.685362500000018, 55.845290400000025 ], [ 37.681388900000016, 55.8432125 ], [ 37.680257600000012, 55.8424748 ], [ 37.6784403, 55.8418234 ], [ 37.6785287, 55.8414391 ], [ 37.678533100000024, 55.8410399 ], [ 37.678457, 55.84069 ], [ 37.6782927, 55.840343 ], [ 37.6780091, 55.8399397 ], [ 37.6777382, 55.8396759 ], [ 37.6773835, 55.839389700000027 ], [ 37.676898100000017, 55.839094300000014 ], [ 37.6763165, 55.83882160000001 ], [ 37.675689400000017, 55.8386141 ], [ 37.6749644, 55.838450300000012 ], [ 37.6742063, 55.8383472 ], [ 37.6735016, 55.8383181 ], [ 37.672849100000015, 55.838336200000015 ], [ 37.6720878, 55.8384074 ], [ 37.6707205, 55.838635 ], [ 37.6702104, 55.8387396 ], [ 37.6712583, 55.838460600000019 ], [ 37.673791, 55.8378085 ], [ 37.6772835, 55.8369298 ], [ 37.6834818, 55.8353635 ], [ 37.687237600000024, 55.834387600000014 ], [ 37.6899839, 55.8335274 ], [ 37.6925475, 55.8326711 ], [ 37.694775200000016, 55.8319113 ], [ 37.6979361, 55.8308602 ], [ 37.7015746, 55.829604099999976 ], [ 37.708303500000014, 55.8273205 ], [ 37.7116618, 55.8261462 ], [ 37.7123319, 55.8258988 ], [ 37.7152745, 55.8249256 ], [ 37.721988, 55.8226231 ], [ 37.7251405, 55.8215512 ], [ 37.727082, 55.8209022 ], [ 37.7309828, 55.819578400000012 ], [ 37.733159100000016, 55.8188295 ], [ 37.734756200000014, 55.818222200000029 ], [ 37.7360045, 55.817666 ], [ 37.736608100000012, 55.8173856 ], [ 37.7373361, 55.817036400000013 ], [ 37.738501500000012, 55.8164165 ], [ 37.739794099999983, 55.815742100000016 ], [ 37.7414402, 55.814834100000013 ], [ 37.7419366, 55.8145278 ], [ 37.7428123, 55.814120300000013 ], [ 37.7451291, 55.81181950000002 ], [ 37.745930500000014, 55.8103596 ], [ 37.746013600000019, 55.809034600000011 ], [ 37.7449547, 55.8089734 ], [ 37.73929960000001, 55.8089738 ], [ 37.7381682, 55.808978 ], [ 37.7362821, 55.8089936 ], [ 37.7356356, 55.8089959 ], [ 37.735080500000016, 55.808998 ], [ 37.733934300000023, 55.8090011 ], [ 37.733604900000024, 55.8090012 ], [ 37.7333616, 55.8090021 ], [ 37.732352, 55.808999300000011 ], [ 37.7321045, 55.8089323 ], [ 37.7318134, 55.8087949 ], [ 37.731732, 55.808837200000013 ], [ 37.731395800000023, 55.809016900000024 ], [ 37.7310512, 55.8091915 ], [ 37.730151, 55.80965980000002 ], [ 37.7300727, 55.8097005 ], [ 37.7299204, 55.809779800000015 ], [ 37.729849, 55.8098175 ], [ 37.7297405, 55.809752400000015 ], [ 37.729238900000013, 55.809456300000015 ], [ 37.7285152, 55.8090271 ], [ 37.7275753, 55.8084885 ], [ 37.727467500000017, 55.8084294 ], [ 37.726705, 55.807977 ], [ 37.7266715, 55.80795710000001 ], [ 37.7266439, 55.807939700000013 ], [ 37.7266039, 55.8079159 ], [ 37.726262600000013, 55.8077143 ], [ 37.7261005, 55.8076191 ], [ 37.725030900000014, 55.8069914 ], [ 37.725003900000011, 55.8069755 ], [ 37.7249548, 55.8069442 ], [ 37.7248105, 55.8068522 ], [ 37.7247163, 55.8067943 ], [ 37.7246322, 55.806751200000015 ], [ 37.724465, 55.806665600000024 ], [ 37.724286200000016, 55.806587 ], [ 37.7240882, 55.806516 ], [ 37.723997300000015, 55.806496400000015 ], [ 37.7230279, 55.8063122 ], [ 37.722667700000017, 55.8062502 ], [ 37.7225622, 55.80623210000001 ], [ 37.722225200000011, 55.806174100000021 ], [ 37.7214936, 55.8060483 ], [ 37.7212645, 55.8060089 ], [ 37.72091, 55.8059479 ], [ 37.7184814, 55.80553530000001 ], [ 37.717950900000012, 55.8054492 ], [ 37.7178623, 55.805434200000015 ], [ 37.717758700000019, 55.8054179 ], [ 37.7175178, 55.8053753 ], [ 37.7172935, 55.805336300000015 ], [ 37.7167493, 55.8052415 ], [ 37.7163512, 55.8051741 ], [ 37.7153493, 55.805004500000017 ], [ 37.7144859, 55.80485920000001 ], [ 37.7143447, 55.8048356 ], [ 37.714198600000017, 55.8048098 ], [ 37.712297, 55.804475700000012 ], [ 37.7121779, 55.8044538 ], [ 37.7121273, 55.80444540000002 ], [ 37.711934, 55.804406700000015 ], [ 37.7116289, 55.8043372 ], [ 37.711367, 55.804223300000011 ], [ 37.70902370000001, 55.803057900000013 ], [ 37.708751100000015, 55.8028938 ], [ 37.7082499, 55.803211 ], [ 37.7079453, 55.803416 ], [ 37.7077914, 55.803533800000025 ], [ 37.7076755, 55.803656 ], [ 37.7070705, 55.80349260000002 ], [ 37.7067972, 55.803419400000017 ], [ 37.706626800000024, 55.80337280000002 ], [ 37.706139, 55.803241 ], [ 37.7058848, 55.8031724 ], [ 37.7051905, 55.8029849 ], [ 37.704567100000013, 55.80281650000002 ], [ 37.7044583, 55.80278710000001 ], [ 37.703906300000014, 55.802638 ], [ 37.7035908, 55.8025528 ], [ 37.7023722, 55.8022237 ], [ 37.699863700000023, 55.8015018 ], [ 37.699505400000014, 55.801414500000014 ], [ 37.6991528, 55.8013749 ], [ 37.698985400000012, 55.801362 ], [ 37.698803200000015, 55.801342600000012 ], [ 37.6985739, 55.8002797 ], [ 37.698917200000011, 55.7994933 ], [ 37.699827, 55.7984126 ], [ 37.701217500000013, 55.79717260000001 ], [ 37.702899800000019, 55.795754100000011 ], [ 37.7031561, 55.7955214 ], [ 37.7039839, 55.7948254 ], [ 37.7042788, 55.794559300000024 ], [ 37.704616, 55.794230400000011 ], [ 37.7048541, 55.793981 ], [ 37.705107, 55.7936955 ], [ 37.705248800000021, 55.7935311 ], [ 37.705376, 55.7933478 ], [ 37.705453, 55.793162 ], [ 37.7054872, 55.7929889 ], [ 37.705496400000015, 55.79279540000001 ], [ 37.705473, 55.792625 ], [ 37.705415700000017, 55.792473 ], [ 37.705320300000011, 55.792321500000014 ], [ 37.705201, 55.792174500000023 ], [ 37.705054900000015, 55.792040900000025 ], [ 37.7048892, 55.7919092 ], [ 37.7047163, 55.7917918 ], [ 37.704472100000018, 55.791646500000027 ], [ 37.7041328, 55.7914577 ], [ 37.7037892, 55.7912761 ], [ 37.702858500000012, 55.790777500000026 ], [ 37.7021769, 55.7904186 ], [ 37.7014682, 55.7900662 ], [ 37.7006554, 55.7896663 ], [ 37.700443900000025, 55.7895595 ], [ 37.700244200000014, 55.7894408 ], [ 37.7000354, 55.789309400000022 ], [ 37.6994151, 55.7888056 ], [ 37.6991318, 55.7883665 ], [ 37.6987112, 55.786745 ], [ 37.698831400000017, 55.785427400000017 ], [ 37.6990165, 55.7844964 ], [ 37.6992606, 55.7831349 ], [ 37.6993199, 55.7827141 ], [ 37.69938590000001, 55.78196860000002 ], [ 37.6967864, 55.7820162 ], [ 37.6963353, 55.7819443 ], [ 37.6926017, 55.7819563 ], [ 37.692249799999985, 55.7818447 ], [ 37.688821900000022, 55.781905 ], [ 37.6859981, 55.7825234 ], [ 37.6826668, 55.783163 ], [ 37.678308800000011, 55.7840196 ], [ 37.675747600000015, 55.7845303 ], [ 37.675093, 55.7846832 ], [ 37.674579, 55.784787799999989 ], [ 37.674071, 55.7848912 ], [ 37.6722787, 55.7852207 ], [ 37.6672894, 55.7861203 ], [ 37.6638545, 55.786773 ], [ 37.66254, 55.7870345 ], [ 37.6610588, 55.7873338 ], [ 37.660029600000023, 55.787523900000025 ], [ 37.6555977, 55.7883808 ], [ 37.651521500000023, 55.7893694 ], [ 37.6501467, 55.789723800000019 ], [ 37.6487563, 55.790107300000017 ], [ 37.648227800000015, 55.7902381 ], [ 37.6477311, 55.790380699999986 ], [ 37.6469971, 55.790604600000016 ], [ 37.6462952, 55.7908878 ], [ 37.645527299999983, 55.7912685 ], [ 37.6429233, 55.7930047 ], [ 37.640458900000013, 55.794598700000016 ], [ 37.638266, 55.795663100000013 ], [ 37.636499100000016, 55.7963887 ], [ 37.6353198, 55.796974 ], [ 37.634998, 55.7971338 ], [ 37.634956, 55.7969397 ], [ 37.634751800000018, 55.7960222 ] ] ] ] } },
{ "type": "Feature", "properties": { "fid": 197, "okrug": 197, "wiki_name": "Город Москва - Кунцевский одномандатный избирательный округ ", "wiki_pop": 493019, "wiki_terr": "Западный административный округ (район Дорогомилово, район Крылатское, район Кунцево, Можайский район, район Проспект Вернадского, район Раменки, район Филевский парк, район Фили-Давыдково) ", "color": "#1EF0F0", "2021_duma_oik196_Иванова": 0.0, "2021_duma_oik196_Крюков": 0.0, "2021_duma_oik196_Малинкович": 0.0, "2021_duma_oik196_Миронова": 0.0, "2021_duma_oik196_Рашкин": 0.0, "2021_duma_oik196_Рвачев": 0.0, "2021_duma_oik196_Стрельникова": 0.0, "2021_duma_oik196_Тарасов": 0.0, "2021_duma_oik196_Федоров": 0.0, "2021_duma_oik196_Янков": 0.0, "2021_duma_oik196_явка": 0.0, "2021_duma_oik196_недействительные": 0.0, "2021_duma_oik197_Гончаров": 5.06, "2021_duma_oik197_Горшкова": 2.36, "2021_duma_oik197_Лобанов": 31.65, "2021_duma_oik197_Меньшиков": 1.57, "2021_duma_oik197_Митина": 2.82, "2021_duma_oik197_Попов": 35.17, "2021_duma_oik197_Раменский": 4.55, "2021_duma_oik197_Соболев": 1.65, "2021_duma_oik197_Тарнавский": 5.84, "2021_duma_oik197_явка": 45.59, "2021_duma_oik197_недействительные": 1.85, "2021_duma_oik198_Брюханова": 0.0, "2021_duma_oik198_Власов": 0.0, "2021_duma_oik198_Голуенко": 0.0, "2021_duma_oik198_Звягинцев": 0.0, "2021_duma_oik198_Катаев": 0.0, "2021_duma_oik198_Литвинович": 0.0, "2021_duma_oik198_Мельников": 0.0, "2021_duma_oik198_Тарбаев": 0.0, "2021_duma_oik198_Хованская": 0.0, "2021_duma_oik198_явка": 0.0, "2021_duma_oik198_недействительные": 0.0, "2021_duma_oik199_Гулина": 0.0, "2021_duma_oik199_Гуличева": 0.0, "2021_duma_oik199_Катков": 0.0, "2021_duma_oik199_Киселёв": 0.0, "2021_duma_oik199_Кульнев": 0.0, "2021_duma_oik199_Прохоренкова": 0.0, "2021_duma_oik199_Рашкин": 0.0, "2021_duma_oik199_Тарасов": 0.0, "2021_duma_oik199_Толстой": 0.0, "2021_duma_oik199_Шах": 0.0, "2021_duma_oik199_Шоладеми": 0.0, "2021_duma_oik199_явка": 0.0, "2021_duma_oik199_недействительные": 0.0, "2021_duma_oik200_Бабушкин": 0.0, "2021_duma_oik200_Вельмакин": 0.0, "2021_duma_oik200_Загребной": 0.0, "2021_duma_oik200_Запотылок": 0.0, "2021_duma_oik200_Орлов": 0.0, "2021_duma_oik200_Парфенов": 0.0, "2021_duma_oik200_Певцов": 0.0, "2021_duma_oik200_Степкин": 0.0, "2021_duma_oik200_явка": 0.0, "2021_duma_oik200_недействительные": 0.0, "2021_duma_oik201_Гаспарян": 0.0, "2021_duma_oik201_Демин": 0.0, "2021_duma_oik201_Куликов": 0.0, "2021_duma_oik201_Разворотнева": 0.0, "2021_duma_oik201_Туманов": 0.0, "2021_duma_oik201_Удалова": 0.0, "2021_duma_oik201_Удальцова": 0.0, "2021_duma_oik201_Черников": 0.0, "2021_duma_oik201_явка": 0.0, "2021_duma_oik201_недействительные": 0.0, "2021_duma_oik202_Гершберг": 0.0, "2021_duma_oik202_Лапшов": 0.0, "2021_duma_oik202_Махницкий": 0.0, "2021_duma_oik202_Михайловский": 0.0, "2021_duma_oik202_Муратова": 0.0, "2021_duma_oik202_Придорожный": 0.0, "2021_duma_oik202_Саблин": 0.0, "2021_duma_oik202_Сиднев": 0.0, "2021_duma_oik202_Суханов": 0.0, "2021_duma_oik202_явка": 0.0, "2021_duma_oik202_недействительные": 0.0, "2021_duma_oik203_Казенков": 0.0, "2021_duma_oik203_Нифантьев": 0.0, "2021_duma_oik203_Пенкин": 0.0, "2021_duma_oik203_Петров": 0.0, "2021_duma_oik203_Смолич": 0.0, "2021_duma_oik203_Турушев": 0.0, "2021_duma_oik203_Шлямина": 0.0, "2021_duma_oik203_Шушлебина": 0.0, "2021_duma_oik203_Юдин": 0.0, "2021_duma_oik203_явка": 0.0, "2021_duma_oik203_недействительные": 0.0, "2021_duma_oik204_Дворак": 0.0, "2021_duma_oik204_Доможирова": 0.0, "2021_duma_oik204_Игнатьев": 0.0, "2021_duma_oik204_Измайлов": 0.0, "2021_duma_oik204_Кавказский": 0.0, "2021_duma_oik204_Курганов": 0.0, "2021_duma_oik204_Курганский": 0.0, "2021_duma_oik204_Монахов": 0.0, "2021_duma_oik204_Пресняков": 0.0, "2021_duma_oik204_Проханов": 0.0, "2021_duma_oik204_Шувалов": 0.0, "2021_duma_oik204_Яшин": 0.0, "2021_duma_oik204_явка": 0.0, "2021_duma_oik204_недействительные": 0.0, "2021_duma_oik205_Демченко": 0.0, "2021_duma_oik205_Загордан": 0.0, "2021_duma_oik205_Ищенко": 0.0, "2021_duma_oik205_Корягина": 0.0, "2021_duma_oik205_Костычева": 0.0, "2021_duma_oik205_Медведев": 0.0, "2021_duma_oik205_Обухов": 0.0, "2021_duma_oik205_Попова": 0.0, "2021_duma_oik205_Сидоров": 0.0, "2021_duma_oik205_явка": 0.0, "2021_duma_oik205_недействительные": 0.0, "2021_duma_oik206_Васильев": 0.0, "2021_duma_oik206_Гребенник": 0.0, "2021_duma_oik206_Иванова": 0.0, "2021_duma_oik206_Копкина": 0.0, "2021_duma_oik206_Мажуга": 0.0, "2021_duma_oik206_Мишарин": 0.0, "2021_duma_oik206_Пономарев": 0.0, "2021_duma_oik206_Цыба": 0.0, "2021_duma_oik206_явка": 0.0, "2021_duma_oik206_недействительные": 0.0, "2021_duma_oik207_Макаренко": 0.0, "2021_duma_oik207_Милованов": 0.0, "2021_duma_oik207_Павлинов": 0.0, "2021_duma_oik207_Пангаев": 0.0, "2021_duma_oik207_Серафонтов": 0.0, "2021_duma_oik207_Соловьев": 0.0, "2021_duma_oik207_Ульянов": 0.0, "2021_duma_oik207_Ульянченко": 0.0, "2021_duma_oik207_Хазин": 0.0, "2021_duma_oik207_Юрченко": 0.0, "2021_duma_oik207_явка": 0.0, "2021_duma_oik207_недействительные": 0.0, "2021_duma_oik208_Кошлаков-Крестовский": 0.0, "2021_duma_oik208_Леонов": 0.0, "2021_duma_oik208_Митрохин": 0.0, "2021_duma_oik208_Останина": 0.0, "2021_duma_oik208_Хараидзе": 0.0, "2021_duma_oik208_Шевченко": 0.0, "2021_duma_oik208_Широков": 0.0, "2021_duma_oik208_Юшин": 0.0, "2021_duma_oik208_Якубович": 0.0, "2021_duma_oik208_Яндиев": 0.0, "2021_duma_oik208_явка": 0.0, "2021_duma_oik208_недействительные": 0.0, "2021_duma_oik209_Волков": 0.0, "2021_duma_oik209_Ильин": 0.0, "2021_duma_oik209_Максимов": 0.0, "2021_duma_oik209_Николаев": 0.0, "2021_duma_oik209_Палюлин": 0.0, "2021_duma_oik209_Румянцев": 0.0, "2021_duma_oik209_Чирков": 0.0, "2021_duma_oik209_Шупеня": 0.0, "2021_duma_oik209_явка": 0.0, "2021_duma_oik209_недействительные": 0.0, "2021_duma_oik210_Буткеев": 0.0, "2021_duma_oik210_Коршунков": 0.0, "2021_duma_oik210_Крапухин": 0.0, "2021_duma_oik210_Начевский": 0.0, "2021_duma_oik210_Романенко": 0.0, "2021_duma_oik210_Смитиенко": 0.0, "2021_duma_oik210_Таранцов": 0.0, "2021_duma_oik210_Таращанский": 0.0, "2021_duma_oik210_Яцевский": 0.0, "2021_duma_oik210_явка": 0.0, "2021_duma_oik210_недействительные": 0.0, "2021_duma_oik196_Иванова_party": null, "2021_duma_oik196_Крюков_party": null, "2021_duma_oik196_Малинкович_party": null, "2021_duma_oik196_Миронова_party": null, "2021_duma_oik196_Рашкин_party": null, "2021_duma_oik196_Рвачев_party": null, "2021_duma_oik196_Стрельникова_party": null, "2021_duma_oik196_Тарасов_party": null, "2021_duma_oik196_Федоров_party": null, "2021_duma_oik196_Янков_party": null, "2021_duma_oik196_явка_party": null, "2021_duma_oik196_недействительные_party": null, "2021_duma_oik197_Гончаров_party": "Яблоко", "2021_duma_oik197_Горшкова_party": "Зеленая альтернатива", "2021_duma_oik197_Лобанов_party": "КПРФ", "2021_duma_oik197_Меньшиков_party": "Партия Роста", "2021_duma_oik197_Митина_party": "Коммунисты России (КПКР)", "2021_duma_oik197_Попов_party": "Единая Россия", "2021_duma_oik197_Раменский_party": "ЛДПР", "2021_duma_oik197_Соболев_party": "Родина", "2021_duma_oik197_Тарнавский_party": "Справедливая Россия", "2021_duma_oik197_явка_party": "Неизвестно", "2021_duma_oik197_недействительные_party": "Неизвестно", "2021_duma_oik198_Брюханова_party": null, "2021_duma_oik198_Власов_party": null, "2021_duma_oik198_Голуенко_party": null, "2021_duma_oik198_Звягинцев_party": null, "2021_duma_oik198_Катаев_party": null, "2021_duma_oik198_Литвинович_party": null, "2021_duma_oik198_Мельников_party": null, "2021_duma_oik198_Тарбаев_party": null, "2021_duma_oik198_Хованская_party": null, "2021_duma_oik198_явка_party": null, "2021_duma_oik198_недействительные_party": null, "2021_duma_oik199_Гулина_party": null, "2021_duma_oik199_Гуличева_party": null, "2021_duma_oik199_Катков_party": null, "2021_duma_oik199_Киселёв_party": null, "2021_duma_oik199_Кульнев_party": null, "2021_duma_oik199_Прохоренкова_party": null, "2021_duma_oik199_Рашкин_party": null, "2021_duma_oik199_Тарасов_party": null, "2021_duma_oik199_Толстой_party": null, "2021_duma_oik199_Шах_party": null, "2021_duma_oik199_Шоладеми_party": null, "2021_duma_oik199_явка_party": null, "2021_duma_oik199_недействительные_party": null, "2021_duma_oik200_Бабушкин_party": null, "2021_duma_oik200_Вельмакин_party": null, "2021_duma_oik200_Загребной_party": null, "2021_duma_oik200_Запотылок_party": null, "2021_duma_oik200_Орлов_party": null, "2021_duma_oik200_Парфенов_party": null, "2021_duma_oik200_Певцов_party": null, "2021_duma_oik200_Степкин_party": null, "2021_duma_oik200_явка_party": null, "2021_duma_oik200_недействительные_party": null, "2021_duma_oik201_Гаспарян_party": null, "2021_duma_oik201_Демин_party": null, "2021_duma_oik201_Куликов_party": null, "2021_duma_oik201_Разворотнева_party": null, "2021_duma_oik201_Туманов_party": null, "2021_duma_oik201_Удалова_party": null, "2021_duma_oik201_Удальцова_party": null, "2021_duma_oik201_Черников_party": null, "2021_duma_oik201_явка_party": null, "2021_duma_oik201_недействительные_party": null, "2021_duma_oik202_Гершберг_party": null, "2021_duma_oik202_Лапшов_party": null, "2021_duma_oik202_Махницкий_party": null, "2021_duma_oik202_Михайловский_party": null, "2021_duma_oik202_Муратова_party": null, "2021_duma_oik202_Придорожный_party": null, "2021_duma_oik202_Саблин_party": null, "2021_duma_oik202_Сиднев_party": null, "2021_duma_oik202_Суханов_party": null, "2021_duma_oik202_явка_party": null, "2021_duma_oik202_недействительные_party": null, "2021_duma_oik203_Казенков_party": null, "2021_duma_oik203_Нифантьев_party": null, "2021_duma_oik203_Пенкин_party": null, "2021_duma_oik203_Петров_party": null, "2021_duma_oik203_Смолич_party": null, "2021_duma_oik203_Турушев_party": null, "2021_duma_oik203_Шлямина_party": null, "2021_duma_oik203_Шушлебина_party": null, "2021_duma_oik203_Юдин_party": null, "2021_duma_oik203_явка_party": null, "2021_duma_oik203_недействительные_party": null, "2021_duma_oik204_Дворак_party": null, "2021_duma_oik204_Доможирова_party": null, "2021_duma_oik204_Игнатьев_party": null, "2021_duma_oik204_Измайлов_party": null, "2021_duma_oik204_Кавказский_party": null, "2021_duma_oik204_Курганов_party": null, "2021_duma_oik204_Курганский_party": null, "2021_duma_oik204_Монахов_party": null, "2021_duma_oik204_Пресняков_party": null, "2021_duma_oik204_Проханов_party": null, "2021_duma_oik204_Шувалов_party": null, "2021_duma_oik204_Яшин_party": null, "2021_duma_oik204_явка_party": null, "2021_duma_oik204_недействительные_party": null, "2021_duma_oik205_Демченко_party": null, "2021_duma_oik205_Загордан_party": null, "2021_duma_oik205_Ищенко_party": null, "2021_duma_oik205_Корягина_party": null, "2021_duma_oik205_Костычева_party": null, "2021_duma_oik205_Медведев_party": null, "2021_duma_oik205_Обухов_party": null, "2021_duma_oik205_Попова_party": null, "2021_duma_oik205_Сидоров_party": null, "2021_duma_oik205_явка_party": null, "2021_duma_oik205_недействительные_party": null, "2021_duma_oik206_Васильев_party": null, "2021_duma_oik206_Гребенник_party": null, "2021_duma_oik206_Иванова_party": null, "2021_duma_oik206_Копкина_party": null, "2021_duma_oik206_Мажуга_party": null, "2021_duma_oik206_Мишарин_party": null, "2021_duma_oik206_Пономарев_party": null, "2021_duma_oik206_Цыба_party": null, "2021_duma_oik206_явка_party": null, "2021_duma_oik206_недействительные_party": null, "2021_duma_oik207_Макаренко_party": null, "2021_duma_oik207_Милованов_party": null, "2021_duma_oik207_Павлинов_party": null, "2021_duma_oik207_Пангаев_party": null, "2021_duma_oik207_Серафонтов_party": null, "2021_duma_oik207_Соловьев_party": null, "2021_duma_oik207_Ульянов_party": null, "2021_duma_oik207_Ульянченко_party": null, "2021_duma_oik207_Хазин_party": null, "2021_duma_oik207_Юрченко_party": null, "2021_duma_oik207_явка_party": null, "2021_duma_oik207_недействительные_party": null, "2021_duma_oik208_Кошлаков-Крестовский_party": null, "2021_duma_oik208_Леонов_party": null, "2021_duma_oik208_Митрохин_party": null, "2021_duma_oik208_Останина_party": null, "2021_duma_oik208_Хараидзе_party": null, "2021_duma_oik208_Шевченко_party": null, "2021_duma_oik208_Широков_party": null, "2021_duma_oik208_Юшин_party": null, "2021_duma_oik208_Якубович_party": null, "2021_duma_oik208_Яндиев_party": null, "2021_duma_oik208_явка_party": null, "2021_duma_oik208_недействительные_party": null, "2021_duma_oik209_Волков_party": null, "2021_duma_oik209_Ильин_party": null, "2021_duma_oik209_Максимов_party": null, "2021_duma_oik209_Николаев_party": null, "2021_duma_oik209_Палюлин_party": null, "2021_duma_oik209_Румянцев_party": null, "2021_duma_oik209_Чирков_party": null, "2021_duma_oik209_Шупеня_party": null, "2021_duma_oik209_явка_party": null, "2021_duma_oik209_недействительные_party": null, "2021_duma_oik210_Буткеев_party": null, "2021_duma_oik210_Коршунков_party": null, "2021_duma_oik210_Крапухин_party": null, "2021_duma_oik210_Начевский_party": null, "2021_duma_oik210_Романенко_party": null, "2021_duma_oik210_Смитиенко_party": null, "2021_duma_oik210_Таранцов_party": null, "2021_duma_oik210_Таращанский_party": null, "2021_duma_oik210_Яцевский_party": null, "2021_duma_oik210_явка_party": null, "2021_duma_oik210_недействительные_party": null }, "geometry": { "type": "MultiPolygon", "coordinates": [ [ [ [ 36.9127025, 55.747511300000014 ], [ 36.915982700000015, 55.7466723 ], [ 36.9169112, 55.7466262 ], [ 36.921019300000012, 55.7465802 ], [ 36.922019900000016, 55.7472923 ], [ 36.9249543, 55.749084700000012 ], [ 36.9276818, 55.750703699999988 ], [ 36.928504400000016, 55.7511747 ], [ 36.930924, 55.7522495 ], [ 36.931915, 55.75260140000001 ], [ 36.9323143, 55.7526393 ], [ 36.9329204, 55.752636600000024 ], [ 36.933185, 55.7541499 ], [ 36.933218600000011, 55.7544071 ], [ 36.9340027, 55.7544991 ], [ 36.9341134, 55.754488300000013 ], [ 36.9342192, 55.7545478 ], [ 36.935835500000024, 55.754826700000024 ], [ 36.937225800000014, 55.7550297 ], [ 36.937538400000022, 55.755027 ], [ 36.9376635, 55.7550811 ], [ 36.9386833, 55.755249 ], [ 36.9394915, 55.755416800000013 ], [ 36.941920800000013, 55.755809300000031 ], [ 36.944874400000018, 55.7563047 ], [ 36.9481311, 55.756832500000016 ], [ 36.953066600000014, 55.757631 ], [ 36.9569823, 55.7582753 ], [ 36.96428460000002, 55.7594337 ], [ 36.968056, 55.7600373 ], [ 36.970427600000015, 55.7584268 ], [ 36.971808200000012, 55.757945 ], [ 36.9706585, 55.7557498 ], [ 36.962552900000013, 55.755414100000017 ], [ 36.9593587, 55.755276 ], [ 36.959046, 55.7561044 ], [ 36.958261899999989, 55.757276399999988 ], [ 36.9576558, 55.7572223 ], [ 36.957574, 55.757317 ], [ 36.957107400000019, 55.758245500000015 ], [ 36.9569246, 55.7582076 ], [ 36.957400900000017, 55.7572683 ], [ 36.9574778, 55.7572277 ], [ 36.9579204, 55.7557633 ], [ 36.9572036, 55.754358400000015 ], [ 36.956737, 55.75426090000002 ], [ 36.9563714, 55.7539658 ], [ 36.9563714, 55.7538494 ], [ 36.957434500000012, 55.751949 ], [ 36.957728, 55.751637700000011 ], [ 36.958194600000013, 55.7512045 ], [ 36.958930600000016, 55.751009600000025 ], [ 36.959859, 55.75083630000001 ], [ 36.960609400000017, 55.7506549 ], [ 36.9599841, 55.750500600000017 ], [ 36.959262500000015, 55.750007900000014 ], [ 36.9590075, 55.7498752 ], [ 36.9612733, 55.7494691 ], [ 36.961311799999983, 55.7494285 ], [ 36.9612877, 55.7492769 ], [ 36.961634100000012, 55.749195700000023 ], [ 36.96361120000001, 55.748153300000013 ], [ 36.964457800000012, 55.747793200000018 ], [ 36.9644145, 55.7476768 ], [ 36.9663531, 55.747452100000018 ], [ 36.9669592, 55.747457500000031 ], [ 36.967286400000013, 55.747698400000019 ], [ 36.9675509, 55.747925900000013 ], [ 36.968277300000011, 55.7487923 ], [ 36.9681319, 55.7495498 ], [ 36.970389600000011, 55.7495426 ], [ 36.971040400000021, 55.75149990000002 ], [ 36.971064500000011, 55.7518464 ], [ 36.9713387, 55.7518573 ], [ 36.9717064, 55.7524008 ], [ 36.9719413, 55.7532774 ], [ 36.971825800000012, 55.7533667 ], [ 36.9720134, 55.7539217 ], [ 36.9722925, 55.753399200000011 ], [ 36.972177, 55.7528009 ], [ 36.971833800000013, 55.7521907 ], [ 36.97322530000001, 55.7520297 ], [ 36.975605100000017, 55.7515668 ], [ 36.9760092, 55.751390800000024 ], [ 36.9768203, 55.7512216 ], [ 36.9772476, 55.751167800000012 ], [ 36.977839200000012, 55.751167800000012 ], [ 36.978055699999985, 55.7511083 ], [ 36.9781856, 55.751192200000013 ], [ 36.9776597, 55.751584200000011 ], [ 36.977782600000012, 55.7517564 ], [ 36.9797826, 55.75378 ], [ 36.9801621, 55.7542061 ], [ 36.980388199999986, 55.7546392 ], [ 36.9807915, 55.7559098 ], [ 36.976354100000023, 55.75694080000001 ], [ 36.974935, 55.7572142 ], [ 36.9757432, 55.758375399999984 ], [ 36.9769506, 55.75926590000001 ], [ 36.9776241, 55.759745 ], [ 36.9787545, 55.760486600000014 ], [ 36.9808471, 55.7597991 ], [ 36.9819823, 55.759366100000022 ], [ 36.9822613, 55.7590873 ], [ 36.9832282, 55.7587922 ], [ 36.983641900000016, 55.758684 ], [ 36.98339660000002, 55.7585486 ], [ 36.9840749, 55.7581047 ], [ 36.9833726, 55.7577745 ], [ 36.9832042, 55.7578747 ], [ 36.98271350000001, 55.7576446 ], [ 36.9869564, 55.7546642 ], [ 36.986711, 55.7528776 ], [ 36.98737490000002, 55.7519382 ], [ 36.987307500000014, 55.75178660000001 ], [ 36.9846858, 55.750370700000012 ], [ 36.9845415, 55.7502597 ], [ 36.98723540000001, 55.749111699999986 ], [ 36.988846900000013, 55.74861360000002 ], [ 36.989554, 55.7487137 ], [ 36.9899437, 55.7490549 ], [ 36.9899966, 55.7493987 ], [ 36.991117399999986, 55.748432200000025 ], [ 36.9884043, 55.747300400000022 ], [ 36.9878944, 55.7470892 ], [ 36.9876346, 55.7466804 ], [ 36.987528800000021, 55.7465938 ], [ 36.9873364, 55.746526099999983 ], [ 36.9873989, 55.7464665 ], [ 36.985008100000016, 55.7454836 ], [ 36.986177100000013, 55.7445116 ], [ 36.986720600000012, 55.744703800000018 ], [ 36.986744700000024, 55.7446605 ], [ 36.987245, 55.7448121 ], [ 36.988272600000016, 55.744932300000016 ], [ 36.988580400000018, 55.744925500000015 ], [ 36.990174100000011, 55.7447577 ], [ 36.9920502, 55.7447089 ], [ 36.9922041, 55.74515030000002 ], [ 36.9925312, 55.745142100000017 ], [ 36.9926707, 55.745199 ], [ 36.9930267, 55.745894900000025 ], [ 36.993363400000021, 55.746793800000013 ], [ 36.993349, 55.746953500000018 ], [ 36.9951626, 55.74769 ], [ 36.994128300000014, 55.7482234 ], [ 36.9937964, 55.748518500000017 ], [ 36.993219100000019, 55.74878380000002 ], [ 36.9926467, 55.7490654 ], [ 36.9917856, 55.7486864 ], [ 36.9915739, 55.7488271 ], [ 36.9915788, 55.748859600000024 ], [ 36.99203090000001, 55.748886699999979 ], [ 36.992608200000021, 55.7491656 ], [ 36.994210099999989, 55.748456200000014 ], [ 36.9950134, 55.748304600000012 ], [ 36.9959948, 55.7473461 ], [ 36.9986934, 55.747866 ], [ 36.998934, 55.747671 ], [ 37.0012911, 55.7483371 ], [ 37.0045814, 55.748567199999982 ], [ 37.0060342, 55.749596 ], [ 37.0072657, 55.7485537 ], [ 37.0081556, 55.747727900000015 ], [ 37.0079392, 55.747749600000013 ], [ 37.0056927, 55.746858800000012 ], [ 37.003018, 55.745540200000015 ], [ 37.003008400000013, 55.745421 ], [ 37.0025274, 55.7453804 ], [ 37.002070400000022, 55.745651200000012 ], [ 37.0015124, 55.7453994 ], [ 37.000954400000012, 55.7449905 ], [ 37.0007667, 55.7443813 ], [ 37.0012334, 55.7441836 ], [ 37.0006561, 55.7436745 ], [ 37.000555100000021, 55.743707 ], [ 36.9999057, 55.7435717 ], [ 36.9998383, 55.74369080000001 ], [ 36.9993958, 55.743609600000028 ], [ 36.9993813, 55.7434931 ], [ 37.0000692, 55.7430599 ], [ 37.0001077, 55.7429705 ], [ 36.999492, 55.7431492 ], [ 36.9992803, 55.7426293 ], [ 36.9991312, 55.742439800000028 ], [ 36.99927550000001, 55.742274600000016 ], [ 37.0013729, 55.7416572 ], [ 37.0016663, 55.7416437 ], [ 37.0019886, 55.7419848 ], [ 37.0022003, 55.7419307 ], [ 37.00254180000001, 55.7423802 ], [ 37.002792, 55.742594100000012 ], [ 37.002921800000017, 55.742594100000012 ], [ 37.0030758, 55.7427214 ], [ 37.003186400000011, 55.7427214 ], [ 37.003528, 55.742943400000016 ], [ 37.0035039, 55.7431465 ], [ 37.0035809, 55.743151900000015 ], [ 37.003749200000016, 55.743319800000023 ], [ 37.0035761, 55.7434173 ], [ 37.0042014, 55.7438858 ], [ 37.005471400000012, 55.7446737 ], [ 37.005476200000011, 55.744717 ], [ 37.006058300000021, 55.745031100000013 ], [ 37.0064816, 55.7452288 ], [ 37.0066403, 55.745394 ], [ 37.006775, 55.745442700000012 ], [ 37.0068953, 55.7453317 ], [ 37.007905500000014, 55.7457053 ], [ 37.008054600000015, 55.745810900000016 ], [ 37.0087762, 55.7460167 ], [ 37.0087906, 55.7460898 ], [ 37.009517, 55.7462063 ], [ 37.0095362, 55.746043800000024 ], [ 37.0099692, 55.74606 ], [ 37.0099307, 55.746273900000013 ], [ 37.010176, 55.746303700000013 ], [ 37.010180800000022, 55.746387700000014 ], [ 37.0104695, 55.7464283 ], [ 37.0104743, 55.746330800000017 ], [ 37.0106282, 55.7463443 ], [ 37.010989, 55.74641470000001 ], [ 37.011191, 55.746493300000012 ], [ 37.0112199, 55.746385 ], [ 37.011494100000014, 55.7464174 ], [ 37.011479700000017, 55.746542 ], [ 37.0119463, 55.746607 ], [ 37.012451400000025, 55.74665030000002 ], [ 37.0123022, 55.7464554 ], [ 37.0163334, 55.7462604 ], [ 37.0202347, 55.7450013 ], [ 37.0204704, 55.7454183 ], [ 37.0238426, 55.7429299 ], [ 37.024496800000016, 55.7404846 ], [ 37.023876199999982, 55.739171200000015 ], [ 37.0229863, 55.736305899999984 ], [ 37.022688, 55.7363439 ], [ 37.022567800000019, 55.7361109 ], [ 37.0228805, 55.73605950000001 ], [ 37.0227842, 55.7358753 ], [ 37.0227554, 55.7356939 ], [ 37.0220816, 55.7350277 ], [ 37.021966500000012, 55.7349139 ], [ 37.025125, 55.7345303 ], [ 37.025081700000015, 55.7344274 ], [ 37.025404, 55.7343814 ], [ 37.026048600000024, 55.7343489 ], [ 37.0266403, 55.7342378 ], [ 37.0278044, 55.7342107 ], [ 37.02844420000001, 55.7340726 ], [ 37.0289012, 55.7341051 ], [ 37.029117700000015, 55.7339643 ], [ 37.029040700000017, 55.733828799999984 ], [ 37.0282566, 55.7340049 ], [ 37.02741, 55.734115900000013 ], [ 37.0267846, 55.7341376 ], [ 37.025740700000021, 55.734018399999982 ], [ 37.024836400000019, 55.73378550000001 ], [ 37.0239512, 55.7334849 ], [ 37.0233049, 55.733109100000014 ], [ 37.024018600000012, 55.732257900000015 ], [ 37.0272512, 55.733520100000014 ], [ 37.0297623, 55.7322119 ], [ 37.0316287, 55.732163100000022 ], [ 37.0332835, 55.7318949 ], [ 37.0347315, 55.7319627 ], [ 37.035929300000014, 55.7321848 ], [ 37.038907, 55.7316322 ], [ 37.040143300000011, 55.7312151 ], [ 37.0405377, 55.7308982 ], [ 37.0414517, 55.730353700000016 ], [ 37.043381, 55.7285276 ], [ 37.0446605, 55.7281321 ], [ 37.046774700000014, 55.726823100000011 ], [ 37.047857, 55.7249973 ], [ 37.048059, 55.724366 ], [ 37.048241800000014, 55.723436800000016 ], [ 37.048136, 55.722309800000026 ], [ 37.0478618, 55.7217625 ], [ 37.047005600000013, 55.7211664 ], [ 37.0452882, 55.720724800000013 ], [ 37.0431428, 55.7209253 ], [ 37.0431957, 55.720112500000013 ], [ 37.042642500000014, 55.7193511 ], [ 37.0421662, 55.7194595 ], [ 37.041425400000016, 55.7194541 ], [ 37.0413966, 55.719191300000013 ], [ 37.0419882, 55.7192048 ], [ 37.042589500000012, 55.719058500000024 ], [ 37.0428108, 55.7192996 ], [ 37.044696500000015, 55.7186629 ], [ 37.0455287, 55.7185681 ], [ 37.0466496, 55.718714400000017 ], [ 37.047592400000021, 55.7187469 ], [ 37.051594500000022, 55.7182081 ], [ 37.0529802, 55.7182592 ], [ 37.05365840000001, 55.71865750000002 ], [ 37.0540308, 55.7201737 ], [ 37.0486238, 55.7212222 ], [ 37.0488163, 55.7218156 ], [ 37.049932300000016, 55.7218942 ], [ 37.051856500000014, 55.7221813 ], [ 37.0546273, 55.7235495 ], [ 37.060775100000022, 55.723240700000019 ], [ 37.064382900000012, 55.7230564 ], [ 37.065167, 55.7222382 ], [ 37.0652344, 55.7222382 ], [ 37.0674953, 55.7230429 ], [ 37.067798400000015, 55.7231892 ], [ 37.0682166, 55.7228916 ], [ 37.0691643, 55.7234714 ], [ 37.069366300000013, 55.7242733 ], [ 37.069299, 55.7259854 ], [ 37.0697223, 55.727865400000013 ], [ 37.070237, 55.7290194 ], [ 37.0718966, 55.7298104 ], [ 37.0737775, 55.7301381 ], [ 37.075769, 55.729851 ], [ 37.079016100000011, 55.7283476 ], [ 37.0809499, 55.727919600000021 ], [ 37.085250500000022, 55.7278573 ], [ 37.088468700000014, 55.7272099 ], [ 37.088786200000015, 55.7277923 ], [ 37.0897098, 55.727583700000011 ], [ 37.093231, 55.7276948 ], [ 37.093827500000017, 55.728128200000015 ], [ 37.0943423, 55.7281417 ], [ 37.095059, 55.728079399999984 ], [ 37.09622310000001, 55.726332200000016 ], [ 37.0969688, 55.7259691 ], [ 37.0987727, 55.7258093 ], [ 37.101745600000022, 55.725457100000014 ], [ 37.101774400000018, 55.7256928 ], [ 37.101856200000014, 55.725774100000017 ], [ 37.103289700000019, 55.7258229 ], [ 37.103693800000016, 55.726050400000013 ], [ 37.1040834, 55.7263105 ], [ 37.1052476, 55.7263918 ], [ 37.108028, 55.726294200000012 ], [ 37.1081627, 55.726253599999986 ], [ 37.110471, 55.726453 ], [ 37.11124070000001, 55.7265803 ], [ 37.1125491, 55.726981200000012 ], [ 37.1132562, 55.7272846 ], [ 37.1139201, 55.727653 ], [ 37.1145406, 55.727815600000021 ], [ 37.114891800000017, 55.7280079 ], [ 37.1152478, 55.7282409 ], [ 37.1152574, 55.728395300000017 ], [ 37.115877900000022, 55.728793500000016 ], [ 37.115964499999983, 55.7287447 ], [ 37.1172153, 55.729579 ], [ 37.119303, 55.730911700000021 ], [ 37.1198177, 55.7311988 ], [ 37.1203373, 55.7316755 ], [ 37.1206692, 55.732731900000012 ], [ 37.119538700000014, 55.7347226 ], [ 37.115969300000017, 55.7361039 ], [ 37.114434799999984, 55.7347389 ], [ 37.112520200000013, 55.7331084 ], [ 37.1110675, 55.7321848 ], [ 37.110769200000014, 55.732604600000023 ], [ 37.1103267, 55.733124600000011 ], [ 37.108080200000011, 55.7343705 ], [ 37.107916600000024, 55.7345655 ], [ 37.1077483, 55.73468740000002 ], [ 37.106473499999986, 55.7341566 ], [ 37.1057712, 55.7339372 ], [ 37.105266100000016, 55.733842400000015 ], [ 37.104804300000012, 55.7338045 ], [ 37.1041981, 55.7338478 ], [ 37.1036786, 55.7339209 ], [ 37.103207200000014, 55.734026600000014 ], [ 37.102966700000017, 55.73412410000001 ], [ 37.1026973, 55.733969700000024 ], [ 37.1052468, 55.7325179 ], [ 37.1050592, 55.7323771 ], [ 37.103822900000011, 55.7325071 ], [ 37.1032457, 55.7324908 ], [ 37.101441700000017, 55.7321008 ], [ 37.1013888, 55.732030400000014 ], [ 37.100989600000013, 55.731873300000011 ], [ 37.100008200000012, 55.731634900000017 ], [ 37.0970209, 55.7315564 ], [ 37.096313800000011, 55.7315862 ], [ 37.0961502, 55.730816900000022 ], [ 37.0969103, 55.7307844 ], [ 37.0967131, 55.730513499999986 ], [ 37.0958857, 55.730481 ], [ 37.095832700000024, 55.730356400000019 ], [ 37.0952795, 55.729644 ], [ 37.094558, 55.7291023 ], [ 37.0943655, 55.7285632 ], [ 37.09295130000001, 55.7292973 ], [ 37.0913734, 55.730158700000011 ], [ 37.0907144, 55.730302300000012 ], [ 37.088674800000014, 55.730416 ], [ 37.0877896, 55.730600200000012 ], [ 37.0872509, 55.73076 ], [ 37.085928, 55.731464300000027 ], [ 37.084778300000011, 55.731897700000026 ], [ 37.083792100000011, 55.7321387 ], [ 37.0824452, 55.732461 ], [ 37.0820508, 55.7326723 ], [ 37.080732700000013, 55.733801800000016 ], [ 37.080261300000018, 55.7343624 ], [ 37.079597400000011, 55.735294100000011 ], [ 37.080116900000014, 55.73504490000002 ], [ 37.0805114, 55.735269700000018 ], [ 37.0801554, 55.7353916 ], [ 37.0801506, 55.735537900000011 ], [ 37.079813900000012, 55.7356354 ], [ 37.081257, 55.7360199 ], [ 37.081637100000016, 55.7360497 ], [ 37.082560700000016, 55.7372739 ], [ 37.084225100000019, 55.738736300000028 ], [ 37.0845522, 55.7390477 ], [ 37.084306900000016, 55.7391046 ], [ 37.084864900000014, 55.73988720000002 ], [ 37.0848985, 55.740114700000021 ], [ 37.085456600000015, 55.7406157 ], [ 37.0860434, 55.7415987 ], [ 37.0883813, 55.74140640000001 ], [ 37.089598400000014, 55.7412115 ], [ 37.08989660000001, 55.741271 ], [ 37.0926626, 55.743621500000025 ], [ 37.0932255, 55.7434536 ], [ 37.0942886, 55.74356190000001 ], [ 37.094795800000014, 55.743573 ], [ 37.0955249, 55.743589 ], [ 37.0971845, 55.7437812 ], [ 37.0983823, 55.743578100000015 ], [ 37.1046648, 55.7422567 ], [ 37.1067573, 55.741831600000012 ], [ 37.107387499999987, 55.7415743 ], [ 37.1120681, 55.738999 ], [ 37.1120055, 55.738462799999986 ], [ 37.1116255, 55.7380078 ], [ 37.111967, 55.737894100000013 ], [ 37.112909900000012, 55.737720700000018 ], [ 37.1164023, 55.737504100000017 ], [ 37.1169218, 55.736586 ], [ 37.12201610000001, 55.7348608 ], [ 37.1217323, 55.734013 ], [ 37.121588, 55.733888400000012 ], [ 37.122857900000014, 55.7328673 ], [ 37.126869900000024, 55.728826 ], [ 37.1277753, 55.728082300000011 ], [ 37.126227400000012, 55.726987200000011 ], [ 37.1249704, 55.726428900000016 ], [ 37.1229851, 55.725674700000013 ], [ 37.1218787, 55.7251676 ], [ 37.1216911, 55.7249996 ], [ 37.1201507, 55.7242212 ], [ 37.119290100000015, 55.7238615 ], [ 37.1192708, 55.7238235 ], [ 37.120942, 55.722530100000021 ], [ 37.1211007, 55.722318800000011 ], [ 37.1222544, 55.721647899999986 ], [ 37.123073, 55.721197100000012 ], [ 37.120384, 55.7202137 ], [ 37.119484400000019, 55.720013200000018 ], [ 37.11889750000001, 55.7208232 ], [ 37.118560800000012, 55.720761 ], [ 37.116737600000015, 55.7199401 ], [ 37.1148678, 55.718593400000017 ], [ 37.1120866, 55.71706260000002 ], [ 37.1125331, 55.716707400000011 ], [ 37.113009500000011, 55.716102700000015 ], [ 37.1107959, 55.715915400000014 ], [ 37.1076668, 55.7156382 ], [ 37.107676399999988, 55.7160637 ], [ 37.1065818, 55.715800600000016 ], [ 37.1058073, 55.7157871 ], [ 37.1057688, 55.7159334 ], [ 37.1056197, 55.716133900000024 ], [ 37.1041179, 55.7163682 ], [ 37.10092070000001, 55.716288600000013 ], [ 37.100680200000021, 55.716226200000023 ], [ 37.0964024, 55.716299900000017 ], [ 37.09639940000001, 55.715582600000012 ], [ 37.093865100000023, 55.715662900000019 ], [ 37.091605, 55.7156363 ], [ 37.091605, 55.715576700000021 ], [ 37.0855047, 55.715347200000011 ], [ 37.081035700000015, 55.7152985 ], [ 37.0802324, 55.715247 ], [ 37.0792511, 55.7151305 ], [ 37.0792366, 55.7151874 ], [ 37.07868340000001, 55.7151034 ], [ 37.0776011, 55.71585670000001 ], [ 37.0754412, 55.7174039 ], [ 37.0727233, 55.7193494 ], [ 37.069485800000017, 55.7216388 ], [ 37.0682159, 55.7224814 ], [ 37.067831, 55.7226277 ], [ 37.065411400000023, 55.721722800000016 ], [ 37.063304400000014, 55.721178200000011 ], [ 37.0616544, 55.7203735 ], [ 37.0601391, 55.7188833 ], [ 37.0596388, 55.717569200000021 ], [ 37.0596484, 55.7157645 ], [ 37.059181800000012, 55.713401600000012 ], [ 37.058392900000023, 55.712052 ], [ 37.0566082, 55.7106862 ], [ 37.0545397, 55.7097566 ], [ 37.0523028, 55.709312200000014 ], [ 37.046482200000014, 55.7090709 ], [ 37.0399688, 55.708843300000012 ], [ 37.0379436, 55.7091739 ], [ 37.0367891, 55.709762 ], [ 37.035394, 55.7110656 ], [ 37.034234700000013, 55.71325250000001 ], [ 37.0338403, 55.7139869 ], [ 37.032685800000024, 55.7137512 ], [ 37.028890300000015, 55.7126455 ], [ 37.0284044, 55.71259950000001 ], [ 37.027514500000017, 55.7123285 ], [ 37.026663, 55.711851499999987 ], [ 37.025162200000011, 55.7104992 ], [ 37.0246619, 55.7097268 ], [ 37.0261964, 55.7095317 ], [ 37.026307100000011, 55.709588600000011 ], [ 37.0266438, 55.7095588 ], [ 37.0270286, 55.709970700000014 ], [ 37.026292600000019, 55.71031760000001 ], [ 37.026716, 55.7108271 ], [ 37.0275626, 55.71049110000002 ], [ 37.0284574, 55.7110331 ], [ 37.0283176, 55.7115572 ], [ 37.028936600000016, 55.711837 ], [ 37.029147500000015, 55.7118178 ], [ 37.031270100000022, 55.710361400000018 ], [ 37.0326443, 55.709338100000025 ], [ 37.033032100000014, 55.7092001 ], [ 37.033304200000018, 55.7090046 ], [ 37.03366470000001, 55.7084489 ], [ 37.0352703, 55.7075022 ], [ 37.0350798, 55.7071189 ], [ 37.03421580000002, 55.707141900000011 ], [ 37.0341341, 55.7071955 ], [ 37.033780400000012, 55.7071993 ], [ 37.03376, 55.7068199 ], [ 37.0344063, 55.7068122 ], [ 37.0343518, 55.70632160000001 ], [ 37.034698800000015, 55.706306300000016 ], [ 37.034692, 55.7062296 ], [ 37.029045500000016, 55.7062679 ], [ 37.0256168, 55.7063293 ], [ 37.023473800000012, 55.706432700000022 ], [ 37.0231541, 55.706336900000018 ], [ 37.022538, 55.7063641 ], [ 37.0203308, 55.7064787 ], [ 37.020344400000013, 55.7067969 ], [ 37.0201063, 55.7067931 ], [ 37.0200859, 55.7064787 ], [ 37.0174123, 55.7065554 ], [ 37.0172354, 55.705367100000018 ], [ 37.013650200000015, 55.705302 ], [ 37.0110651, 55.7053211 ], [ 37.0041736, 55.705413099999987 ], [ 37.003711, 55.7060341 ], [ 37.0032212, 55.7062373 ], [ 37.00235720000002, 55.7062488 ], [ 37.002901500000014, 55.706850500000016 ], [ 37.0029219, 55.707003900000011 ], [ 37.001452400000019, 55.7070499 ], [ 37.000799300000011, 55.7071457 ], [ 37.0001598, 55.707391 ], [ 36.995635800000017, 55.710008800000011 ], [ 36.992043800000012, 55.7120899 ], [ 36.9928534, 55.7123007 ], [ 36.992969, 55.712201100000023 ], [ 36.993717399999987, 55.712316 ], [ 36.994009900000023, 55.7119979 ], [ 36.995880700000015, 55.712312200000014 ], [ 36.9961256, 55.712070800000021 ], [ 36.997908, 55.712477 ], [ 36.9980305, 55.7122892 ], [ 36.9979489, 55.711883 ], [ 36.997969300000015, 55.7113234 ], [ 36.99750670000001, 55.711059 ], [ 36.997751600000015, 55.710806 ], [ 36.9978196, 55.7108098 ], [ 36.9981393, 55.710507100000015 ], [ 36.998527100000011, 55.71023490000001 ], [ 36.9994115, 55.7093074 ], [ 36.9996904, 55.708885800000019 ], [ 37.0002415, 55.707885400000016 ], [ 37.002044300000023, 55.7080848 ], [ 37.001928600000014, 55.7091924 ], [ 37.0019422, 55.709583400000014 ], [ 37.002119100000016, 55.7097367 ], [ 37.0023436, 55.7097865 ], [ 37.0029355, 55.7098747 ], [ 37.0033641, 55.7107485 ], [ 37.001915, 55.711009100000012 ], [ 37.0015136, 55.7111509 ], [ 37.0016701, 55.7113771 ], [ 37.0020035, 55.711599400000011 ], [ 37.0020783, 55.7119366 ], [ 37.00093540000001, 55.7119328 ], [ 37.00061560000001, 55.711745 ], [ 37.00037750000002, 55.711515 ], [ 37.000017, 55.711561 ], [ 36.9992618, 55.7123237 ], [ 36.999289, 55.7124502 ], [ 36.9991054, 55.7124847 ], [ 36.9991054, 55.7126801 ], [ 36.9989761, 55.713186 ], [ 36.9995067, 55.713446600000019 ], [ 37.0022075, 55.7138413 ], [ 37.0029763, 55.7141632 ], [ 37.003350500000018, 55.713803 ], [ 37.004126, 55.7142246 ], [ 37.004234800000013, 55.714351 ], [ 37.0037995, 55.714561800000013 ], [ 37.004071600000017, 55.7146538 ], [ 37.005024, 55.7152593 ], [ 37.005058, 55.715447 ], [ 37.006690700000014, 55.715830300000015 ], [ 37.007119300000014, 55.7153781 ], [ 37.007343800000022, 55.715274600000022 ], [ 37.007813200000015, 55.7147496 ], [ 37.0110243, 55.71522860000001 ], [ 37.0119359, 55.714649900000012 ], [ 37.0132216, 55.712158900000013 ], [ 37.0130244, 55.710353800000021 ], [ 37.011085500000014, 55.710403600000021 ], [ 37.009432400000023, 55.7074907 ], [ 37.013521, 55.7072952 ], [ 37.013521, 55.706785400000022 ], [ 37.0152353, 55.7066819 ], [ 37.0152353, 55.7066014 ], [ 37.0158612, 55.7066014 ], [ 37.015930400000016, 55.707056700000017 ], [ 37.0206459, 55.706919300000017 ], [ 37.020724800000011, 55.708415900000013 ], [ 37.023435700000014, 55.7090155 ], [ 37.0242523, 55.709585700000012 ], [ 37.0229192, 55.7101071 ], [ 37.0197019, 55.7107038 ], [ 37.0148396, 55.710763300000025 ], [ 37.0148612, 55.7112238 ], [ 37.01495640000001, 55.711227600000015 ], [ 37.015269400000022, 55.7114997 ], [ 37.0164191, 55.7133891 ], [ 37.0166708, 55.713898800000017 ], [ 37.017371500000017, 55.7156616 ], [ 37.0147591, 55.7162173 ], [ 37.011670600000016, 55.7158647 ], [ 37.011915500000015, 55.71650850000001 ], [ 37.012799900000012, 55.718566300000013 ], [ 37.0119699, 55.7202906 ], [ 37.01214, 55.720424700000031 ], [ 37.011378, 55.72045150000001 ], [ 37.0108338, 55.7202753 ], [ 37.0103644, 55.7198653 ], [ 37.009663700000011, 55.7197005 ], [ 37.0088745, 55.71985 ], [ 37.00832350000001, 55.719819300000012 ], [ 37.0089017, 55.721754299999986 ], [ 37.009207900000014, 55.72224850000002 ], [ 37.0093575, 55.7226892 ], [ 37.009323500000015, 55.7229842 ], [ 37.008833700000018, 55.723103 ], [ 37.0070581, 55.723202600000022 ], [ 37.006962900000012, 55.723421 ], [ 37.006541100000021, 55.7236815 ], [ 37.0067179, 55.7247933 ], [ 37.0060733, 55.725324300000018 ], [ 37.004534, 55.7248204 ], [ 37.000358500000019, 55.7232599 ], [ 36.999887100000016, 55.722956500000016 ], [ 36.9990501, 55.721320100000021 ], [ 36.998982700000013, 55.721049100000016 ], [ 36.99805910000002, 55.7200196 ], [ 36.9975877, 55.719667300000019 ], [ 36.996702500000019, 55.719260899999988 ], [ 36.995904, 55.7189954 ], [ 36.9951824, 55.7188816 ], [ 36.992873400000015, 55.718822 ], [ 36.9912379, 55.71894660000001 ], [ 36.990987700000012, 55.719092899999985 ], [ 36.9883227, 55.7201225 ], [ 36.9852055, 55.721341700000011 ], [ 36.9846475, 55.7209462 ], [ 36.9834257, 55.7214935 ], [ 36.9815688, 55.722544700000014 ], [ 36.9786922, 55.7233737 ], [ 36.9780764, 55.7234333 ], [ 36.9780283, 55.7233899 ], [ 36.977403, 55.723514599999987 ], [ 36.977364500000014, 55.724197300000021 ], [ 36.9768546, 55.7243056 ], [ 36.976296600000012, 55.7241539 ], [ 36.9751613, 55.7250859 ], [ 36.974353100000023, 55.7253026 ], [ 36.9728619, 55.7255952 ], [ 36.972226900000017, 55.7257848 ], [ 36.971149400000023, 55.7263537 ], [ 36.97064910000001, 55.7265433 ], [ 36.9703701, 55.726695 ], [ 36.9702257, 55.72663 ], [ 36.968849900000023, 55.727431900000013 ], [ 36.9682246, 55.72763230000001 ], [ 36.9679937, 55.7278057 ], [ 36.966896900000016, 55.728054900000018 ], [ 36.966444700000011, 55.728054900000018 ], [ 36.9661368, 55.727957400000015 ], [ 36.963356400000016, 55.7277461 ], [ 36.9625675, 55.727773200000016 ], [ 36.962221100000015, 55.727957400000015 ], [ 36.9633949, 55.7295068 ], [ 36.9625482, 55.729691 ], [ 36.962086400000011, 55.7299294 ], [ 36.962750300000017, 55.731245800000011 ], [ 36.962844, 55.7326032 ], [ 36.96285610000001, 55.7327789 ], [ 36.9632698, 55.733716100000031 ], [ 36.9646841, 55.7350919 ], [ 36.9652517, 55.7354494 ], [ 36.967185500000014, 55.7360236 ], [ 36.970629799999983, 55.7363649 ], [ 36.9738432, 55.73625650000001 ], [ 36.9776723, 55.7355578 ], [ 36.979721600000012, 55.7347561 ], [ 36.9803951, 55.7339977 ], [ 36.9807126, 55.7331798 ], [ 36.9803566, 55.732746399999989 ], [ 36.9806645, 55.732112600000015 ], [ 36.9827233, 55.730178600000023 ], [ 36.9839163, 55.7295502 ], [ 36.9845128, 55.7286888 ], [ 36.9849746, 55.7273343 ], [ 36.9852375, 55.727332200000028 ], [ 36.9856481, 55.727328900000018 ], [ 36.9877166, 55.7285967 ], [ 36.99225770000001, 55.7308395 ], [ 36.993554400000015, 55.7315609 ], [ 36.992727, 55.732146 ], [ 36.991110700000014, 55.7332294 ], [ 36.991158800000022, 55.7332538 ], [ 36.99085580000002, 55.733462300000014 ], [ 36.992241200000016, 55.7341963 ], [ 36.9954305, 55.735918800000022 ], [ 36.9942712, 55.7365282 ], [ 36.9949399, 55.7368803 ], [ 36.995445, 55.736642 ], [ 36.9960126, 55.7369615 ], [ 36.996594700000017, 55.736633800000014 ], [ 36.9993559, 55.7383563 ], [ 37.002343200000013, 55.7351307 ], [ 37.003170599999983, 55.7351713 ], [ 37.0047291, 55.7374382 ], [ 37.005114, 55.738015 ], [ 37.005686400000016, 55.7396562 ], [ 37.004551200000016, 55.739870100000012 ], [ 37.0037478, 55.739908 ], [ 37.0025452, 55.739840300000012 ], [ 36.9987016, 55.739000800000014 ], [ 36.995901900000014, 55.73838880000001 ], [ 36.9953439, 55.73834 ], [ 36.994381800000021, 55.7380177 ], [ 36.9935304, 55.737435499999989 ], [ 36.9922171, 55.7362736 ], [ 36.9918082, 55.7359216 ], [ 36.992399900000017, 55.7356209 ], [ 36.991332, 55.734968200000012 ], [ 36.990879800000016, 55.7346242 ], [ 36.990100500000018, 55.7350657 ], [ 36.9895569, 55.734738 ], [ 36.9878492, 55.7357699 ], [ 36.9864734, 55.736606800000018 ], [ 36.9863676, 55.736614900000021 ], [ 36.985783600000012, 55.7369354 ], [ 36.985607500000015, 55.737032 ], [ 36.985294900000014, 55.737468 ], [ 36.9845541, 55.7381884 ], [ 36.984438600000018, 55.7381613 ], [ 36.9842558, 55.7383346 ], [ 36.9839527, 55.7385296 ], [ 36.988109, 55.7393556 ], [ 36.9885997, 55.739407 ], [ 36.989023, 55.739412399999985 ], [ 36.98957140000001, 55.7393881 ], [ 36.9899225, 55.739347400000014 ], [ 36.9900668, 55.739574900000015 ], [ 36.990398800000015, 55.7397184 ], [ 36.9906152, 55.7395885 ], [ 36.991120300000013, 55.7395993 ], [ 36.9925202, 55.739848400000014 ], [ 36.9940932, 55.7405823 ], [ 36.9927944, 55.7414164 ], [ 36.9904661, 55.7418469 ], [ 36.990177500000016, 55.7418442 ], [ 36.9891432, 55.741451600000012 ], [ 36.990567100000014, 55.7399161 ], [ 36.9900524, 55.739648 ], [ 36.989792700000017, 55.739639899999986 ], [ 36.9896676, 55.739604700000015 ], [ 36.989345300000011, 55.739629100000016 ], [ 36.9886189, 55.73962370000001 ], [ 36.9879983, 55.739556 ], [ 36.9865408, 55.7392797 ], [ 36.983238100000015, 55.73879380000001 ], [ 36.982810700000016, 55.739210400000019 ], [ 36.9822911, 55.739044200000023 ], [ 36.9822911, 55.7390171 ], [ 36.9820939, 55.738968300000032 ], [ 36.9821709, 55.738854600000025 ], [ 36.9813821, 55.738665700000013 ], [ 36.981234800000017, 55.739025200000022 ], [ 36.9806864, 55.739583 ], [ 36.980181300000012, 55.739962200000015 ], [ 36.9796618, 55.7404307 ], [ 36.978637200000016, 55.7412756 ], [ 36.9775837, 55.7421556 ], [ 36.9743208, 55.7411057 ], [ 36.975466300000015, 55.740090300000013 ], [ 36.974860200000016, 55.7398384 ], [ 36.9748891, 55.7396001 ], [ 36.9751873, 55.7396813 ], [ 36.975336500000012, 55.739416 ], [ 36.975153700000021, 55.7393726 ], [ 36.975221, 55.7392183 ], [ 36.9753461, 55.7392453 ], [ 36.9755781, 55.7390121 ], [ 36.9759101, 55.738679 ], [ 36.9761795, 55.738733200000013 ], [ 36.976391100000015, 55.738421700000011 ], [ 36.9737123, 55.7382911 ], [ 36.9729138, 55.738217900000016 ], [ 36.9719209, 55.738087900000018 ], [ 36.970455600000015, 55.737792 ], [ 36.968214, 55.7373209 ], [ 36.9638402, 55.7361599 ], [ 36.963647800000018, 55.73590260000001 ], [ 36.9636237, 55.735469300000013 ], [ 36.9638787, 55.7350955 ], [ 36.9635419, 55.73498450000001 ], [ 36.9629358, 55.7343046 ], [ 36.962724200000018, 55.733936300000025 ], [ 36.962416300000015, 55.7336059 ], [ 36.962113200000019, 55.7331129 ], [ 36.9619978, 55.73275270000002 ], [ 36.9606364, 55.732666 ], [ 36.9578031, 55.7324899 ], [ 36.956133800000025, 55.7323816 ], [ 36.9534496, 55.732127 ], [ 36.9501304, 55.7319591 ], [ 36.9482543, 55.7318128 ], [ 36.947672199999985, 55.7317613 ], [ 36.947437800000017, 55.7330923 ], [ 36.947274500000013, 55.733889 ], [ 36.9469268, 55.73453580000001 ], [ 36.94690640000001, 55.7347197 ], [ 36.947185300000022, 55.734907400000019 ], [ 36.9471377, 55.734941799999987 ], [ 36.9471377, 55.7357079 ], [ 36.9470017, 55.735887900000023 ], [ 36.946784, 55.7359798 ], [ 36.9464642, 55.7363935 ], [ 36.946294199999983, 55.736504600000025 ], [ 36.94628580000002, 55.7366174 ], [ 36.944032800000016, 55.736686899999988 ], [ 36.9434002, 55.7367329 ], [ 36.938468, 55.736889900000016 ], [ 36.9354882, 55.7369933 ], [ 36.9363182, 55.739417700000011 ], [ 36.9369781, 55.739387 ], [ 36.93744070000001, 55.739141900000014 ], [ 36.9400803, 55.7387283 ], [ 36.9405973, 55.738724499999989 ], [ 36.941032700000015, 55.7388087 ], [ 36.9411824, 55.7389466 ], [ 36.9414205, 55.741535500000012 ], [ 36.9414749, 55.7422287 ], [ 36.94298520000001, 55.7419874 ], [ 36.9442369, 55.7431516 ], [ 36.943583800000013, 55.7433048 ], [ 36.94580160000001, 55.7454798 ], [ 36.945237, 55.7469157 ], [ 36.946305, 55.747425 ], [ 36.945112, 55.7480388 ], [ 36.945078400000014, 55.7481959 ], [ 36.945506500000015, 55.7485506 ], [ 36.945756600000017, 55.748637200000019 ], [ 36.946593700000015, 55.7490866 ], [ 36.9468005, 55.7489486 ], [ 36.9472479, 55.749146200000013 ], [ 36.9489123, 55.7499963 ], [ 36.948440900000016, 55.750280600000018 ], [ 36.948888300000014, 55.750467400000019 ], [ 36.9487632, 55.7506028 ], [ 36.948580400000019, 55.750743500000013 ], [ 36.9491143, 55.7511577 ], [ 36.949022900000024, 55.751336400000021 ], [ 36.94872950000002, 55.751729 ], [ 36.948642899999989, 55.7517209 ], [ 36.9485563, 55.7518237 ], [ 36.9465985, 55.751271500000016 ], [ 36.9461703, 55.751203800000013 ], [ 36.9455835, 55.751810200000023 ], [ 36.945222700000016, 55.7523056 ], [ 36.9443472, 55.7536511 ], [ 36.9441981, 55.75466620000001 ], [ 36.9416485, 55.754322400000021 ], [ 36.941393600000019, 55.7539191 ], [ 36.93996, 55.753772900000016 ], [ 36.9386131, 55.7538676 ], [ 36.9381657, 55.753927200000014 ], [ 36.9380647, 55.753710600000012 ], [ 36.9377953, 55.752903900000021 ], [ 36.937434500000016, 55.751780399999987 ], [ 36.937352800000014, 55.7517777 ], [ 36.937295, 55.7515774 ], [ 36.937367200000011, 55.7515557 ], [ 36.9366889, 55.7494982 ], [ 36.936174200000018, 55.7480064 ], [ 36.9357894, 55.7469612 ], [ 36.9356258, 55.746454900000018 ], [ 36.93530830000001, 55.745832200000017 ], [ 36.935164, 55.74506860000001 ], [ 36.9350582, 55.7447139 ], [ 36.934962, 55.744719300000021 ], [ 36.934959600000013, 55.7445894 ], [ 36.9350173, 55.7445866 ], [ 36.934810400000018, 55.7439882 ], [ 36.9342426, 55.743225099999982 ], [ 36.9336609, 55.7426066 ], [ 36.933341199999987, 55.742359600000015 ], [ 36.932984, 55.7420973 ], [ 36.9323139, 55.7416607 ], [ 36.931443100000024, 55.741122700000012 ], [ 36.930922700000011, 55.7408259 ], [ 36.930820600000018, 55.7407052 ], [ 36.930041700000011, 55.7402399 ], [ 36.9294805, 55.7398742 ], [ 36.92764020000002, 55.7387386 ], [ 36.925551700000014, 55.737509200000012 ], [ 36.924956400000013, 55.737170300000017 ], [ 36.9248646, 55.737174100000011 ], [ 36.924766, 55.737109 ], [ 36.9247626, 55.7370477 ], [ 36.9242829, 55.736766200000019 ], [ 36.924068600000012, 55.736766200000019 ], [ 36.924044900000013, 55.736721700000011 ], [ 36.9184777, 55.7368239 ], [ 36.9166975, 55.7368239 ], [ 36.916409100000017, 55.7368099 ], [ 36.914964300000015, 55.7366331 ], [ 36.913157600000012, 55.736389 ], [ 36.911802, 55.73616980000002 ], [ 36.9114335, 55.73612510000001 ], [ 36.911122400000018, 55.7361227 ], [ 36.910903, 55.73620260000002 ], [ 36.910684299999986, 55.7363579 ], [ 36.910531800000015, 55.7365528 ], [ 36.9105097, 55.7367487 ], [ 36.9107122, 55.737375799999988 ], [ 36.910811200000019, 55.737787100000013 ], [ 36.910924800000018, 55.7383161 ], [ 36.910892900000015, 55.738466400000029 ], [ 36.9107114, 55.738575500000024 ], [ 36.91055290000002, 55.7386321 ], [ 36.910366200000013, 55.7387884 ], [ 36.9100054, 55.738873 ], [ 36.9098009, 55.7389793 ], [ 36.9097023, 55.739069400000012 ], [ 36.909506300000018, 55.7393788 ], [ 36.9092585, 55.74006090000001 ], [ 36.909128699999989, 55.7402572 ], [ 36.908611500000013, 55.740918 ], [ 36.9083325, 55.741236200000017 ], [ 36.908207500000017, 55.7413066 ], [ 36.908051099999987, 55.7413404 ], [ 36.9077264, 55.741336400000023 ], [ 36.907372800000012, 55.7413039 ], [ 36.9062448, 55.741290300000017 ], [ 36.9051721, 55.7412321 ], [ 36.90507340000002, 55.740978900000016 ], [ 36.905068600000014, 55.7408259 ], [ 36.905124, 55.740743299999984 ], [ 36.9053356, 55.740635 ], [ 36.9055569, 55.7405294 ], [ 36.905698800000017, 55.740436 ], [ 36.905896, 55.740195 ], [ 36.9060836, 55.7399973 ], [ 36.9062688, 55.7398808 ], [ 36.906533400000015, 55.739688600000022 ], [ 36.90668010000001, 55.7395328 ], [ 36.9067956, 55.739366300000022 ], [ 36.9069303, 55.7391185 ], [ 36.907069800000016, 55.7387543 ], [ 36.9071347, 55.73849160000001 ], [ 36.908118500000022, 55.738541700000013 ], [ 36.9105065, 55.7385727 ], [ 36.910659500000023, 55.7385344 ], [ 36.91080920000001, 55.7384444 ], [ 36.9108364, 55.7383161 ], [ 36.9107242, 55.7377933 ], [ 36.9106255, 55.737383500000014 ], [ 36.9104214, 55.7367516 ], [ 36.9104452, 55.7365409 ], [ 36.9106085, 55.736332200000014 ], [ 36.910843200000016, 55.7361656 ], [ 36.911097, 55.7360731 ], [ 36.911443400000017, 55.7360758 ], [ 36.91182340000001, 55.7361218 ], [ 36.91318, 55.7363412 ], [ 36.91498390000001, 55.7365849 ], [ 36.9164222, 55.736761 ], [ 36.9167012, 55.7367745 ], [ 36.918476300000016, 55.7367745 ], [ 36.9240181, 55.736671600000015 ], [ 36.923979700000011, 55.736568700000021 ], [ 36.9221132, 55.734022899999985 ], [ 36.922045899999986, 55.7340012 ], [ 36.9221036, 55.733706 ], [ 36.9219641, 55.7336789 ], [ 36.9211704, 55.732828400000017 ], [ 36.921103, 55.732717400000013 ], [ 36.9179714, 55.7332861 ], [ 36.9178673, 55.733001200000025 ], [ 36.917831900000017, 55.7329042 ], [ 36.918337, 55.7324005 ], [ 36.919390500000013, 55.73124660000002 ], [ 36.918914200000017, 55.7310489 ], [ 36.918842099999985, 55.731395600000013 ], [ 36.9177549, 55.73207810000001 ], [ 36.9170334, 55.732386900000016 ], [ 36.9160857, 55.7326253 ], [ 36.914195200000016, 55.732839200000015 ], [ 36.9134447, 55.7328122 ], [ 36.912516300000014, 55.732693 ], [ 36.9109, 55.7324492 ], [ 36.9100678, 55.7322704 ], [ 36.909808, 55.7321838 ], [ 36.909302900000014, 55.7320917 ], [ 36.908913300000016, 55.7321594 ], [ 36.9076385, 55.732243400000016 ], [ 36.9053728, 55.732237900000015 ], [ 36.904074, 55.732151300000012 ], [ 36.9015629, 55.732408600000014 ], [ 36.8991528, 55.732828400000017 ], [ 36.897204600000023, 55.733110100000026 ], [ 36.896064500000016, 55.7332726 ], [ 36.894024900000012, 55.7333322 ], [ 36.892425900000013, 55.733367500000014 ], [ 36.889575400000012, 55.7330266 ], [ 36.8891401, 55.7336394 ], [ 36.8880788, 55.734436100000025 ], [ 36.888541399999987, 55.7348575 ], [ 36.8889768, 55.7342063 ], [ 36.8893441, 55.7340301 ], [ 36.8900381, 55.734359499999989 ], [ 36.8904871, 55.7336011 ], [ 36.891004100000011, 55.7336777 ], [ 36.8913578, 55.733785 ], [ 36.89172520000001, 55.733823300000012 ], [ 36.8923239, 55.733762 ], [ 36.8936164, 55.7338769 ], [ 36.894945700000015, 55.733823300000012 ], [ 36.8952917, 55.73374860000002 ], [ 36.8953002, 55.733662400000014 ], [ 36.8955145, 55.7335504 ], [ 36.896977100000015, 55.7333177 ], [ 36.8972765, 55.73331 ], [ 36.8972621, 55.733458 ], [ 36.898310500000015, 55.733294700000016 ], [ 36.899555, 55.733657500000014 ], [ 36.8995454, 55.733714300000017 ], [ 36.8997282, 55.733760400000016 ], [ 36.899877300000014, 55.7346569 ], [ 36.900093800000015, 55.734727300000024 ], [ 36.899930200000021, 55.735141700000021 ], [ 36.9006037, 55.735163300000018 ], [ 36.900310199999986, 55.73636860000002 ], [ 36.9004257, 55.736384800000032 ], [ 36.9003343, 55.73680190000001 ], [ 36.8999879, 55.7377037 ], [ 36.9000553, 55.7383781 ], [ 36.899915800000024, 55.738846600000024 ], [ 36.899699299999988, 55.739214900000015 ], [ 36.8992856, 55.7407476 ], [ 36.8992183, 55.7410401 ], [ 36.8991221, 55.7411836 ], [ 36.8989152, 55.74127570000001 ], [ 36.8976837, 55.7417929 ], [ 36.896870800000016, 55.742169300000015 ], [ 36.8971979, 55.7424455 ], [ 36.8985833, 55.741806399999987 ], [ 36.8986506, 55.7424076 ], [ 36.898963300000013, 55.742659400000015 ], [ 36.898944100000016, 55.743298500000023 ], [ 36.899256800000011, 55.7436424 ], [ 36.8992375, 55.7441731 ], [ 36.8996801, 55.744695700000015 ], [ 36.8996849, 55.7451316 ], [ 36.8997474, 55.745367200000018 ], [ 36.9028742, 55.74491230000001 ], [ 36.904755100000017, 55.745394300000015 ], [ 36.905221700000013, 55.7456136 ], [ 36.9057894, 55.746685800000023 ], [ 36.905876, 55.7468456 ], [ 36.906049100000018, 55.7469566 ], [ 36.906366600000013, 55.747037800000015 ], [ 36.906809200000012, 55.7471028 ], [ 36.907107400000022, 55.747138 ], [ 36.9077905, 55.7473194 ], [ 36.907814600000016, 55.7479205 ], [ 36.908007, 55.7483591 ], [ 36.9080791, 55.7487516 ], [ 36.909387600000017, 55.7483591 ], [ 36.9127025, 55.747511300000014 ] ] ], [ [ [ 37.2986365, 55.8034501 ], [ 37.2996863, 55.803521900000028 ], [ 37.303564100000017, 55.8035588 ], [ 37.3032652, 55.8031819 ], [ 37.302922700000011, 55.8024772 ], [ 37.3027769, 55.801272800000014 ], [ 37.302353900000021, 55.798633500000015 ], [ 37.2982173, 55.797628100000011 ], [ 37.294467299999987, 55.7967167 ], [ 37.2944097, 55.7967872 ], [ 37.2941174, 55.7967126 ], [ 37.2941684, 55.7966347 ], [ 37.29316840000002, 55.7963971 ], [ 37.293264500000014, 55.7980647 ], [ 37.290502, 55.801989700000014 ], [ 37.29542210000001, 55.8029975 ], [ 37.2966321, 55.803202400000018 ], [ 37.2977692, 55.803354 ], [ 37.2986365, 55.8034501 ] ] ], [ [ [ 37.3084937, 55.7705913 ], [ 37.309291, 55.7711009 ], [ 37.30937950000002, 55.7712046 ], [ 37.3098117, 55.7719721 ], [ 37.310851600000014, 55.7754361 ], [ 37.3116325, 55.775255199999989 ], [ 37.315301800000022, 55.774603400000011 ], [ 37.322415, 55.7769447 ], [ 37.322972899999989, 55.7767335 ], [ 37.324023600000011, 55.777533400000017 ], [ 37.323466600000025, 55.77770550000001 ], [ 37.3243366, 55.778602499999984 ], [ 37.3251359, 55.7790494 ], [ 37.3253761, 55.779098800000014 ], [ 37.326803100000021, 55.779328100000022 ], [ 37.3278009, 55.780016 ], [ 37.3284094, 55.7810864 ], [ 37.3278161, 55.781246400000022 ], [ 37.324698500000011, 55.782427800000022 ], [ 37.322235200000016, 55.783358700000015 ], [ 37.3192953, 55.7842842 ], [ 37.3178876, 55.7847147 ], [ 37.315407600000015, 55.785536500000013 ], [ 37.3128271, 55.7863845 ], [ 37.3131458, 55.7797513 ], [ 37.3127202, 55.7798866 ], [ 37.3118433, 55.7801654 ], [ 37.3115518, 55.784149600000021 ], [ 37.310606, 55.784464200000016 ], [ 37.3123888, 55.787057500000017 ], [ 37.3128801, 55.7877903 ], [ 37.314115600000022, 55.7880586 ], [ 37.3145898, 55.7880644 ], [ 37.3145279, 55.788241200000016 ], [ 37.3154144, 55.788241200000016 ], [ 37.315399, 55.7884035 ], [ 37.314842300000024, 55.7887628 ], [ 37.3145021, 55.789383 ], [ 37.314115600000022, 55.789835 ], [ 37.313708400000017, 55.7901161 ], [ 37.31326, 55.7903074 ], [ 37.31282190000001, 55.7908116 ], [ 37.3124868, 55.7909797 ], [ 37.3114354, 55.791234700000018 ], [ 37.311229200000014, 55.791234700000018 ], [ 37.3107138, 55.791518600000018 ], [ 37.310059200000019, 55.7920866 ], [ 37.3105643, 55.792309700000018 ], [ 37.3115333, 55.792587900000022 ], [ 37.31604320000001, 55.7926661 ], [ 37.3164453, 55.7927791 ], [ 37.316455600000012, 55.7928776 ], [ 37.3162288, 55.79291240000002 ], [ 37.3158938, 55.7930051 ], [ 37.314919600000017, 55.7933934 ], [ 37.3143887, 55.7936861 ], [ 37.3170792, 55.794769700000032 ], [ 37.3181822, 55.7950392 ], [ 37.3213108, 55.79612860000001 ], [ 37.3213211, 55.796235800000012 ], [ 37.323150900000016, 55.7970297 ], [ 37.3232952, 55.796899300000014 ], [ 37.3233777, 55.79689350000001 ], [ 37.3233931, 55.7970036 ], [ 37.324387900000019, 55.796812400000015 ], [ 37.3246147, 55.79669650000001 ], [ 37.3247281, 55.7966009 ], [ 37.324408500000011, 55.7963865 ], [ 37.3245271, 55.796288 ], [ 37.3250064, 55.79643 ], [ 37.3249703, 55.7966009 ], [ 37.324753800000018, 55.7968559 ], [ 37.3240838, 55.797116600000017 ], [ 37.323573500000016, 55.797116600000017 ], [ 37.32256850000001, 55.797415 ], [ 37.3216559, 55.7977624 ], [ 37.320955, 55.7978203 ], [ 37.320295200000011, 55.797669700000021 ], [ 37.319285, 55.797269900000011 ], [ 37.319285, 55.7970323 ], [ 37.318576, 55.7968999 ], [ 37.318807900000017, 55.796483100000017 ], [ 37.318481, 55.79640650000001 ], [ 37.3179243, 55.7961109 ], [ 37.316821300000015, 55.7957806 ], [ 37.316615100000014, 55.7962326 ], [ 37.316378, 55.7963543 ], [ 37.3159348, 55.796342700000011 ], [ 37.3153301, 55.796124700000014 ], [ 37.3152838, 55.7961509 ], [ 37.3156175, 55.7965884 ], [ 37.3153598, 55.7968781 ], [ 37.3138579, 55.7962796 ], [ 37.313728599999983, 55.796092600000023 ], [ 37.313769800000017, 55.7959651 ], [ 37.312701900000015, 55.7956457 ], [ 37.3118836, 55.796858400000026 ], [ 37.3114403, 55.796794700000014 ], [ 37.3116774, 55.7963949 ], [ 37.3097394, 55.7960182 ], [ 37.309419900000016, 55.795861700000017 ], [ 37.3092269, 55.796775500000024 ], [ 37.309202, 55.7968936 ], [ 37.3091519, 55.797130800000012 ], [ 37.3080428, 55.796974300000024 ], [ 37.3079191, 55.797228200000013 ], [ 37.310296100000016, 55.797675500000018 ], [ 37.311894800000012, 55.7978565 ], [ 37.314306099999989, 55.7981332 ], [ 37.3147699, 55.7992573 ], [ 37.3163677, 55.7993964 ], [ 37.3194408, 55.800483800000016 ], [ 37.3195118, 55.8005089 ], [ 37.320377, 55.8003827 ], [ 37.32045470000002, 55.8003742 ], [ 37.3205736, 55.8005552 ], [ 37.3211611, 55.8006132 ], [ 37.32179, 55.8007522 ], [ 37.323161, 55.8007233 ], [ 37.325150500000014, 55.8005495 ], [ 37.3276039, 55.800294500000021 ], [ 37.334486, 55.7996108 ], [ 37.334498300000014, 55.7999625 ], [ 37.334998800000022, 55.8010969 ], [ 37.3361042, 55.802065800000022 ], [ 37.3427758, 55.805111400000015 ], [ 37.3473758, 55.8065619 ], [ 37.351141300000016, 55.8058142 ], [ 37.3581286, 55.8037392 ], [ 37.359121100000017, 55.8012847 ], [ 37.357454600000011, 55.800441 ], [ 37.3541188, 55.7989193 ], [ 37.3536424, 55.797223300000013 ], [ 37.348732900000016, 55.796381900000014 ], [ 37.3531093, 55.7943681 ], [ 37.3578174, 55.7925683 ], [ 37.3606125, 55.791681100000012 ], [ 37.3611837, 55.791615800000017 ], [ 37.3638758, 55.7909609 ], [ 37.3683562, 55.7899745 ], [ 37.3687664, 55.7897352 ], [ 37.3691739, 55.7894487 ], [ 37.369872100000016, 55.788910500000014 ], [ 37.3700515, 55.788777100000011 ], [ 37.37031180000001, 55.7885664 ], [ 37.3704513, 55.788433600000012 ], [ 37.3705437, 55.7883226 ], [ 37.370601, 55.7881919 ], [ 37.3691956, 55.787676900000015 ], [ 37.3677342, 55.7871721 ], [ 37.367092100000015, 55.7869869 ], [ 37.3665422, 55.786714300000021 ], [ 37.3616346, 55.7850581 ], [ 37.3593861, 55.7840864 ], [ 37.360253100000023, 55.7835324 ], [ 37.360467, 55.783374 ], [ 37.360712300000024, 55.78326520000001 ], [ 37.3606997, 55.783139 ], [ 37.3606052, 55.783065100000016 ], [ 37.3595041, 55.782417600000016 ], [ 37.359631700000016, 55.782332300000022 ], [ 37.358251400000015, 55.7814912 ], [ 37.3581451, 55.7815751 ], [ 37.358262, 55.7816994 ], [ 37.35829420000001, 55.78179950000002 ], [ 37.3582366, 55.78183520000001 ], [ 37.356628300000011, 55.7808402 ], [ 37.3555297, 55.7801439 ], [ 37.3542857, 55.7793472 ], [ 37.3522319, 55.7780272 ], [ 37.352452900000024, 55.777815600000011 ], [ 37.352193900000017, 55.77768020000002 ], [ 37.35239, 55.77751 ], [ 37.3522538, 55.7764698 ], [ 37.3524633, 55.774321199999989 ], [ 37.35247840000001, 55.7741673 ], [ 37.35243950000001, 55.773762400000017 ], [ 37.3506306, 55.7728787 ], [ 37.3502015, 55.7724094 ], [ 37.3486378, 55.770732700000018 ], [ 37.348742600000016, 55.770685300000025 ], [ 37.3484687, 55.77017450000001 ], [ 37.348105600000018, 55.7700806 ], [ 37.347734200000012, 55.770162400000011 ], [ 37.347392, 55.769817700000011 ], [ 37.3470671, 55.769551200000016 ], [ 37.346419, 55.76957 ], [ 37.3459158, 55.7695572 ], [ 37.3457276, 55.769593500000013 ], [ 37.345003700000014, 55.769733600000016 ], [ 37.34451450000001, 55.7697565 ], [ 37.344501200000025, 55.7693467 ], [ 37.344496900000017, 55.768598100000013 ], [ 37.3398609, 55.769019700000015 ], [ 37.3383438, 55.769276600000019 ], [ 37.3403335, 55.7704036 ], [ 37.3392543, 55.7705988 ], [ 37.339516100000012, 55.7707177 ], [ 37.3382839, 55.771291400000024 ], [ 37.336654200000012, 55.7711801 ], [ 37.332301600000022, 55.771934099999989 ], [ 37.3320312, 55.7715445 ], [ 37.3319586, 55.7713753 ], [ 37.3320439, 55.7699828 ], [ 37.3320916, 55.768857300000015 ], [ 37.3321112, 55.768689 ], [ 37.332338300000018, 55.7686881 ], [ 37.332412, 55.768296400000011 ], [ 37.3322456, 55.7682484 ], [ 37.3322475, 55.767984 ], [ 37.330540100000015, 55.767845800000025 ], [ 37.329644900000012, 55.7674265 ], [ 37.32871930000001, 55.767293100000018 ], [ 37.328548800000014, 55.7672942 ], [ 37.327349500000011, 55.7672245 ], [ 37.3271802, 55.767206500000015 ], [ 37.3255419, 55.7671056 ], [ 37.3240721, 55.767019400000024 ], [ 37.322954, 55.7669578 ], [ 37.320702300000015, 55.766820700000018 ], [ 37.3192726, 55.768972500000011 ], [ 37.318936900000018, 55.7695065 ], [ 37.3174229, 55.769290600000012 ], [ 37.3160351, 55.769149299999988 ], [ 37.314358700000014, 55.769124800000014 ], [ 37.312756500000013, 55.769081 ], [ 37.311442100000022, 55.7694495 ], [ 37.3099097, 55.769999800000022 ], [ 37.3084937, 55.7705913 ] ] ], [ [ [ 37.3850513, 55.809307200000013 ], [ 37.38494810000001, 55.8090119 ], [ 37.380721800000025, 55.8093909 ], [ 37.380617900000011, 55.8090092 ], [ 37.3797943, 55.809060900000013 ], [ 37.3793921, 55.809148500000013 ], [ 37.37864110000001, 55.808365700000017 ], [ 37.3780837, 55.8077846 ], [ 37.377841800000013, 55.806987 ], [ 37.3791232, 55.806543800000014 ], [ 37.3785716, 55.80568 ], [ 37.378233, 55.8056789 ], [ 37.3772465, 55.804192 ], [ 37.375329, 55.803227500000013 ], [ 37.3745094, 55.803703200000015 ], [ 37.3743479, 55.8037969 ], [ 37.3738014, 55.8035562 ], [ 37.37356170000001, 55.802986800000021 ], [ 37.3723377, 55.803161300000014 ], [ 37.3723829, 55.803293399999987 ], [ 37.3720936, 55.80335310000001 ], [ 37.372545700000011, 55.8056751 ], [ 37.372827, 55.8064331 ], [ 37.3729591, 55.807453100000018 ], [ 37.37277270000002, 55.807975100000021 ], [ 37.372867600000014, 55.8086101 ], [ 37.372793, 55.808685 ], [ 37.3717466, 55.809241900000025 ], [ 37.373074799999983, 55.8112762 ], [ 37.3735856, 55.812141500000024 ], [ 37.3738627, 55.812591700000013 ], [ 37.374884700000024, 55.812424800000016 ], [ 37.3750634, 55.812385100000029 ], [ 37.376497700000016, 55.812066100000017 ], [ 37.3774742, 55.812676 ], [ 37.3779686, 55.812371 ], [ 37.378279800000016, 55.812192700000011 ], [ 37.3783008, 55.8121806 ], [ 37.3784388, 55.8120996 ], [ 37.3792076, 55.811648200000015 ], [ 37.379704, 55.8114913 ], [ 37.380196700000013, 55.8113191 ], [ 37.380221, 55.8112671 ], [ 37.3799909, 55.8110154 ], [ 37.379663900000011, 55.8106706 ], [ 37.3805733, 55.810654400000018 ], [ 37.3810808, 55.810645400000013 ], [ 37.3807281, 55.80965740000002 ], [ 37.382372500000024, 55.8095241 ], [ 37.3850513, 55.809307200000013 ] ] ], [ [ [ 37.5241382, 55.6736653 ], [ 37.5200937, 55.670884600000022 ], [ 37.508957600000016, 55.6633808 ], [ 37.5065428, 55.661778400000017 ], [ 37.5067089, 55.662934900000025 ], [ 37.50636020000001, 55.663055900000025 ], [ 37.5061557, 55.663264600000012 ], [ 37.506051800000016, 55.6634355 ], [ 37.50584, 55.663593700000014 ], [ 37.5056624, 55.6636893 ], [ 37.5056633, 55.6637884 ], [ 37.5056317, 55.663861200000014 ], [ 37.5054596, 55.6639166 ], [ 37.5053576, 55.663957200000013 ], [ 37.505262800000011, 55.6640212 ], [ 37.5051913, 55.6641272 ], [ 37.505084, 55.66427250000001 ], [ 37.5046119, 55.664454 ], [ 37.5042471, 55.6644298 ], [ 37.5039953, 55.664635400000016 ], [ 37.50375420000001, 55.6646362 ], [ 37.503603400000017, 55.664780799999988 ], [ 37.5034932, 55.664890800000023 ], [ 37.503303, 55.6649139 ], [ 37.5030026, 55.6649139 ], [ 37.502881300000013, 55.6650364 ], [ 37.502671, 55.6651346 ], [ 37.502495300000021, 55.66529360000002 ], [ 37.502577199999983, 55.665393 ], [ 37.5024927, 55.665494700000018 ], [ 37.5022925, 55.6655738 ], [ 37.501908200000017, 55.665664300000024 ], [ 37.501758, 55.665906400000011 ], [ 37.501715099999984, 55.666039500000011 ], [ 37.5018009, 55.6661121 ], [ 37.5017604, 55.666211300000015 ], [ 37.5016058, 55.66639230000002 ], [ 37.50156, 55.6664613 ], [ 37.501508, 55.666557 ], [ 37.501243, 55.6666809 ], [ 37.501243, 55.666801900000017 ], [ 37.5009856, 55.666814 ], [ 37.50083530000002, 55.6668987 ], [ 37.5005564, 55.6670077 ], [ 37.500256, 55.6670924 ], [ 37.5002774, 55.6672618 ], [ 37.500363300000011, 55.6674433 ], [ 37.500256, 55.66769750000001 ], [ 37.5001527, 55.6678551 ], [ 37.499893300000011, 55.667963 ], [ 37.499750800000022, 55.6680291 ], [ 37.4997242, 55.668104500000013 ], [ 37.499645900000012, 55.668150599999983 ], [ 37.4993536, 55.6681624 ], [ 37.4992459, 55.6682036 ], [ 37.4992476, 55.668349 ], [ 37.4991384, 55.668445 ], [ 37.498822900000015, 55.6686192 ], [ 37.498515, 55.6687384 ], [ 37.4981854, 55.6688233 ], [ 37.4978432, 55.6688726 ], [ 37.4974956, 55.6690183 ], [ 37.49727810000001, 55.6690846 ], [ 37.490982500000015, 55.669943 ], [ 37.490655500000017, 55.66982620000001 ], [ 37.4904556, 55.669750400000019 ], [ 37.4902667, 55.669691 ], [ 37.4900923, 55.6696418 ], [ 37.489775599999987, 55.669603800000012 ], [ 37.489444300000017, 55.669701 ], [ 37.4891573, 55.6696692 ], [ 37.488725500000022, 55.669701 ], [ 37.488374100000016, 55.669764500000021 ], [ 37.488027200000012, 55.6697347 ], [ 37.487636, 55.66968 ], [ 37.487464, 55.66968760000001 ], [ 37.487176900000016, 55.669665100000017 ], [ 37.4868426, 55.669581 ], [ 37.4866475, 55.6696026 ], [ 37.4865315, 55.6696693 ], [ 37.4862089, 55.669769300000013 ], [ 37.4860171, 55.669798699999987 ], [ 37.485817500000017, 55.6698887 ], [ 37.485682700000012, 55.669987400000011 ], [ 37.4855383, 55.6700545 ], [ 37.4851101, 55.670053 ], [ 37.484631300000011, 55.670218 ], [ 37.4843833, 55.670353 ], [ 37.484147300000011, 55.670510300000025 ], [ 37.4838056, 55.670678600000016 ], [ 37.483753300000011, 55.6711466 ], [ 37.4834043, 55.671436100000022 ], [ 37.48327, 55.671592300000022 ], [ 37.4831072, 55.671721800000014 ], [ 37.4826501, 55.6717773 ], [ 37.4825055, 55.6718989 ], [ 37.4824854, 55.67209840000001 ], [ 37.4824958, 55.67227 ], [ 37.4824531, 55.672425100000019 ], [ 37.482328399999986, 55.6726329 ], [ 37.4818804, 55.673179 ], [ 37.4817264, 55.673507 ], [ 37.48173220000001, 55.6736578 ], [ 37.4816947, 55.6738026 ], [ 37.4814614, 55.674018599999989 ], [ 37.480572800000012, 55.6750715 ], [ 37.47995940000002, 55.6757559 ], [ 37.4787666, 55.676650700000017 ], [ 37.4785782, 55.676813600000024 ], [ 37.4780633, 55.677440300000015 ], [ 37.4776928, 55.677723600000014 ], [ 37.4773411, 55.677897099999988 ], [ 37.47636720000002, 55.6782176 ], [ 37.476208400000019, 55.6782645 ], [ 37.4760819, 55.678274300000012 ], [ 37.475475, 55.6785099 ], [ 37.4751213, 55.6785349 ], [ 37.4745587, 55.678523500000011 ], [ 37.474205, 55.6785711 ], [ 37.4738232, 55.678698 ], [ 37.473714700000016, 55.6788725 ], [ 37.473779, 55.679255500000011 ], [ 37.4738232, 55.679502499999984 ], [ 37.4738352, 55.6799738 ], [ 37.473939799999989, 55.680505400000015 ], [ 37.473970800000018, 55.6806674 ], [ 37.474266800000017, 55.6811497 ], [ 37.474389, 55.6813526 ], [ 37.474568, 55.6815389 ], [ 37.474940500000017, 55.681927 ], [ 37.4756612, 55.6823899 ], [ 37.4760454, 55.6824777 ], [ 37.476284100000015, 55.682704200000025 ], [ 37.4766707, 55.683419199999989 ], [ 37.4768178, 55.684237900000014 ], [ 37.47609150000001, 55.6851115 ], [ 37.477561700000017, 55.6859265 ], [ 37.473485600000011, 55.6890652 ], [ 37.4700057, 55.691714199999986 ], [ 37.468984, 55.692496 ], [ 37.467590199999989, 55.693552 ], [ 37.466318499999986, 55.6945259 ], [ 37.4679853, 55.696802 ], [ 37.4695454, 55.698199200000012 ], [ 37.471819, 55.699548700000022 ], [ 37.477160500000011, 55.702624800000017 ], [ 37.4800124, 55.7038735 ], [ 37.4814802, 55.70449630000001 ], [ 37.4837333, 55.7053912 ], [ 37.4860221, 55.706311800000023 ], [ 37.4871479, 55.7068246 ], [ 37.488149300000011, 55.707350500000011 ], [ 37.488805400000011, 55.707784800000013 ], [ 37.4894865, 55.7083 ], [ 37.4905934, 55.70928360000002 ], [ 37.492928800000016, 55.7134944 ], [ 37.493365800000014, 55.7154944 ], [ 37.4930927, 55.7178328 ], [ 37.494918, 55.7201229 ], [ 37.4942778, 55.720188100000016 ], [ 37.4939962, 55.7201842 ], [ 37.493683900000022, 55.720166800000023 ], [ 37.4930028, 55.7202102 ], [ 37.4926346, 55.720107300000024 ], [ 37.4923971, 55.7196949 ], [ 37.492542, 55.719434900000024 ], [ 37.492789, 55.719255200000013 ], [ 37.493036, 55.719092899999985 ], [ 37.493112199999985, 55.7189323 ], [ 37.4930088, 55.71860640000002 ], [ 37.4927364, 55.7182119 ], [ 37.4925076, 55.718096400000015 ], [ 37.49218530000001, 55.7180804 ], [ 37.4919805, 55.7181366 ], [ 37.49139670000001, 55.7183273 ], [ 37.4906596, 55.7184904 ], [ 37.490359, 55.718492700000013 ], [ 37.489679800000019, 55.718279400000021 ], [ 37.489474, 55.7182956 ], [ 37.4892229, 55.7184139 ], [ 37.48905, 55.7184162 ], [ 37.488684, 55.718358 ], [ 37.4881009, 55.71825410000001 ], [ 37.4878766, 55.7181431 ], [ 37.4875233, 55.7180864 ], [ 37.486724900000013, 55.7177983 ], [ 37.48600010000002, 55.717441400000013 ], [ 37.485776500000014, 55.717408100000014 ], [ 37.485287400000018, 55.7174469 ], [ 37.484752200000017, 55.7176 ], [ 37.4844564, 55.717796300000025 ], [ 37.484357, 55.7179153 ], [ 37.484423, 55.7180254 ], [ 37.484716500000012, 55.7181523 ], [ 37.4857428, 55.7185625 ], [ 37.4865501, 55.718892100000012 ], [ 37.4866665, 55.7190028 ], [ 37.4865736, 55.7192957 ], [ 37.486633500000018, 55.7194712 ], [ 37.486563, 55.719657700000013 ], [ 37.4863591, 55.7198468 ], [ 37.4860054, 55.7200717 ], [ 37.485741800000021, 55.720247 ], [ 37.485367500000024, 55.7204307 ], [ 37.4848935, 55.7206509 ], [ 37.4843032, 55.7208435 ], [ 37.4837427, 55.720970800000011 ], [ 37.4833852, 55.7210734 ], [ 37.4828016, 55.7211397 ], [ 37.4823765, 55.721155299999985 ], [ 37.4819182, 55.7211182 ], [ 37.4813846, 55.721074300000012 ], [ 37.480927900000012, 55.721050200000022 ], [ 37.4805281, 55.7210266 ], [ 37.4802062, 55.721061100000014 ], [ 37.4798359, 55.721142400000019 ], [ 37.4795508, 55.72117 ], [ 37.47936, 55.7211681 ], [ 37.478815, 55.72110390000001 ], [ 37.478066300000016, 55.7212097 ], [ 37.4776404, 55.72129790000001 ], [ 37.4773014, 55.721379 ], [ 37.476999600000013, 55.721476800000012 ], [ 37.4769359, 55.721533400000013 ], [ 37.47687650000001, 55.7215376 ], [ 37.476760200000015, 55.721529 ], [ 37.4766089, 55.721468 ], [ 37.476317500000015, 55.721363 ], [ 37.4757841, 55.7211407 ], [ 37.475373499999989, 55.720955200000027 ], [ 37.4749007, 55.720760500000011 ], [ 37.474465500000015, 55.720546 ], [ 37.4741587, 55.720374900000031 ], [ 37.4738013, 55.7201624 ], [ 37.473404800000019, 55.720007200000012 ], [ 37.4732445, 55.7199212 ], [ 37.4730866, 55.719794 ], [ 37.4729495, 55.7196562 ], [ 37.4728541, 55.7194986 ], [ 37.472845700000022, 55.719313 ], [ 37.4729132, 55.7190341 ], [ 37.472857500000025, 55.718800800000018 ], [ 37.472724900000024, 55.7187522 ], [ 37.4724701, 55.7185554 ], [ 37.4721991, 55.718415899999989 ], [ 37.4720166, 55.718417 ], [ 37.471834700000024, 55.7184558 ], [ 37.47144890000002, 55.7186473 ], [ 37.471269, 55.718733100000016 ], [ 37.4709149, 55.71900680000001 ], [ 37.4707544, 55.7191621 ], [ 37.4705973, 55.71932 ], [ 37.4705072, 55.7193792 ], [ 37.470347700000012, 55.71940450000001 ], [ 37.4702019, 55.719403200000023 ], [ 37.469840100000013, 55.719362 ], [ 37.4697373, 55.7193438 ], [ 37.4696365, 55.7193105 ], [ 37.4694273, 55.719198600000013 ], [ 37.469196599999989, 55.7190026 ], [ 37.469110700000016, 55.718827900000015 ], [ 37.4691088, 55.718671 ], [ 37.4691321, 55.7185028 ], [ 37.469278800000012, 55.7182412 ], [ 37.469445600000014, 55.718143299999987 ], [ 37.4696298, 55.7180945 ], [ 37.4699415, 55.718086 ], [ 37.4703397, 55.7180532 ], [ 37.4705921, 55.717973100000016 ], [ 37.470786100000012, 55.717873599999983 ], [ 37.4712131, 55.717541799999985 ], [ 37.471576, 55.717388100000015 ], [ 37.471804100000014, 55.717271 ], [ 37.471978900000025, 55.717116900000015 ], [ 37.4720821, 55.7169883 ], [ 37.472038200000021, 55.7166298 ], [ 37.4719087, 55.7163755 ], [ 37.4716319, 55.716188700000018 ], [ 37.4714656, 55.7161241 ], [ 37.471301100000012, 55.7160919 ], [ 37.4708017, 55.716011100000017 ], [ 37.4706615, 55.7159361 ], [ 37.4705888, 55.715841 ], [ 37.4706131, 55.715783800000018 ], [ 37.4707514, 55.7157482 ], [ 37.4709648, 55.7157213 ], [ 37.4711229, 55.715686600000019 ], [ 37.471356, 55.715636800000013 ], [ 37.4714943, 55.715556600000021 ], [ 37.471539, 55.7154788 ], [ 37.47154050000001, 55.71540550000001 ], [ 37.4714764, 55.7151857 ], [ 37.4713057, 55.7150792 ], [ 37.4709716, 55.7150116 ], [ 37.4708342, 55.714981699999989 ], [ 37.470729200000015, 55.7149171 ], [ 37.4706983, 55.714805800000015 ], [ 37.4707306, 55.714639900000016 ], [ 37.470995399999985, 55.7144465 ], [ 37.471071400000014, 55.7143472 ], [ 37.4712958, 55.714301400000018 ], [ 37.471453400000023, 55.714237700000012 ], [ 37.4715466, 55.714124 ], [ 37.471514900000017, 55.7139149 ], [ 37.471436900000015, 55.7138166 ], [ 37.4713077, 55.713748800000012 ], [ 37.47114710000001, 55.71372130000001 ], [ 37.470885200000019, 55.7137952 ], [ 37.470643500000016, 55.713900099999989 ], [ 37.4705153, 55.713917600000016 ], [ 37.4702913, 55.713892599999987 ], [ 37.4700867, 55.713748 ], [ 37.4699668, 55.713688200000014 ], [ 37.4694676, 55.7136275 ], [ 37.4690345, 55.7135922 ], [ 37.468478, 55.713601599999983 ], [ 37.46821940000001, 55.71362 ], [ 37.4680216, 55.7136655 ], [ 37.4679484, 55.7137599 ], [ 37.4679106, 55.713920200000011 ], [ 37.4679614, 55.7141009 ], [ 37.468123200000015, 55.714181100000012 ], [ 37.468517200000022, 55.714323100000016 ], [ 37.468664, 55.7144158 ], [ 37.4686994, 55.7145461 ], [ 37.4686658, 55.714644 ], [ 37.4685769, 55.7148195 ], [ 37.468466, 55.7148809 ], [ 37.468240200000011, 55.715007300000011 ], [ 37.4681472, 55.715061 ], [ 37.4680231, 55.715099100000018 ], [ 37.467851600000017, 55.7151619 ], [ 37.4675788, 55.7152406 ], [ 37.4673132, 55.7153554 ], [ 37.4672354, 55.715442800000012 ], [ 37.4670469, 55.715576800000015 ], [ 37.4669423, 55.715609900000018 ], [ 37.4668179, 55.715611200000012 ], [ 37.4666364, 55.7155649 ], [ 37.4664534, 55.7155028 ], [ 37.466206, 55.715428 ], [ 37.465992, 55.7153365 ], [ 37.4658572, 55.715269700000015 ], [ 37.4657184, 55.71521750000003 ], [ 37.4656123, 55.7151551 ], [ 37.465452100000014, 55.7150034 ], [ 37.465328, 55.714915100000013 ], [ 37.4652373, 55.714842 ], [ 37.4651249, 55.714764099999989 ], [ 37.4649529, 55.714635 ], [ 37.46471840000001, 55.714487400000017 ], [ 37.4645704, 55.714349100000014 ], [ 37.464351300000011, 55.71425090000001 ], [ 37.4641144, 55.714112100000015 ], [ 37.4638008, 55.7139221 ], [ 37.4636944, 55.713831500000012 ], [ 37.463622500000014, 55.7137261 ], [ 37.4636567, 55.713537799999976 ], [ 37.463757, 55.7134456 ], [ 37.4638628, 55.7133876 ], [ 37.4639974, 55.713330600000013 ], [ 37.4641811, 55.7133107 ], [ 37.4646584, 55.713281 ], [ 37.4648372, 55.7132675 ], [ 37.464943800000022, 55.7132341 ], [ 37.4653477, 55.713102300000017 ], [ 37.465774200000013, 55.7129666 ], [ 37.4661215, 55.7129596 ], [ 37.466412, 55.7129718 ], [ 37.466691400000023, 55.7128928 ], [ 37.466973300000014, 55.712811200000012 ], [ 37.4673707, 55.71280710000002 ], [ 37.467517900000011, 55.712790700000014 ], [ 37.467690900000015, 55.7127155 ], [ 37.4678703, 55.7126089 ], [ 37.4680282, 55.7124181 ], [ 37.4680244, 55.71223830000001 ], [ 37.4679305, 55.712117400000011 ], [ 37.467764500000015, 55.7119799 ], [ 37.4675817, 55.7118089 ], [ 37.4673647, 55.711637200000013 ], [ 37.4670171, 55.7114232 ], [ 37.4666612, 55.7113197 ], [ 37.4664481, 55.7114092 ], [ 37.466228, 55.7114338 ], [ 37.4660821, 55.711493100000013 ], [ 37.4657975, 55.711615400000014 ], [ 37.4655082, 55.711573800000018 ], [ 37.4654145, 55.7114764 ], [ 37.4655189, 55.7113232 ], [ 37.4656536, 55.7112628 ], [ 37.4657048, 55.711158800000021 ], [ 37.4656514, 55.711020499999989 ], [ 37.4653828, 55.710916 ], [ 37.465091, 55.710872 ], [ 37.464973, 55.710825100000022 ], [ 37.46471480000001, 55.710641699999982 ], [ 37.4644022, 55.710421 ], [ 37.4641324, 55.710375100000014 ], [ 37.4640896, 55.710312 ], [ 37.463913900000016, 55.7102468 ], [ 37.463715100000016, 55.710304500000014 ], [ 37.4634079, 55.7105783 ], [ 37.462882900000011, 55.710862900000024 ], [ 37.4625213, 55.7110589 ], [ 37.462234, 55.711130800000014 ], [ 37.4618543, 55.7111672 ], [ 37.461347100000019, 55.7111114 ], [ 37.460791899999982, 55.7110732 ], [ 37.46045920000001, 55.7109749 ], [ 37.460431, 55.7107833 ], [ 37.460077800000015, 55.7104857 ], [ 37.4597328, 55.710406200000016 ], [ 37.4592709, 55.710293 ], [ 37.4589619, 55.710293 ], [ 37.4586443, 55.7103123 ], [ 37.458393400000013, 55.7103217 ], [ 37.458050700000022, 55.7103409 ], [ 37.457715800000017, 55.7103242 ], [ 37.457374900000012, 55.7102459 ], [ 37.457077500000018, 55.710154 ], [ 37.4566292, 55.710052900000029 ], [ 37.456113500000022, 55.710066199999986 ], [ 37.4553768, 55.7099851 ], [ 37.4546998, 55.70995880000001 ], [ 37.4549618, 55.70910360000002 ], [ 37.454760900000011, 55.709099400000014 ], [ 37.454626600000012, 55.7090998 ], [ 37.453878400000015, 55.70915830000002 ], [ 37.453001, 55.709234 ], [ 37.4522784, 55.709283900000017 ], [ 37.4499459, 55.7094344 ], [ 37.449801, 55.7094437 ], [ 37.4492595, 55.7094717 ], [ 37.44873410000001, 55.7094988 ], [ 37.448694100000012, 55.7093944 ], [ 37.447918100000024, 55.707018800000014 ], [ 37.4445111, 55.706122300000018 ], [ 37.4355182, 55.7057383 ], [ 37.4333685, 55.7044946 ], [ 37.4305886, 55.7041643 ], [ 37.4240455, 55.706993800000014 ], [ 37.42394950000002, 55.7071225 ], [ 37.4212797, 55.7080662 ], [ 37.4208231, 55.7058865 ], [ 37.420626500000012, 55.7051069 ], [ 37.4205911, 55.7049565 ], [ 37.420495, 55.704552 ], [ 37.420288600000013, 55.70455960000001 ], [ 37.4196314, 55.7046801 ], [ 37.418768100000015, 55.705004800000012 ], [ 37.4159029, 55.7060818 ], [ 37.4158663, 55.7060564 ], [ 37.4139938, 55.7067526 ], [ 37.412582400000012, 55.7073519 ], [ 37.412021100000011, 55.7075676 ], [ 37.4119753, 55.7075276 ], [ 37.4119623, 55.7074456 ], [ 37.411971300000012, 55.707355500000013 ], [ 37.4120229, 55.7072025 ], [ 37.4120511, 55.706991100000032 ], [ 37.4120407, 55.7068651 ], [ 37.412012900000015, 55.706789100000016 ], [ 37.411953500000017, 55.706712100000018 ], [ 37.4118201, 55.70663830000003 ], [ 37.4115609, 55.706512100000012 ], [ 37.41141810000002, 55.7064629 ], [ 37.4113051, 55.7064473 ], [ 37.4112436, 55.7064305 ], [ 37.4110117, 55.706314400000011 ], [ 37.4108467, 55.7062357 ], [ 37.409156700000011, 55.705183700000021 ], [ 37.4086111, 55.704831800000029 ], [ 37.4080196, 55.704434300000017 ], [ 37.407695500000024, 55.7042614 ], [ 37.4073044, 55.7040892 ], [ 37.406812300000013, 55.703894100000014 ], [ 37.406646800000019, 55.703824500000017 ], [ 37.4065399, 55.703767800000016 ], [ 37.4061957, 55.7035079 ], [ 37.4059976, 55.7033997 ], [ 37.4058519, 55.703317400000024 ], [ 37.4053745, 55.7031001 ], [ 37.4050471, 55.7029911 ], [ 37.4046644, 55.7028244 ], [ 37.40455630000001, 55.702764500000015 ], [ 37.404461100000013, 55.7026775 ], [ 37.404385400000017, 55.702574 ], [ 37.4043704, 55.702531700000016 ], [ 37.4043728, 55.7024957 ], [ 37.40439520000001, 55.702431 ], [ 37.4045087, 55.7022335 ], [ 37.404616, 55.702073300000016 ], [ 37.4047092, 55.701999600000015 ], [ 37.404765, 55.7019696 ], [ 37.4048242, 55.701949 ], [ 37.405272199999985, 55.7018223 ], [ 37.405408800000011, 55.7017673 ], [ 37.4054972, 55.7017057 ], [ 37.405585600000023, 55.7016237 ], [ 37.40562760000001, 55.7015588 ], [ 37.4056528, 55.7014908 ], [ 37.4056626, 55.7013241 ], [ 37.405691, 55.7012558 ], [ 37.4057734, 55.701128200000021 ], [ 37.4058224, 55.7010105 ], [ 37.405967600000011, 55.700709100000019 ], [ 37.4059654, 55.700639099999989 ], [ 37.4059284, 55.7004967 ], [ 37.405649500000024, 55.70024750000001 ], [ 37.4049071, 55.699881800000014 ], [ 37.4047317, 55.6998333 ], [ 37.404618, 55.6997898 ], [ 37.4044007, 55.699664800000022 ], [ 37.404210100000022, 55.699562300000011 ], [ 37.4040938, 55.699482500000023 ], [ 37.4040447, 55.6994714 ], [ 37.4039998, 55.699469 ], [ 37.403898900000016, 55.6995022 ], [ 37.403831100000012, 55.6995035 ], [ 37.4037559, 55.699476900000015 ], [ 37.4036023, 55.699366 ], [ 37.4035063, 55.6993434 ], [ 37.4033072, 55.699332400000017 ], [ 37.4031642, 55.6993174 ], [ 37.403064400000012, 55.699291200000012 ], [ 37.402282600000014, 55.698922700000018 ], [ 37.402161700000015, 55.698838900000013 ], [ 37.401418, 55.6983077 ], [ 37.4008323, 55.6979391 ], [ 37.3992459, 55.6975865 ], [ 37.398366100000011, 55.6974353 ], [ 37.3979048, 55.6972056 ], [ 37.3974549, 55.696688 ], [ 37.3970234, 55.696566400000023 ], [ 37.396352100000016, 55.696607 ], [ 37.3956625, 55.69665530000001 ], [ 37.395072400000011, 55.6965526 ], [ 37.394591200000015, 55.6965114 ], [ 37.3941896, 55.696310900000014 ], [ 37.393813499999986, 55.6961231 ], [ 37.3934058, 55.6960335 ], [ 37.3938723, 55.695065400000011 ], [ 37.393558800000015, 55.694831900000011 ], [ 37.3901959, 55.69677590000002 ], [ 37.3841169, 55.693937200000015 ], [ 37.383889, 55.693704500000024 ], [ 37.383884499999986, 55.693362700000016 ], [ 37.383508900000024, 55.6932582 ], [ 37.3830817, 55.693319 ], [ 37.382785900000016, 55.693256500000011 ], [ 37.381277, 55.6925273 ], [ 37.381033800000012, 55.692591800000017 ], [ 37.3775501, 55.690810400000011 ], [ 37.3771988, 55.690614600000011 ], [ 37.3750421, 55.6889786 ], [ 37.3732577, 55.6895237 ], [ 37.3725327, 55.6897472 ], [ 37.371649400000017, 55.6899982 ], [ 37.371502, 55.6900401 ], [ 37.372895900000017, 55.691102500000014 ], [ 37.370131199999989, 55.6914606 ], [ 37.3679036, 55.69172780000001 ], [ 37.367633, 55.6914841 ], [ 37.3673372, 55.6912308 ], [ 37.3673085, 55.6912415 ], [ 37.3672892, 55.691248700000024 ], [ 37.36719750000001, 55.691159300000017 ], [ 37.366829200000019, 55.690935299999985 ], [ 37.366655300000012, 55.690783200000013 ], [ 37.3661031, 55.6900987 ], [ 37.3653644, 55.6902529 ], [ 37.3643209, 55.690691500000014 ], [ 37.363364500000024, 55.6899639 ], [ 37.362729, 55.688810100000012 ], [ 37.36352830000002, 55.6885364 ], [ 37.364354400000018, 55.6882413 ], [ 37.3639508, 55.687769400000015 ], [ 37.360023900000016, 55.6889242 ], [ 37.3596676, 55.6890355 ], [ 37.3606971, 55.6897936 ], [ 37.361007700000016, 55.689933100000012 ], [ 37.361096, 55.689988200000016 ], [ 37.361118, 55.6901108 ], [ 37.3609638, 55.6902162 ], [ 37.3608118, 55.6902991 ], [ 37.3602348, 55.6905368 ], [ 37.3594169, 55.6908262 ], [ 37.3592063, 55.6909133 ], [ 37.3592741, 55.6914038 ], [ 37.3583976, 55.6916833 ], [ 37.357991800000022, 55.6917687 ], [ 37.3572617, 55.6904081 ], [ 37.3569354, 55.690120800000017 ], [ 37.356753800000014, 55.689960800000016 ], [ 37.356706200000019, 55.6893346 ], [ 37.3562459, 55.68862780000002 ], [ 37.355801500000013, 55.6874558 ], [ 37.356658600000024, 55.687706300000031 ], [ 37.3556746, 55.6861406 ], [ 37.3550715, 55.68552320000002 ], [ 37.3611, 55.682097799999987 ], [ 37.358928299999988, 55.6798956 ], [ 37.3586273, 55.679595 ], [ 37.3580956, 55.679077600000021 ], [ 37.3574845, 55.679243200000016 ], [ 37.3564887, 55.6783159 ], [ 37.3544386, 55.6764784 ], [ 37.3490264, 55.6786709 ], [ 37.346038400000019, 55.6762631 ], [ 37.3341068, 55.6804232 ], [ 37.33363760000001, 55.680588299999989 ], [ 37.33331, 55.680714200000018 ], [ 37.331171900000015, 55.6814473 ], [ 37.33105290000001, 55.6813421 ], [ 37.3305172, 55.6814853 ], [ 37.329854600000012, 55.6816441 ], [ 37.3295332, 55.6819014 ], [ 37.3291245, 55.6819282 ], [ 37.3260965, 55.682856800000017 ], [ 37.329090700000016, 55.6854965 ], [ 37.3292442, 55.6856163 ], [ 37.3297058, 55.6854456 ], [ 37.3287351, 55.684607300000017 ], [ 37.328707, 55.684474500000022 ], [ 37.326849600000017, 55.6829465 ], [ 37.330946, 55.6815387 ], [ 37.332472300000013, 55.6829149 ], [ 37.334049100000016, 55.682025900000021 ], [ 37.334868299999989, 55.6824751 ], [ 37.3335553, 55.6832534 ], [ 37.3339537, 55.683936700000018 ], [ 37.333998600000015, 55.6840854 ], [ 37.3339256, 55.68421510000001 ], [ 37.333723599999985, 55.6843258 ], [ 37.3294276, 55.6857865 ], [ 37.3307451, 55.6870408 ], [ 37.330653, 55.6870726 ], [ 37.3334875, 55.6896833 ], [ 37.333852600000014, 55.6895581 ], [ 37.3354635, 55.6910253 ], [ 37.3381296, 55.693406200000027 ], [ 37.338696700000014, 55.6925462 ], [ 37.3387, 55.691365100000013 ], [ 37.3378599, 55.6901498 ], [ 37.3380944, 55.6896305 ], [ 37.3388442, 55.688683400000016 ], [ 37.3386048, 55.688657 ], [ 37.3388052, 55.687995200000024 ], [ 37.3388273, 55.687703 ], [ 37.33893920000002, 55.687659800000013 ], [ 37.338836100000016, 55.6873169 ], [ 37.33912620000001, 55.6872895 ], [ 37.3394208, 55.687344300000021 ], [ 37.3393663, 55.6877536 ], [ 37.3397331, 55.6879645 ], [ 37.3397625, 55.6881671 ], [ 37.3414178, 55.6885198 ], [ 37.3415425, 55.688542600000019 ], [ 37.342044, 55.688627900000014 ], [ 37.3420278, 55.6886827 ], [ 37.3423412, 55.688714 ], [ 37.34241810000001, 55.688721700000016 ], [ 37.3423024, 55.6890876 ], [ 37.3438915, 55.6892561 ], [ 37.3440806, 55.6894619 ], [ 37.3439761, 55.689619700000023 ], [ 37.344006, 55.690699900000013 ], [ 37.3425219, 55.69242280000001 ], [ 37.342479, 55.6930411 ], [ 37.342615800000011, 55.693825700000012 ], [ 37.3427553, 55.6940449 ], [ 37.342985900000023, 55.6944561 ], [ 37.343109300000016, 55.694691900000031 ], [ 37.343151700000014, 55.6956857 ], [ 37.3447258, 55.698373 ], [ 37.345029600000011, 55.6985118 ], [ 37.3450944, 55.698271300000023 ], [ 37.347327700000015, 55.6976009 ], [ 37.351802, 55.7000554 ], [ 37.3516512, 55.701786 ], [ 37.3515243, 55.7018486 ], [ 37.351564, 55.7022422 ], [ 37.3560531, 55.704683100000011 ], [ 37.356367300000024, 55.704531400000015 ], [ 37.3539881, 55.7030896 ], [ 37.354100300000013, 55.7022801 ], [ 37.353135200000011, 55.701723599999987 ], [ 37.3533447, 55.7003532 ], [ 37.3556342, 55.700441700000013 ], [ 37.3557127, 55.6993792 ], [ 37.3574972, 55.6994298 ], [ 37.357643100000011, 55.698500100000011 ], [ 37.3616608, 55.6986519 ], [ 37.3614299, 55.700509300000014 ], [ 37.363248, 55.700566200000011 ], [ 37.3633154, 55.701729900000018 ], [ 37.36348370000001, 55.701729900000018 ], [ 37.36348370000001, 55.701445300000032 ], [ 37.364437700000011, 55.7007559 ], [ 37.3656273, 55.700806500000013 ], [ 37.365616100000011, 55.701173300000015 ], [ 37.365402800000012, 55.7013694 ], [ 37.3652233, 55.701382 ], [ 37.3648305, 55.701736200000013 ], [ 37.365346700000018, 55.701748800000011 ], [ 37.365604800000014, 55.701888 ], [ 37.3659191, 55.702400200000014 ], [ 37.3659864, 55.7027923 ], [ 37.3664465, 55.7029377 ], [ 37.36669340000001, 55.7019891 ], [ 37.369122, 55.7023511 ], [ 37.3689728, 55.702761200000019 ], [ 37.367911200000023, 55.702692399999982 ], [ 37.3676622, 55.7032721 ], [ 37.368587600000012, 55.7034838 ], [ 37.3687594, 55.7031475 ], [ 37.3708919, 55.703690300000019 ], [ 37.37036040000001, 55.704109600000017 ], [ 37.3685867, 55.7037053 ], [ 37.36839470000001, 55.7041597 ], [ 37.3661551, 55.7070035 ], [ 37.3689355, 55.7074092 ], [ 37.3691979, 55.7084045 ], [ 37.3684404, 55.70845150000001 ], [ 37.368351700000019, 55.708223 ], [ 37.3675534, 55.7082088 ], [ 37.36740850000001, 55.70801680000001 ], [ 37.3650394, 55.708048399999981 ], [ 37.3641316, 55.708821600000029 ], [ 37.3694445, 55.710363300000026 ], [ 37.3719215, 55.7108317 ], [ 37.375562100000025, 55.71141990000001 ], [ 37.3761056, 55.710621900000014 ], [ 37.376616200000015, 55.71060330000001 ], [ 37.3774514, 55.709294399999983 ], [ 37.3774699, 55.708748500000013 ], [ 37.3776297, 55.7040204 ], [ 37.378183, 55.6970549 ], [ 37.382014, 55.6985367 ], [ 37.3854471, 55.6969691 ], [ 37.3878858, 55.698104500000014 ], [ 37.3898298, 55.6969492 ], [ 37.3921625, 55.6984232 ], [ 37.3886458, 55.700793400000016 ], [ 37.3904837, 55.7024365 ], [ 37.3882393, 55.703233200000014 ], [ 37.388562200000024, 55.7035562 ], [ 37.3879413, 55.7043201 ], [ 37.3924774, 55.7059193 ], [ 37.3919978, 55.70637480000002 ], [ 37.389706200000013, 55.7081228 ], [ 37.387878, 55.7099358 ], [ 37.387033699999989, 55.710773 ], [ 37.386661, 55.71114750000001 ], [ 37.3864367, 55.711264600000014 ], [ 37.3862448, 55.711356599999988 ], [ 37.3860376, 55.7114591 ], [ 37.385824900000024, 55.71155610000001 ], [ 37.3855974, 55.7116619 ], [ 37.3854092, 55.7117403 ], [ 37.385102, 55.711852800000017 ], [ 37.3848363, 55.711934800000016 ], [ 37.3845399, 55.7120359 ], [ 37.384309800000011, 55.712110600000031 ], [ 37.3840359, 55.7121853 ], [ 37.383749700000017, 55.7122778 ], [ 37.3834778, 55.712364900000011 ], [ 37.383198800000024, 55.7124586 ], [ 37.3829616, 55.7125329 ], [ 37.382766799999985, 55.7125981 ], [ 37.382635100000023, 55.712639200000012 ], [ 37.3823003, 55.71268220000001 ], [ 37.382011499999983, 55.7126527 ], [ 37.3815623, 55.7126033 ], [ 37.381352, 55.7130943 ], [ 37.38149210000001, 55.71312480000001 ], [ 37.3816757, 55.7131721 ], [ 37.381837700000013, 55.7132317 ], [ 37.3820207, 55.7133219 ], [ 37.382223400000015, 55.7134339 ], [ 37.3823952, 55.71354980000001 ], [ 37.382537400000011, 55.7136545 ], [ 37.382718, 55.71378450000001 ], [ 37.3828791, 55.713897600000024 ], [ 37.383052100000015, 55.714016300000019 ], [ 37.383201100000022, 55.714115 ], [ 37.3834063, 55.7142463 ], [ 37.38354930000002, 55.7143359 ], [ 37.3837149, 55.7144475 ], [ 37.383845200000017, 55.714547100000011 ], [ 37.3839868, 55.714670600000012 ], [ 37.384066, 55.7147792 ], [ 37.3840912, 55.714812900000013 ], [ 37.384137699999989, 55.7148784 ], [ 37.3842333, 55.7150253 ], [ 37.3843099, 55.7151659 ], [ 37.3834397, 55.71685650000002 ], [ 37.3824807, 55.7187195 ], [ 37.382411900000015, 55.718853200000012 ], [ 37.382409400000014, 55.7188581 ], [ 37.381123500000015, 55.7213834 ], [ 37.3809389, 55.721527400000021 ], [ 37.380755300000011, 55.7216628 ], [ 37.380575400000019, 55.7218051 ], [ 37.3804383, 55.7219483 ], [ 37.3803066, 55.7220995 ], [ 37.380187, 55.722244499999988 ], [ 37.3800325, 55.7223953 ], [ 37.379867100000013, 55.7225333 ], [ 37.379689600000013, 55.7226643 ], [ 37.379512200000015, 55.7228124 ], [ 37.379327700000012, 55.7229619 ], [ 37.3791054, 55.723107 ], [ 37.378889300000012, 55.7232244 ], [ 37.3787198, 55.7232884 ], [ 37.378454, 55.7233384 ], [ 37.3784783, 55.7237525 ], [ 37.3786614, 55.7237657 ], [ 37.3788459, 55.723815 ], [ 37.378976700000024, 55.7239222 ], [ 37.379091, 55.724022899999987 ], [ 37.379214799999986, 55.724194900000015 ], [ 37.3792452, 55.724294500000013 ], [ 37.3792144, 55.724676600000024 ], [ 37.379268400000015, 55.7250186 ], [ 37.3783688, 55.7267942 ], [ 37.3772042, 55.729079800000015 ], [ 37.3771112, 55.729262200000022 ], [ 37.3766308, 55.7302791 ], [ 37.375742700000011, 55.7318875 ], [ 37.3747956, 55.7318736 ], [ 37.374180600000017, 55.7321508 ], [ 37.3739824, 55.7325129 ], [ 37.373957100000013, 55.732714800000018 ], [ 37.373984200000017, 55.7329321 ], [ 37.3741353, 55.733271400000014 ], [ 37.374368500000017, 55.7338103 ], [ 37.374443600000014, 55.73408830000001 ], [ 37.3745176, 55.7343246 ], [ 37.37413320000001, 55.735085 ], [ 37.37394010000002, 55.7356187 ], [ 37.3735547, 55.7364938 ], [ 37.3713481, 55.740803600000028 ], [ 37.370409, 55.742527400000021 ], [ 37.3700158, 55.743395800000016 ], [ 37.3689477, 55.745982 ], [ 37.368577, 55.7478677 ], [ 37.3683119, 55.75013 ], [ 37.368302400000012, 55.751942600000014 ], [ 37.3684666, 55.75598020000001 ], [ 37.368565100000012, 55.7568756 ], [ 37.3685442, 55.757775200000019 ], [ 37.3685414, 55.758676300000012 ], [ 37.368491200000015, 55.7595728 ], [ 37.368591100000017, 55.7604636 ], [ 37.368455900000022, 55.7612601 ], [ 37.368489, 55.7625565 ], [ 37.368337400000023, 55.7626399 ], [ 37.36815450000001, 55.7627331 ], [ 37.367872, 55.7630371 ], [ 37.3679288, 55.7632062 ], [ 37.368008300000014, 55.7633456 ], [ 37.368075899999987, 55.763484 ], [ 37.368128500000012, 55.763622 ], [ 37.3681563, 55.763776 ], [ 37.3681429, 55.763838700000015 ], [ 37.3680775, 55.763950700000024 ], [ 37.3680269, 55.7640507 ], [ 37.367905, 55.7641355 ], [ 37.367672300000017, 55.7641989 ], [ 37.367496800000019, 55.7642344 ], [ 37.3672854, 55.764263400000011 ], [ 37.367010600000015, 55.764291700000015 ], [ 37.3667278, 55.7643188 ], [ 37.366547200000021, 55.7642924 ], [ 37.3662853, 55.764289 ], [ 37.365736400000017, 55.764204600000014 ], [ 37.36561240000001, 55.764412400000012 ], [ 37.3656347, 55.76441530000001 ], [ 37.3658077, 55.7644374 ], [ 37.366306, 55.7646072 ], [ 37.3665194, 55.764881 ], [ 37.3665436, 55.7649435 ], [ 37.366409200000014, 55.7649251 ], [ 37.366413800000011, 55.7649364 ], [ 37.3664961, 55.7650964 ], [ 37.366554, 55.765258200000012 ], [ 37.3665815, 55.7653688 ], [ 37.366637400000016, 55.7654751 ], [ 37.3667302, 55.7656208 ], [ 37.3668393, 55.7657364 ], [ 37.3669011, 55.76579760000002 ], [ 37.3671027, 55.765927 ], [ 37.367222, 55.7660207 ], [ 37.3673967, 55.7661561 ], [ 37.3675796, 55.7662788 ], [ 37.36776680000002, 55.7663857 ], [ 37.367949300000014, 55.766499 ], [ 37.3681548, 55.766640200000012 ], [ 37.368350800000016, 55.7667547 ], [ 37.36850840000001, 55.7668674 ], [ 37.3686078, 55.7669409 ], [ 37.3686545, 55.7685038 ], [ 37.3686444, 55.76869 ], [ 37.368537800000013, 55.7688578 ], [ 37.3684337, 55.768930400000023 ], [ 37.3682978, 55.7690294 ], [ 37.3681324, 55.769141200000021 ], [ 37.367958, 55.7692513 ], [ 37.367760899999986, 55.7693792 ], [ 37.3675624, 55.769495300000017 ], [ 37.367373, 55.7696215 ], [ 37.3671619, 55.7697507 ], [ 37.3670275, 55.7697729 ], [ 37.366883700000017, 55.7697945 ], [ 37.3667072, 55.7698806 ], [ 37.3665267, 55.770008400000016 ], [ 37.3664555, 55.770103 ], [ 37.3663989, 55.7702522 ], [ 37.3664095, 55.770367800000017 ], [ 37.366527600000012, 55.770535400000014 ], [ 37.3666203, 55.770684400000015 ], [ 37.3667694, 55.7708363 ], [ 37.3667564, 55.770903100000012 ], [ 37.3666879, 55.7709677 ], [ 37.366542500000016, 55.7710439 ], [ 37.3663573, 55.7711444 ], [ 37.3661079, 55.7712637 ], [ 37.365860600000012, 55.771381200000022 ], [ 37.3656471, 55.7715019 ], [ 37.3654184, 55.771636100000023 ], [ 37.3652599, 55.771728 ], [ 37.3653882, 55.7718121 ], [ 37.3655168, 55.7718963 ], [ 37.3657866, 55.77178390000001 ], [ 37.3660152, 55.77174560000001 ], [ 37.366196600000023, 55.7717233 ], [ 37.366315100000023, 55.771730800000014 ], [ 37.3665161, 55.7717594 ], [ 37.366610300000012, 55.771780600000014 ], [ 37.366995300000013, 55.7718889 ], [ 37.3672541, 55.7719532 ], [ 37.3675417, 55.772017500000011 ], [ 37.367700500000019, 55.7720618 ], [ 37.367872199999987, 55.77212080000001 ], [ 37.368245500000015, 55.7723118 ], [ 37.3684736, 55.772405 ], [ 37.3687433, 55.7724986 ], [ 37.3687489, 55.7726136 ], [ 37.3688249, 55.7727246 ], [ 37.3688853, 55.77303830000001 ], [ 37.3702616, 55.7730269 ], [ 37.370260800000011, 55.771362300000021 ], [ 37.3710805, 55.7708963 ], [ 37.380406100000016, 55.7715781 ], [ 37.383374500000016, 55.771675500000015 ], [ 37.386766, 55.7708554 ], [ 37.3909336, 55.7710465 ], [ 37.3948685, 55.771203 ], [ 37.397342200000011, 55.7710959 ], [ 37.39825960000001, 55.771176900000015 ], [ 37.3997447, 55.77125150000002 ], [ 37.400120400000013, 55.7712722 ], [ 37.4085801, 55.775762200000017 ], [ 37.4100321, 55.775665 ], [ 37.412185, 55.775520900000011 ], [ 37.4142917, 55.775435500000015 ], [ 37.416948599999984, 55.7753278 ], [ 37.421025500000013, 55.7749416 ], [ 37.4256268, 55.7745234 ], [ 37.4288433, 55.77428250000002 ], [ 37.4307464, 55.774173 ], [ 37.4341209, 55.77419960000001 ], [ 37.4362176, 55.774406499999984 ], [ 37.439357900000012, 55.775217600000019 ], [ 37.4436401, 55.7763323 ], [ 37.445486700000011, 55.776877300000031 ], [ 37.4473534, 55.7772534 ], [ 37.4481197, 55.777308 ], [ 37.4488294, 55.7772765 ], [ 37.44968380000001, 55.77714 ], [ 37.4506431, 55.7768688 ], [ 37.45303, 55.7756937 ], [ 37.4552656, 55.7741771 ], [ 37.4603789, 55.7690757 ], [ 37.4629397, 55.7669505 ], [ 37.463990100000011, 55.7657713 ], [ 37.464271800000013, 55.7652279 ], [ 37.464561500000016, 55.7643068 ], [ 37.4646628, 55.76329530000001 ], [ 37.4645846, 55.762794 ], [ 37.4645693, 55.762695800000017 ], [ 37.4645205, 55.762383400000012 ], [ 37.4634259, 55.760190700000017 ], [ 37.461838, 55.75883850000001 ], [ 37.45960640000002, 55.7571482 ], [ 37.4576323, 55.75582 ], [ 37.455443600000017, 55.7547815 ], [ 37.45308330000001, 55.753888 ], [ 37.448834700000013, 55.7528978 ], [ 37.445571200000025, 55.7520988 ], [ 37.4421828, 55.7513038 ], [ 37.439221599999989, 55.7505309 ], [ 37.437376400000012, 55.7496856 ], [ 37.4369242, 55.7492525 ], [ 37.4368888, 55.749218499999984 ], [ 37.436605200000017, 55.7487186 ], [ 37.4363477, 55.747873199999987 ], [ 37.436691, 55.747100300000014 ], [ 37.4373777, 55.7464239 ], [ 37.439738, 55.7452161 ], [ 37.4424846, 55.743573500000011 ], [ 37.44445870000002, 55.742607200000016 ], [ 37.4465186, 55.7418583 ], [ 37.4492652, 55.7411336 ], [ 37.4525268, 55.7406021 ], [ 37.4553163, 55.7406021 ], [ 37.4591357, 55.741206100000028 ], [ 37.4617965, 55.7418583 ], [ 37.4648006, 55.742897100000015 ], [ 37.4673755, 55.74403250000001 ], [ 37.4710233, 55.7461099 ], [ 37.4727828, 55.7472693 ], [ 37.4741561, 55.7485012 ], [ 37.475143200000012, 55.749878 ], [ 37.475786900000017, 55.7512305 ], [ 37.476173100000018, 55.752293200000018 ], [ 37.47651650000001, 55.7545875 ], [ 37.476731, 55.755964100000014 ], [ 37.4767739, 55.756905900000021 ], [ 37.476173100000018, 55.7617112 ], [ 37.476173100000018, 55.7629909 ], [ 37.476388, 55.7645104 ], [ 37.477087, 55.7655256 ], [ 37.478055500000018, 55.7666923 ], [ 37.478421600000011, 55.7670545 ], [ 37.47886590000001, 55.7673434 ], [ 37.479418400000014, 55.76754540000001 ], [ 37.4800361, 55.7677128 ], [ 37.481918899999989, 55.7679769 ], [ 37.484510800000017, 55.76817 ], [ 37.487180600000016, 55.768194100000017 ], [ 37.489715800000013, 55.767959600000012 ], [ 37.4920518, 55.767360800000013 ], [ 37.49608580000001, 55.766105400000029 ], [ 37.4975162, 55.765686400000021 ], [ 37.49814580000001, 55.7655019 ], [ 37.501064, 55.7643671 ], [ 37.502952300000011, 55.763401300000019 ], [ 37.5042827, 55.76253210000003 ], [ 37.5058276, 55.7617836 ], [ 37.511664100000019, 55.759658700000017 ], [ 37.5139298, 55.7584219 ], [ 37.514539400000011, 55.7580891 ], [ 37.516299, 55.7568334 ], [ 37.5176723, 55.7546358 ], [ 37.518144300000017, 55.7532109 ], [ 37.518502700000013, 55.752584600000013 ], [ 37.5202286, 55.750022200000025 ], [ 37.5203603, 55.749851700000015 ], [ 37.5220496, 55.747583400000011 ], [ 37.5225208, 55.747210600000017 ], [ 37.5236375, 55.7463273 ], [ 37.525568700000015, 55.7453369 ], [ 37.527972, 55.7446122 ], [ 37.5324042, 55.7443963 ], [ 37.536726700000017, 55.7446364 ], [ 37.5403745, 55.745457699999989 ], [ 37.5435502, 55.74652050000001 ], [ 37.5490434, 55.7489843 ], [ 37.5545352, 55.75143640000001 ], [ 37.5575617, 55.75239040000001 ], [ 37.5601783, 55.753078400000014 ], [ 37.5640208, 55.753597400000011 ], [ 37.5678832, 55.7533558 ], [ 37.5708015, 55.752727899999989 ], [ 37.5720599, 55.7520197 ], [ 37.5730331, 55.751472 ], [ 37.574020100000013, 55.7503369 ], [ 37.5744922, 55.7488635 ], [ 37.5744493, 55.7463273 ], [ 37.574133800000013, 55.745453600000012 ], [ 37.573891400000015, 55.7447089 ], [ 37.5730331, 55.743694300000016 ], [ 37.5683267, 55.7385525 ], [ 37.565750300000012, 55.736401 ], [ 37.5636326, 55.7350954 ], [ 37.5590625, 55.7330687 ], [ 37.5530345, 55.729946600000012 ], [ 37.54882880000001, 55.7284242 ], [ 37.547785600000012, 55.7280681 ], [ 37.5452203, 55.7271913 ], [ 37.5449026, 55.727055700000015 ], [ 37.5430747, 55.725566300000011 ], [ 37.5418635, 55.7240396 ], [ 37.5411815, 55.722055800000014 ], [ 37.5410812, 55.7201251 ], [ 37.5418853, 55.7175946 ], [ 37.5433307, 55.715617200000011 ], [ 37.5459418, 55.713687 ], [ 37.5485159, 55.7122628 ], [ 37.552897, 55.7109726 ], [ 37.5568729, 55.710342600000011 ], [ 37.55923210000001, 55.7102802 ], [ 37.5570247, 55.708614800000014 ], [ 37.554149400000014, 55.7065306 ], [ 37.546313, 55.7007463 ], [ 37.5365712, 55.6935632 ], [ 37.5357473, 55.693098800000016 ], [ 37.5300533, 55.689929 ], [ 37.5116624, 55.679730600000013 ], [ 37.5121291, 55.6794428 ], [ 37.5142637, 55.678286 ], [ 37.5188513, 55.67613410000002 ], [ 37.523698500000016, 55.673847 ], [ 37.5240027, 55.673720300000014 ], [ 37.5241382, 55.6736653 ] ] ] ] } },
{ "type": "Feature", "properties": { "fid": 198, "okrug": 198, "wiki_name": "Город Москва - Ленинградский одномандатный избирательный округ ", "wiki_pop": 506038, "wiki_terr": "Северный административный округ (район Аэропорт, район Беговой, Бескудниковский район, район Восточное Дегунино, Дмитровский район, район Западное Дегунино, район Коптево, Савеловский район, район Сокол, Тимирязевский район, Хорошевский район) ", "color": "#B1E424", "2021_duma_oik196_Иванова": 0.0, "2021_duma_oik196_Крюков": 0.0, "2021_duma_oik196_Малинкович": 0.0, "2021_duma_oik196_Миронова": 0.0, "2021_duma_oik196_Рашкин": 0.0, "2021_duma_oik196_Рвачев": 0.0, "2021_duma_oik196_Стрельникова": 0.0, "2021_duma_oik196_Тарасов": 0.0, "2021_duma_oik196_Федоров": 0.0, "2021_duma_oik196_Янков": 0.0, "2021_duma_oik196_явка": 0.0, "2021_duma_oik196_недействительные": 0.0, "2021_duma_oik197_Гончаров": 0.0, "2021_duma_oik197_Горшкова": 0.0, "2021_duma_oik197_Лобанов": 0.0, "2021_duma_oik197_Меньшиков": 0.0, "2021_duma_oik197_Митина": 0.0, "2021_duma_oik197_Попов": 0.0, "2021_duma_oik197_Раменский": 0.0, "2021_duma_oik197_Соболев": 0.0, "2021_duma_oik197_Тарнавский": 0.0, "2021_duma_oik197_явка": 0.0, "2021_duma_oik197_недействительные": 0.0, "2021_duma_oik198_Брюханова": 23.28, "2021_duma_oik198_Власов": 5.11, "2021_duma_oik198_Голуенко": 1.41, "2021_duma_oik198_Звягинцев": 11.51, "2021_duma_oik198_Катаев": 3.66, "2021_duma_oik198_Литвинович": 7.63, "2021_duma_oik198_Мельников": 3.11, "2021_duma_oik198_Тарбаев": 5.35, "2021_duma_oik198_Хованская": 28.78, "2021_duma_oik198_явка": 45.7, "2021_duma_oik198_недействительные": 2.75, "2021_duma_oik199_Гулина": 0.0, "2021_duma_oik199_Гуличева": 0.0, "2021_duma_oik199_Катков": 0.0, "2021_duma_oik199_Киселёв": 0.0, "2021_duma_oik199_Кульнев": 0.0, "2021_duma_oik199_Прохоренкова": 0.0, "2021_duma_oik199_Рашкин": 0.0, "2021_duma_oik199_Тарасов": 0.0, "2021_duma_oik199_Толстой": 0.0, "2021_duma_oik199_Шах": 0.0, "2021_duma_oik199_Шоладеми": 0.0, "2021_duma_oik199_явка": 0.0, "2021_duma_oik199_недействительные": 0.0, "2021_duma_oik200_Бабушкин": 0.0, "2021_duma_oik200_Вельмакин": 0.0, "2021_duma_oik200_Загребной": 0.0, "2021_duma_oik200_Запотылок": 0.0, "2021_duma_oik200_Орлов": 0.0, "2021_duma_oik200_Парфенов": 0.0, "2021_duma_oik200_Певцов": 0.0, "2021_duma_oik200_Степкин": 0.0, "2021_duma_oik200_явка": 0.0, "2021_duma_oik200_недействительные": 0.0, "2021_duma_oik201_Гаспарян": 0.0, "2021_duma_oik201_Демин": 0.0, "2021_duma_oik201_Куликов": 0.0, "2021_duma_oik201_Разворотнева": 0.0, "2021_duma_oik201_Туманов": 0.0, "2021_duma_oik201_Удалова": 0.0, "2021_duma_oik201_Удальцова": 0.0, "2021_duma_oik201_Черников": 0.0, "2021_duma_oik201_явка": 0.0, "2021_duma_oik201_недействительные": 0.0, "2021_duma_oik202_Гершберг": 0.0, "2021_duma_oik202_Лапшов": 0.0, "2021_duma_oik202_Махницкий": 0.0, "2021_duma_oik202_Михайловский": 0.0, "2021_duma_oik202_Муратова": 0.0, "2021_duma_oik202_Придорожный": 0.0, "2021_duma_oik202_Саблин": 0.0, "2021_duma_oik202_Сиднев": 0.0, "2021_duma_oik202_Суханов": 0.0, "2021_duma_oik202_явка": 0.0, "2021_duma_oik202_недействительные": 0.0, "2021_duma_oik203_Казенков": 0.0, "2021_duma_oik203_Нифантьев": 0.0, "2021_duma_oik203_Пенкин": 0.0, "2021_duma_oik203_Петров": 0.0, "2021_duma_oik203_Смолич": 0.0, "2021_duma_oik203_Турушев": 0.0, "2021_duma_oik203_Шлямина": 0.0, "2021_duma_oik203_Шушлебина": 0.0, "2021_duma_oik203_Юдин": 0.0, "2021_duma_oik203_явка": 0.0, "2021_duma_oik203_недействительные": 0.0, "2021_duma_oik204_Дворак": 0.0, "2021_duma_oik204_Доможирова": 0.0, "2021_duma_oik204_Игнатьев": 0.0, "2021_duma_oik204_Измайлов": 0.0, "2021_duma_oik204_Кавказский": 0.0, "2021_duma_oik204_Курганов": 0.0, "2021_duma_oik204_Курганский": 0.0, "2021_duma_oik204_Монахов": 0.0, "2021_duma_oik204_Пресняков": 0.0, "2021_duma_oik204_Проханов": 0.0, "2021_duma_oik204_Шувалов": 0.0, "2021_duma_oik204_Яшин": 0.0, "2021_duma_oik204_явка": 0.0, "2021_duma_oik204_недействительные": 0.0, "2021_duma_oik205_Демченко": 0.0, "2021_duma_oik205_Загордан": 0.0, "2021_duma_oik205_Ищенко": 0.0, "2021_duma_oik205_Корягина": 0.0, "2021_duma_oik205_Костычева": 0.0, "2021_duma_oik205_Медведев": 0.0, "2021_duma_oik205_Обухов": 0.0, "2021_duma_oik205_Попова": 0.0, "2021_duma_oik205_Сидоров": 0.0, "2021_duma_oik205_явка": 0.0, "2021_duma_oik205_недействительные": 0.0, "2021_duma_oik206_Васильев": 0.0, "2021_duma_oik206_Гребенник": 0.0, "2021_duma_oik206_Иванова": 0.0, "2021_duma_oik206_Копкина": 0.0, "2021_duma_oik206_Мажуга": 0.0, "2021_duma_oik206_Мишарин": 0.0, "2021_duma_oik206_Пономарев": 0.0, "2021_duma_oik206_Цыба": 0.0, "2021_duma_oik206_явка": 0.0, "2021_duma_oik206_недействительные": 0.0, "2021_duma_oik207_Макаренко": 0.0, "2021_duma_oik207_Милованов": 0.0, "2021_duma_oik207_Павлинов": 0.0, "2021_duma_oik207_Пангаев": 0.0, "2021_duma_oik207_Серафонтов": 0.0, "2021_duma_oik207_Соловьев": 0.0, "2021_duma_oik207_Ульянов": 0.0, "2021_duma_oik207_Ульянченко": 0.0, "2021_duma_oik207_Хазин": 0.0, "2021_duma_oik207_Юрченко": 0.0, "2021_duma_oik207_явка": 0.0, "2021_duma_oik207_недействительные": 0.0, "2021_duma_oik208_Кошлаков-Крестовский": 0.0, "2021_duma_oik208_Леонов": 0.0, "2021_duma_oik208_Митрохин": 0.0, "2021_duma_oik208_Останина": 0.0, "2021_duma_oik208_Хараидзе": 0.0, "2021_duma_oik208_Шевченко": 0.0, "2021_duma_oik208_Широков": 0.0, "2021_duma_oik208_Юшин": 0.0, "2021_duma_oik208_Якубович": 0.0, "2021_duma_oik208_Яндиев": 0.0, "2021_duma_oik208_явка": 0.0, "2021_duma_oik208_недействительные": 0.0, "2021_duma_oik209_Волков": 0.0, "2021_duma_oik209_Ильин": 0.0, "2021_duma_oik209_Максимов": 0.0, "2021_duma_oik209_Николаев": 0.0, "2021_duma_oik209_Палюлин": 0.0, "2021_duma_oik209_Румянцев": 0.0, "2021_duma_oik209_Чирков": 0.0, "2021_duma_oik209_Шупеня": 0.0, "2021_duma_oik209_явка": 0.0, "2021_duma_oik209_недействительные": 0.0, "2021_duma_oik210_Буткеев": 0.0, "2021_duma_oik210_Коршунков": 0.0, "2021_duma_oik210_Крапухин": 0.0, "2021_duma_oik210_Начевский": 0.0, "2021_duma_oik210_Романенко": 0.0, "2021_duma_oik210_Смитиенко": 0.0, "2021_duma_oik210_Таранцов": 0.0, "2021_duma_oik210_Таращанский": 0.0, "2021_duma_oik210_Яцевский": 0.0, "2021_duma_oik210_явка": 0.0, "2021_duma_oik210_недействительные": 0.0, "2021_duma_oik196_Иванова_party": null, "2021_duma_oik196_Крюков_party": null, "2021_duma_oik196_Малинкович_party": null, "2021_duma_oik196_Миронова_party": null, "2021_duma_oik196_Рашкин_party": null, "2021_duma_oik196_Рвачев_party": null, "2021_duma_oik196_Стрельникова_party": null, "2021_duma_oik196_Тарасов_party": null, "2021_duma_oik196_Федоров_party": null, "2021_duma_oik196_Янков_party": null, "2021_duma_oik196_явка_party": null, "2021_duma_oik196_недействительные_party": null, "2021_duma_oik197_Гончаров_party": null, "2021_duma_oik197_Горшкова_party": null, "2021_duma_oik197_Лобанов_party": null, "2021_duma_oik197_Меньшиков_party": null, "2021_duma_oik197_Митина_party": null, "2021_duma_oik197_Попов_party": null, "2021_duma_oik197_Раменский_party": null, "2021_duma_oik197_Соболев_party": null, "2021_duma_oik197_Тарнавский_party": null, "2021_duma_oik197_явка_party": null, "2021_duma_oik197_недействительные_party": null, "2021_duma_oik198_Брюханова_party": "Самовыдвижение", "2021_duma_oik198_Власов_party": "ЛДПР", "2021_duma_oik198_Голуенко_party": "Зеленая альтернатива", "2021_duma_oik198_Звягинцев_party": "КПРФ", "2021_duma_oik198_Катаев_party": "Партия свободы и справедливости", "2021_duma_oik198_Литвинович_party": "Яблоко", "2021_duma_oik198_Мельников_party": "Самовыдвижение", "2021_duma_oik198_Тарбаев_party": "Новые люди", "2021_duma_oik198_Хованская_party": "Справедливая Россия", "2021_duma_oik198_явка_party": "Неизвестно", "2021_duma_oik198_недействительные_party": "Неизвестно", "2021_duma_oik199_Гулина_party": null, "2021_duma_oik199_Гуличева_party": null, "2021_duma_oik199_Катков_party": null, "2021_duma_oik199_Киселёв_party": null, "2021_duma_oik199_Кульнев_party": null, "2021_duma_oik199_Прохоренкова_party": null, "2021_duma_oik199_Рашкин_party": null, "2021_duma_oik199_Тарасов_party": null, "2021_duma_oik199_Толстой_party": null, "2021_duma_oik199_Шах_party": null, "2021_duma_oik199_Шоладеми_party": null, "2021_duma_oik199_явка_party": null, "2021_duma_oik199_недействительные_party": null, "2021_duma_oik200_Бабушкин_party": null, "2021_duma_oik200_Вельмакин_party": null, "2021_duma_oik200_Загребной_party": null, "2021_duma_oik200_Запотылок_party": null, "2021_duma_oik200_Орлов_party": null, "2021_duma_oik200_Парфенов_party": null, "2021_duma_oik200_Певцов_party": null, "2021_duma_oik200_Степкин_party": null, "2021_duma_oik200_явка_party": null, "2021_duma_oik200_недействительные_party": null, "2021_duma_oik201_Гаспарян_party": null, "2021_duma_oik201_Демин_party": null, "2021_duma_oik201_Куликов_party": null, "2021_duma_oik201_Разворотнева_party": null, "2021_duma_oik201_Туманов_party": null, "2021_duma_oik201_Удалова_party": null, "2021_duma_oik201_Удальцова_party": null, "2021_duma_oik201_Черников_party": null, "2021_duma_oik201_явка_party": null, "2021_duma_oik201_недействительные_party": null, "2021_duma_oik202_Гершберг_party": null, "2021_duma_oik202_Лапшов_party": null, "2021_duma_oik202_Махницкий_party": null, "2021_duma_oik202_Михайловский_party": null, "2021_duma_oik202_Муратова_party": null, "2021_duma_oik202_Придорожный_party": null, "2021_duma_oik202_Саблин_party": null, "2021_duma_oik202_Сиднев_party": null, "2021_duma_oik202_Суханов_party": null, "2021_duma_oik202_явка_party": null, "2021_duma_oik202_недействительные_party": null, "2021_duma_oik203_Казенков_party": null, "2021_duma_oik203_Нифантьев_party": null, "2021_duma_oik203_Пенкин_party": null, "2021_duma_oik203_Петров_party": null, "2021_duma_oik203_Смолич_party": null, "2021_duma_oik203_Турушев_party": null, "2021_duma_oik203_Шлямина_party": null, "2021_duma_oik203_Шушлебина_party": null, "2021_duma_oik203_Юдин_party": null, "2021_duma_oik203_явка_party": null, "2021_duma_oik203_недействительные_party": null, "2021_duma_oik204_Дворак_party": null, "2021_duma_oik204_Доможирова_party": null, "2021_duma_oik204_Игнатьев_party": null, "2021_duma_oik204_Измайлов_party": null, "2021_duma_oik204_Кавказский_party": null, "2021_duma_oik204_Курганов_party": null, "2021_duma_oik204_Курганский_party": null, "2021_duma_oik204_Монахов_party": null, "2021_duma_oik204_Пресняков_party": null, "2021_duma_oik204_Проханов_party": null, "2021_duma_oik204_Шувалов_party": null, "2021_duma_oik204_Яшин_party": null, "2021_duma_oik204_явка_party": null, "2021_duma_oik204_недействительные_party": null, "2021_duma_oik205_Демченко_party": null, "2021_duma_oik205_Загордан_party": null, "2021_duma_oik205_Ищенко_party": null, "2021_duma_oik205_Корягина_party": null, "2021_duma_oik205_Костычева_party": null, "2021_duma_oik205_Медведев_party": null, "2021_duma_oik205_Обухов_party": null, "2021_duma_oik205_Попова_party": null, "2021_duma_oik205_Сидоров_party": null, "2021_duma_oik205_явка_party": null, "2021_duma_oik205_недействительные_party": null, "2021_duma_oik206_Васильев_party": null, "2021_duma_oik206_Гребенник_party": null, "2021_duma_oik206_Иванова_party": null, "2021_duma_oik206_Копкина_party": null, "2021_duma_oik206_Мажуга_party": null, "2021_duma_oik206_Мишарин_party": null, "2021_duma_oik206_Пономарев_party": null, "2021_duma_oik206_Цыба_party": null, "2021_duma_oik206_явка_party": null, "2021_duma_oik206_недействительные_party": null, "2021_duma_oik207_Макаренко_party": null, "2021_duma_oik207_Милованов_party": null, "2021_duma_oik207_Павлинов_party": null, "2021_duma_oik207_Пангаев_party": null, "2021_duma_oik207_Серафонтов_party": null, "2021_duma_oik207_Соловьев_party": null, "2021_duma_oik207_Ульянов_party": null, "2021_duma_oik207_Ульянченко_party": null, "2021_duma_oik207_Хазин_party": null, "2021_duma_oik207_Юрченко_party": null, "2021_duma_oik207_явка_party": null, "2021_duma_oik207_недействительные_party": null, "2021_duma_oik208_Кошлаков-Крестовский_party": null, "2021_duma_oik208_Леонов_party": null, "2021_duma_oik208_Митрохин_party": null, "2021_duma_oik208_Останина_party": null, "2021_duma_oik208_Хараидзе_party": null, "2021_duma_oik208_Шевченко_party": null, "2021_duma_oik208_Широков_party": null, "2021_duma_oik208_Юшин_party": null, "2021_duma_oik208_Якубович_party": null, "2021_duma_oik208_Яндиев_party": null, "2021_duma_oik208_явка_party": null, "2021_duma_oik208_недействительные_party": null, "2021_duma_oik209_Волков_party": null, "2021_duma_oik209_Ильин_party": null, "2021_duma_oik209_Максимов_party": null, "2021_duma_oik209_Николаев_party": null, "2021_duma_oik209_Палюлин_party": null, "2021_duma_oik209_Румянцев_party": null, "2021_duma_oik209_Чирков_party": null, "2021_duma_oik209_Шупеня_party": null, "2021_duma_oik209_явка_party": null, "2021_duma_oik209_недействительные_party": null, "2021_duma_oik210_Буткеев_party": null, "2021_duma_oik210_Коршунков_party": null, "2021_duma_oik210_Крапухин_party": null, "2021_duma_oik210_Начевский_party": null, "2021_duma_oik210_Романенко_party": null, "2021_duma_oik210_Смитиенко_party": null, "2021_duma_oik210_Таранцов_party": null, "2021_duma_oik210_Таращанский_party": null, "2021_duma_oik210_Яцевский_party": null, "2021_duma_oik210_явка_party": null, "2021_duma_oik210_недействительные_party": null }, "geometry": { "type": "MultiPolygon", "coordinates": [ [ [ [ 37.5519166, 55.773408300000021 ], [ 37.549605900000024, 55.7732177 ], [ 37.5480891, 55.7731513 ], [ 37.5463871, 55.773105500000014 ], [ 37.544434, 55.772989 ], [ 37.5433979, 55.77279170000002 ], [ 37.541863200000016, 55.7724063 ], [ 37.540570100000011, 55.771953400000022 ], [ 37.5389633, 55.771128600000011 ], [ 37.5379231, 55.7703665 ], [ 37.5372797, 55.769705 ], [ 37.5366332, 55.7690651 ], [ 37.5362433, 55.767379700000014 ], [ 37.536061, 55.766103900000012 ], [ 37.534727300000014, 55.766198 ], [ 37.534662, 55.766001300000013 ], [ 37.5346224, 55.765901100000015 ], [ 37.5342927, 55.7653925 ], [ 37.534149199999987, 55.76510420000001 ], [ 37.5338649, 55.7648846 ], [ 37.5335752, 55.764711 ], [ 37.5331125, 55.7643565 ], [ 37.5322807, 55.763480900000012 ], [ 37.5321189, 55.763371 ], [ 37.531822, 55.7632232 ], [ 37.5288475, 55.7619751 ], [ 37.52834, 55.761758 ], [ 37.5268841, 55.76113520000002 ], [ 37.526778700000023, 55.761084700000012 ], [ 37.5264245, 55.7609237 ], [ 37.5256123, 55.760486800000017 ], [ 37.525067100000015, 55.760108 ], [ 37.524388, 55.7598784 ], [ 37.524285200000023, 55.759845900000023 ], [ 37.5225622, 55.761688400000011 ], [ 37.521943500000013, 55.761509 ], [ 37.521474800000014, 55.762019900000013 ], [ 37.5212327, 55.762271 ], [ 37.5208286, 55.7627143 ], [ 37.5205166, 55.763041 ], [ 37.520135900000014, 55.763439600000012 ], [ 37.5198497, 55.7637363 ], [ 37.519573100000017, 55.7640228 ], [ 37.51873740000002, 55.7649043 ], [ 37.517916800000016, 55.765770800000013 ], [ 37.5171018, 55.766624400000019 ], [ 37.5163263, 55.7674284 ], [ 37.5159631, 55.767810600000018 ], [ 37.5155606, 55.7682326 ], [ 37.5152416, 55.7685691 ], [ 37.515074100000021, 55.7687445 ], [ 37.5149266, 55.768898900000011 ], [ 37.5147929, 55.769041300000012 ], [ 37.514665, 55.7691776 ], [ 37.514308, 55.769558 ], [ 37.5140063, 55.7698742 ], [ 37.5138466, 55.7700395 ], [ 37.5136763, 55.77021580000001 ], [ 37.5133405, 55.770561200000017 ], [ 37.5131728, 55.770738600000023 ], [ 37.5128029, 55.7711244 ], [ 37.5125247, 55.771416700000032 ], [ 37.512122700000013, 55.7718391 ], [ 37.511888400000011, 55.7720859 ], [ 37.5117056, 55.772279499999989 ], [ 37.5112754, 55.77275980000001 ], [ 37.51096960000001, 55.7730554 ], [ 37.510536, 55.773512900000014 ], [ 37.5096911, 55.774396 ], [ 37.5094329, 55.7746615 ], [ 37.5087209, 55.7754839 ], [ 37.507907, 55.7764565 ], [ 37.5075431, 55.7769413 ], [ 37.5074052, 55.7771463 ], [ 37.507218800000011, 55.777450900000012 ], [ 37.5070247, 55.7778085 ], [ 37.50676270000001, 55.7783733 ], [ 37.506678900000011, 55.778625200000015 ], [ 37.506599, 55.7788961 ], [ 37.506285700000014, 55.780322100000014 ], [ 37.505761, 55.7826699 ], [ 37.5052337, 55.784854200000019 ], [ 37.5048806, 55.7863421 ], [ 37.5048433, 55.786515300000019 ], [ 37.504674100000017, 55.7873032 ], [ 37.5043504, 55.788724400000021 ], [ 37.5039651, 55.7904517 ], [ 37.5038208, 55.7910836 ], [ 37.503378, 55.7930337 ], [ 37.5032493, 55.7934544 ], [ 37.503094500000017, 55.793826400000015 ], [ 37.5028255, 55.794398300000012 ], [ 37.5025463, 55.794866 ], [ 37.502123, 55.795448500000013 ], [ 37.501479, 55.7962303 ], [ 37.500775200000014, 55.797038 ], [ 37.499914300000015, 55.798037700000016 ], [ 37.498791800000021, 55.799338 ], [ 37.4960944, 55.802469700000017 ], [ 37.4934173, 55.805565500000014 ], [ 37.491933, 55.8072716 ], [ 37.4909199, 55.808485200000021 ], [ 37.48941, 55.81031340000002 ], [ 37.488582399999984, 55.8112688 ], [ 37.487897899999986, 55.8121021 ], [ 37.4876596, 55.812438700000016 ], [ 37.48736190000001, 55.8129907 ], [ 37.487224, 55.8132784 ], [ 37.4871006, 55.8136659 ], [ 37.487027800000014, 55.813951699999983 ], [ 37.4869086, 55.8150244 ], [ 37.4868576, 55.815334 ], [ 37.4873154, 55.8153189 ], [ 37.4881416, 55.8152967 ], [ 37.4934931, 55.8151319 ], [ 37.4955258, 55.8150669 ], [ 37.498184500000015, 55.814985500000013 ], [ 37.50025040000002, 55.8149257 ], [ 37.5029015, 55.814894400000014 ], [ 37.5080819, 55.8147507 ], [ 37.5097801, 55.814769700000028 ], [ 37.5116281, 55.8148471 ], [ 37.51368650000002, 55.814943 ], [ 37.5165389, 55.8150574 ], [ 37.519497100000024, 55.8151739 ], [ 37.519451600000011, 55.815846400000012 ], [ 37.5195835, 55.81596 ], [ 37.519767, 55.8161179 ], [ 37.5199956, 55.8163548 ], [ 37.52035020000001, 55.8166936 ], [ 37.5207567, 55.817034900000024 ], [ 37.5212481, 55.8173026 ], [ 37.5217977, 55.8175514 ], [ 37.5178796, 55.818627500000019 ], [ 37.5178276, 55.8187227 ], [ 37.51785550000001, 55.8189323 ], [ 37.519542, 55.8210487 ], [ 37.5195652, 55.8211898 ], [ 37.5194885, 55.8213098 ], [ 37.5182302, 55.822696 ], [ 37.5181539, 55.8227912 ], [ 37.5180084, 55.8230099 ], [ 37.515719400000016, 55.8258009 ], [ 37.5156912, 55.825835400000017 ], [ 37.515515800000017, 55.825998 ], [ 37.5154048, 55.826138900000011 ], [ 37.515313200000016, 55.8262552 ], [ 37.5151388, 55.826470300000011 ], [ 37.51445180000001, 55.8273315 ], [ 37.514391, 55.8274019 ], [ 37.514351, 55.827457 ], [ 37.5145566, 55.8275128 ], [ 37.5147417, 55.8275607 ], [ 37.5148684, 55.827630400000018 ], [ 37.5149213, 55.8276951 ], [ 37.5149399, 55.827786400000022 ], [ 37.514503, 55.8280466 ], [ 37.5144141, 55.828099500000015 ], [ 37.5139678, 55.8283653 ], [ 37.5139004, 55.828403700000017 ], [ 37.5135055, 55.828640600000014 ], [ 37.512317, 55.8293515 ], [ 37.512049100000013, 55.829511 ], [ 37.511528900000023, 55.8298225 ], [ 37.511351400000017, 55.8299378 ], [ 37.5111728, 55.8301179 ], [ 37.5111358, 55.8301706 ], [ 37.51094830000001, 55.830359800000018 ], [ 37.5106989, 55.830531200000024 ], [ 37.5105003, 55.8306438 ], [ 37.5087557, 55.831591300000014 ], [ 37.5083616, 55.8318011 ], [ 37.5077793, 55.832093800000017 ], [ 37.5087503, 55.8327417 ], [ 37.508818100000013, 55.8329271 ], [ 37.508772700000023, 55.833139900000013 ], [ 37.5086762, 55.8332705 ], [ 37.5078906, 55.834123400000017 ], [ 37.507794, 55.8343238 ], [ 37.507717, 55.834463500000012 ], [ 37.5075327, 55.8347852 ], [ 37.507229300000013, 55.835215200000015 ], [ 37.5069229, 55.835581500000011 ], [ 37.506556700000012, 55.8358858 ], [ 37.506012, 55.836339700000018 ], [ 37.505746600000016, 55.836564700000018 ], [ 37.5055543, 55.8367207 ], [ 37.5053988, 55.8368426 ], [ 37.504946300000015, 55.8368721 ], [ 37.5047826, 55.837189800000019 ], [ 37.505166, 55.8371906 ], [ 37.5058174, 55.837236099999984 ], [ 37.5091408, 55.837496700000017 ], [ 37.510269100000023, 55.8375859 ], [ 37.5104748, 55.8376013 ], [ 37.5106422, 55.8376144 ], [ 37.510956400000012, 55.837639 ], [ 37.511111500000013, 55.837650600000018 ], [ 37.512652, 55.837766 ], [ 37.514197, 55.837881700000018 ], [ 37.5147441, 55.8379227 ], [ 37.514953500000011, 55.838028600000015 ], [ 37.5163679, 55.8395528 ], [ 37.5172379, 55.8404904 ], [ 37.517512900000021, 55.840804900000016 ], [ 37.5177518, 55.8409672 ], [ 37.518051900000017, 55.8411034 ], [ 37.518556400000016, 55.84125090000002 ], [ 37.518885400000016, 55.841330600000013 ], [ 37.518989500000018, 55.8413556 ], [ 37.5190873, 55.8413709 ], [ 37.5191771, 55.841379 ], [ 37.519267700000022, 55.8413831 ], [ 37.51935430000001, 55.841381300000016 ], [ 37.5195579, 55.8413627 ], [ 37.5198948, 55.841334100000019 ], [ 37.520240700000024, 55.84129260000001 ], [ 37.5205674, 55.8412474 ], [ 37.5206538, 55.841236600000023 ], [ 37.52073350000002, 55.8412315 ], [ 37.5207969, 55.84123360000001 ], [ 37.5208569, 55.8412407 ], [ 37.520925600000012, 55.841259 ], [ 37.521936, 55.841612300000016 ], [ 37.5223089, 55.84174580000002 ], [ 37.523079099999983, 55.8410372 ], [ 37.5237971, 55.841236700000024 ], [ 37.5246282, 55.841440600000013 ], [ 37.530467, 55.842703 ], [ 37.538865400000013, 55.8444393 ], [ 37.5417027, 55.845046 ], [ 37.542618700000013, 55.845234600000012 ], [ 37.54349, 55.845444800000017 ], [ 37.543937600000014, 55.8455366 ], [ 37.545181699999986, 55.845801100000024 ], [ 37.5470698, 55.8461761 ], [ 37.549952200000014, 55.846766200000012 ], [ 37.550547, 55.846891600000021 ], [ 37.551008400000015, 55.8470062 ], [ 37.551478, 55.847136 ], [ 37.551962600000017, 55.8472776 ], [ 37.5525097, 55.8474486 ], [ 37.5531875, 55.8476755 ], [ 37.5544189, 55.848094 ], [ 37.5551837, 55.848356300000013 ], [ 37.551078300000015, 55.8509592 ], [ 37.547039200000022, 55.85352 ], [ 37.51419460000001, 55.8676902 ], [ 37.5125732, 55.868456 ], [ 37.474534100000021, 55.884875100000016 ], [ 37.473697, 55.885299200000013 ], [ 37.4759345, 55.8858645 ], [ 37.4799382, 55.887316800000015 ], [ 37.480148800000016, 55.8874105 ], [ 37.4803402, 55.887494200000013 ], [ 37.4805321, 55.887581 ], [ 37.4808041, 55.887704800000023 ], [ 37.48105240000001, 55.887807 ], [ 37.481235800000015, 55.887886400000014 ], [ 37.481476200000017, 55.8879972 ], [ 37.4816972, 55.8880942 ], [ 37.4819137, 55.8881854 ], [ 37.4820901, 55.888267100000014 ], [ 37.4823164, 55.8883802 ], [ 37.48240950000001, 55.8884393 ], [ 37.482526100000022, 55.8885283 ], [ 37.482639800000022, 55.888633 ], [ 37.482741400000023, 55.88875860000001 ], [ 37.482835500000014, 55.888901 ], [ 37.482931500000014, 55.8890603 ], [ 37.4830325, 55.889221900000017 ], [ 37.4831236, 55.889376399999989 ], [ 37.4832561, 55.8895802 ], [ 37.483346900000015, 55.8897276 ], [ 37.483428700000012, 55.8898746 ], [ 37.4835006, 55.890030400000015 ], [ 37.4835239, 55.8902048 ], [ 37.483563300000021, 55.890412600000012 ], [ 37.483584600000022, 55.8905938 ], [ 37.483597799999984, 55.8906504 ], [ 37.483994700000011, 55.8906501 ], [ 37.4840598, 55.8904809 ], [ 37.48411680000001, 55.890325600000011 ], [ 37.4841657, 55.890147300000024 ], [ 37.4842308, 55.8899873 ], [ 37.4842797, 55.8898594 ], [ 37.484399, 55.8897826 ], [ 37.484464, 55.8895728 ], [ 37.4845635, 55.8893952 ], [ 37.4846177, 55.8892267 ], [ 37.484621500000017, 55.889164700000023 ], [ 37.4847485, 55.888929600000012 ], [ 37.4848494, 55.888803600000024 ], [ 37.4850252, 55.8886568 ], [ 37.4852756, 55.888556500000014 ], [ 37.4855081, 55.88849720000001 ], [ 37.48572320000001, 55.8884302 ], [ 37.4859353, 55.8883988 ], [ 37.4924417, 55.8908262 ], [ 37.4928601, 55.890982300000019 ], [ 37.4929883, 55.891116 ], [ 37.493093400000014, 55.8912802 ], [ 37.4932179, 55.8914375 ], [ 37.493324500000014, 55.8915897 ], [ 37.4934104, 55.8917347 ], [ 37.4934966, 55.891873800000013 ], [ 37.4936267, 55.89206690000001 ], [ 37.493749, 55.892246900000011 ], [ 37.493867799999983, 55.892380800000012 ], [ 37.493999, 55.892493300000012 ], [ 37.4941332, 55.8925847 ], [ 37.4943453, 55.892676800000011 ], [ 37.4946009, 55.8927596 ], [ 37.4948148, 55.89280650000002 ], [ 37.495139500000015, 55.8928174 ], [ 37.4955095, 55.8927625 ], [ 37.4957883, 55.89271080000001 ], [ 37.496035, 55.892603300000019 ], [ 37.4962542, 55.8924795 ], [ 37.49851120000001, 55.8934729 ], [ 37.5028183, 55.8953656 ], [ 37.5069433, 55.897175600000018 ], [ 37.5072164, 55.8972972 ], [ 37.5176473, 55.901994500000015 ], [ 37.519943900000015, 55.9029729 ], [ 37.522847400000011, 55.904233700000013 ], [ 37.5244518, 55.9049172 ], [ 37.5260016, 55.9054877 ], [ 37.5270259, 55.9057959 ], [ 37.5279378, 55.906015 ], [ 37.5294685, 55.9063288 ], [ 37.5318958, 55.90682790000001 ], [ 37.5338186, 55.9071717 ], [ 37.5370259, 55.907555600000016 ], [ 37.5368567, 55.9070637 ], [ 37.5376117, 55.905475300000013 ], [ 37.5378582, 55.9050619 ], [ 37.53806010000001, 55.904755700000017 ], [ 37.5382791, 55.904465 ], [ 37.53869250000001, 55.9039985 ], [ 37.5392272, 55.903499600000018 ], [ 37.5399434, 55.902884399999984 ], [ 37.54057730000001, 55.9024308 ], [ 37.5411696, 55.902026600000013 ], [ 37.5416646, 55.901731 ], [ 37.542371, 55.9013678 ], [ 37.5428854, 55.9011424 ], [ 37.54411850000001, 55.900665600000032 ], [ 37.54423950000001, 55.900621100000016 ], [ 37.5519785, 55.8977748 ], [ 37.5528556, 55.897461 ], [ 37.5590425, 55.895233800000021 ], [ 37.562227600000014, 55.8940409 ], [ 37.563069, 55.8936976 ], [ 37.564058100000018, 55.89327320000001 ], [ 37.5647478, 55.892842 ], [ 37.5653705, 55.8923855 ], [ 37.5658968, 55.8919341 ], [ 37.566358600000015, 55.891416800000016 ], [ 37.566755200000017, 55.8908373 ], [ 37.5670561, 55.890163200000011 ], [ 37.5671989, 55.889278700000013 ], [ 37.5674047, 55.887302300000016 ], [ 37.5674995, 55.8845481 ], [ 37.567675299999983, 55.8826443 ], [ 37.5681621, 55.8782823 ], [ 37.568290900000015, 55.8775903 ], [ 37.568467200000022, 55.876988400000016 ], [ 37.5692874, 55.8749889 ], [ 37.5699988, 55.8733055 ], [ 37.570474600000011, 55.872176600000017 ], [ 37.571371, 55.8701818 ], [ 37.572618200000022, 55.8671064 ], [ 37.5731862, 55.8657867 ], [ 37.5739179, 55.8640117 ], [ 37.574328, 55.8630022 ], [ 37.574600300000014, 55.8621169 ], [ 37.5746814, 55.861137500000019 ], [ 37.57463150000001, 55.860457 ], [ 37.57454640000001, 55.8598931 ], [ 37.57435150000002, 55.8592177 ], [ 37.5741499, 55.8586016 ], [ 37.573442, 55.8568734 ], [ 37.5729126, 55.8555199 ], [ 37.572795900000017, 55.855145200000017 ], [ 37.5727074, 55.854734700000016 ], [ 37.5726431, 55.8541581 ], [ 37.5726782, 55.85320620000001 ], [ 37.572759, 55.8523622 ], [ 37.5729058, 55.8514198 ], [ 37.573089700000011, 55.8506244 ], [ 37.5733094, 55.84984020000001 ], [ 37.573671, 55.848794 ], [ 37.573771700000016, 55.8484763 ], [ 37.5738961, 55.848099 ], [ 37.5744414, 55.8465657 ], [ 37.5749493, 55.8450937 ], [ 37.5753979, 55.8439287 ], [ 37.5756181, 55.843584 ], [ 37.57601780000001, 55.8430943 ], [ 37.577661200000016, 55.8414303 ], [ 37.5779697, 55.841021200000021 ], [ 37.5782181, 55.8406209 ], [ 37.5784939, 55.840036 ], [ 37.5786726, 55.8394438 ], [ 37.578719199999988, 55.839032200000013 ], [ 37.578739500000019, 55.838614399999983 ], [ 37.5786411, 55.837906600000018 ], [ 37.5785482, 55.837587700000014 ], [ 37.5783711, 55.837141399999986 ], [ 37.578153700000016, 55.8367858 ], [ 37.5778195, 55.83629650000001 ], [ 37.57744790000001, 55.8358898 ], [ 37.5768188, 55.835345800000013 ], [ 37.57629390000001, 55.834949700000017 ], [ 37.5761106, 55.8348039 ], [ 37.5759673, 55.8346974 ], [ 37.575083100000015, 55.8339784 ], [ 37.5744425, 55.833304600000012 ], [ 37.574145600000016, 55.832856 ], [ 37.5738908, 55.832395 ], [ 37.5737615, 55.8320855 ], [ 37.5736501, 55.831718900000013 ], [ 37.5735713, 55.8313214 ], [ 37.5735756, 55.8305841 ], [ 37.5736451, 55.829131 ], [ 37.5739482, 55.8227969 ], [ 37.5740221, 55.82239280000001 ], [ 37.574142400000014, 55.821959100000015 ], [ 37.5743079, 55.821533 ], [ 37.574553200000011, 55.821116100000019 ], [ 37.575689900000015, 55.8195945 ], [ 37.577535700000013, 55.8171248 ], [ 37.5778185, 55.816640600000014 ], [ 37.578055400000011, 55.816054900000012 ], [ 37.578680500000011, 55.8131389 ], [ 37.5788313, 55.812621400000012 ], [ 37.5790441, 55.8121915 ], [ 37.5791446, 55.812018600000016 ], [ 37.579307700000015, 55.81180770000001 ], [ 37.5796069, 55.81147840000002 ], [ 37.5804261, 55.8108524 ], [ 37.5810542, 55.810506500000017 ], [ 37.5836423, 55.809306 ], [ 37.5844019, 55.8088932 ], [ 37.5847301, 55.8086824 ], [ 37.5843356, 55.808685400000016 ], [ 37.583136900000014, 55.808621500000022 ], [ 37.58065220000001, 55.8082874 ], [ 37.581197, 55.8073742 ], [ 37.5817843, 55.80642550000001 ], [ 37.5823396, 55.8055211 ], [ 37.582840800000014, 55.8037217 ], [ 37.5831873, 55.802378 ], [ 37.5835067, 55.801021800000015 ], [ 37.5837205, 55.799932100000021 ], [ 37.5839686, 55.7984943 ], [ 37.5841136, 55.7972084 ], [ 37.5842021, 55.7962623 ], [ 37.5841863, 55.7958526 ], [ 37.5842913, 55.795501800000011 ], [ 37.5843177, 55.7953226 ], [ 37.5843884, 55.795082900000018 ], [ 37.584424800000022, 55.7949956 ], [ 37.5844709, 55.794903100000013 ], [ 37.584531400000024, 55.7948087 ], [ 37.5845992, 55.794721500000023 ], [ 37.584671300000018, 55.794637300000019 ], [ 37.584737900000015, 55.7945682 ], [ 37.584815800000015, 55.7944986 ], [ 37.5850046, 55.79436950000003 ], [ 37.5857332, 55.7939603 ], [ 37.586530100000012, 55.7934376 ], [ 37.587799700000012, 55.792636600000016 ], [ 37.588229, 55.7923634 ], [ 37.588633300000012, 55.7920566 ], [ 37.588492300000013, 55.791671800000017 ], [ 37.5883209, 55.791156600000015 ], [ 37.5881791, 55.79073970000001 ], [ 37.5880303, 55.79023 ], [ 37.587869, 55.7897054 ], [ 37.58767630000002, 55.788639 ], [ 37.587563, 55.788056900000015 ], [ 37.587417100000017, 55.787475500000014 ], [ 37.587065200000019, 55.786053 ], [ 37.586934900000024, 55.7855935 ], [ 37.5868414, 55.785238700000015 ], [ 37.5867569, 55.7849484 ], [ 37.5865997, 55.7844373 ], [ 37.5864445, 55.783981400000016 ], [ 37.5863873, 55.7837798 ], [ 37.5863399, 55.7835794 ], [ 37.586238900000019, 55.7832467 ], [ 37.5861245, 55.782891200000016 ], [ 37.5860669, 55.782700500000011 ], [ 37.585958499999983, 55.7823799 ], [ 37.5858464, 55.7820591 ], [ 37.5856655, 55.78161020000001 ], [ 37.5854437, 55.7810152 ], [ 37.5851959, 55.7804825 ], [ 37.585114200000014, 55.7803427 ], [ 37.58499, 55.7801537 ], [ 37.5847927, 55.7798664 ], [ 37.5845745, 55.779676600000023 ], [ 37.5840636, 55.7792697 ], [ 37.5839104, 55.779155500000016 ], [ 37.5837773, 55.7790639 ], [ 37.5834176, 55.7788162 ], [ 37.583253100000015, 55.778705400000021 ], [ 37.5830726, 55.778599 ], [ 37.582664600000015, 55.778369300000016 ], [ 37.582561200000022, 55.7783109 ], [ 37.5824559, 55.7782455 ], [ 37.5822436, 55.778111600000017 ], [ 37.5820182, 55.77796810000001 ], [ 37.581815700000014, 55.7778304 ], [ 37.5814517, 55.7776162 ], [ 37.581307, 55.777537100000018 ], [ 37.581095500000025, 55.7774318 ], [ 37.579989700000013, 55.776927 ], [ 37.5780999, 55.7761477 ], [ 37.57746, 55.7759403 ], [ 37.5767285, 55.7757524 ], [ 37.5759936, 55.775608 ], [ 37.575232600000021, 55.775520800000017 ], [ 37.573687, 55.7754834 ], [ 37.5731175, 55.7754707 ], [ 37.5710802, 55.775425800000029 ], [ 37.566917299999986, 55.774996 ], [ 37.5591717, 55.774222700000024 ], [ 37.555506200000011, 55.773843900000031 ], [ 37.5519166, 55.773408300000021 ] ] ] ] } },
{ "type": "Feature", "properties": { "fid": 199, "okrug": 199, "wiki_name": "Город Москва - Люблинский одномандатный избирательный округ ", "wiki_pop": 508542, "wiki_terr": "Юго-Восточный административный округ (район Выхино-Жулебино, район Капотня, район Кузьминки, район Люблино, район Марьино) ", "color": "#7DCD6B", "2021_duma_oik196_Иванова": 0.0, "2021_duma_oik196_Крюков": 0.0, "2021_duma_oik196_Малинкович": 0.0, "2021_duma_oik196_Миронова": 0.0, "2021_duma_oik196_Рашкин": 0.0, "2021_duma_oik196_Рвачев": 0.0, "2021_duma_oik196_Стрельникова": 0.0, "2021_duma_oik196_Тарасов": 0.0, "2021_duma_oik196_Федоров": 0.0, "2021_duma_oik196_Янков": 0.0, "2021_duma_oik196_явка": 0.0, "2021_duma_oik196_недействительные": 0.0, "2021_duma_oik197_Гончаров": 0.0, "2021_duma_oik197_Горшкова": 0.0, "2021_duma_oik197_Лобанов": 0.0, "2021_duma_oik197_Меньшиков": 0.0, "2021_duma_oik197_Митина": 0.0, "2021_duma_oik197_Попов": 0.0, "2021_duma_oik197_Раменский": 0.0, "2021_duma_oik197_Соболев": 0.0, "2021_duma_oik197_Тарнавский": 0.0, "2021_duma_oik197_явка": 0.0, "2021_duma_oik197_недействительные": 0.0, "2021_duma_oik198_Брюханова": 0.0, "2021_duma_oik198_Власов": 0.0, "2021_duma_oik198_Голуенко": 0.0, "2021_duma_oik198_Звягинцев": 0.0, "2021_duma_oik198_Катаев": 0.0, "2021_duma_oik198_Литвинович": 0.0, "2021_duma_oik198_Мельников": 0.0, "2021_duma_oik198_Тарбаев": 0.0, "2021_duma_oik198_Хованская": 0.0, "2021_duma_oik198_явка": 0.0, "2021_duma_oik198_недействительные": 0.0, "2021_duma_oik199_Гулина": 1.22, "2021_duma_oik199_Гуличева": 19.67, "2021_duma_oik199_Катков": 3.07, "2021_duma_oik199_Киселёв": 2.32, "2021_duma_oik199_Кульнев": 4.8, "2021_duma_oik199_Прохоренкова": 5.09, "2021_duma_oik199_Рашкин": 4.11, "2021_duma_oik199_Тарасов": 0.97, "2021_duma_oik199_Толстой": 45.91, "2021_duma_oik199_Шах": 3.49, "2021_duma_oik199_Шоладеми": 1.8, "2021_duma_oik199_явка": 49.83, "2021_duma_oik199_недействительные": 1.51, "2021_duma_oik200_Бабушкин": 0.0, "2021_duma_oik200_Вельмакин": 0.0, "2021_duma_oik200_Загребной": 0.0, "2021_duma_oik200_Запотылок": 0.0, "2021_duma_oik200_Орлов": 0.0, "2021_duma_oik200_Парфенов": 0.0, "2021_duma_oik200_Певцов": 0.0, "2021_duma_oik200_Степкин": 0.0, "2021_duma_oik200_явка": 0.0, "2021_duma_oik200_недействительные": 0.0, "2021_duma_oik201_Гаспарян": 0.0, "2021_duma_oik201_Демин": 0.0, "2021_duma_oik201_Куликов": 0.0, "2021_duma_oik201_Разворотнева": 0.0, "2021_duma_oik201_Туманов": 0.0, "2021_duma_oik201_Удалова": 0.0, "2021_duma_oik201_Удальцова": 0.0, "2021_duma_oik201_Черников": 0.0, "2021_duma_oik201_явка": 0.0, "2021_duma_oik201_недействительные": 0.0, "2021_duma_oik202_Гершберг": 0.0, "2021_duma_oik202_Лапшов": 0.0, "2021_duma_oik202_Махницкий": 0.0, "2021_duma_oik202_Михайловский": 0.0, "2021_duma_oik202_Муратова": 0.0, "2021_duma_oik202_Придорожный": 0.0, "2021_duma_oik202_Саблин": 0.0, "2021_duma_oik202_Сиднев": 0.0, "2021_duma_oik202_Суханов": 0.0, "2021_duma_oik202_явка": 0.0, "2021_duma_oik202_недействительные": 0.0, "2021_duma_oik203_Казенков": 0.0, "2021_duma_oik203_Нифантьев": 0.0, "2021_duma_oik203_Пенкин": 0.0, "2021_duma_oik203_Петров": 0.0, "2021_duma_oik203_Смолич": 0.0, "2021_duma_oik203_Турушев": 0.0, "2021_duma_oik203_Шлямина": 0.0, "2021_duma_oik203_Шушлебина": 0.0, "2021_duma_oik203_Юдин": 0.0, "2021_duma_oik203_явка": 0.0, "2021_duma_oik203_недействительные": 0.0, "2021_duma_oik204_Дворак": 0.0, "2021_duma_oik204_Доможирова": 0.0, "2021_duma_oik204_Игнатьев": 0.0, "2021_duma_oik204_Измайлов": 0.0, "2021_duma_oik204_Кавказский": 0.0, "2021_duma_oik204_Курганов": 0.0, "2021_duma_oik204_Курганский": 0.0, "2021_duma_oik204_Монахов": 0.0, "2021_duma_oik204_Пресняков": 0.0, "2021_duma_oik204_Проханов": 0.0, "2021_duma_oik204_Шувалов": 0.0, "2021_duma_oik204_Яшин": 0.0, "2021_duma_oik204_явка": 0.0, "2021_duma_oik204_недействительные": 0.0, "2021_duma_oik205_Демченко": 0.0, "2021_duma_oik205_Загордан": 0.0, "2021_duma_oik205_Ищенко": 0.0, "2021_duma_oik205_Корягина": 0.0, "2021_duma_oik205_Костычева": 0.0, "2021_duma_oik205_Медведев": 0.0, "2021_duma_oik205_Обухов": 0.0, "2021_duma_oik205_Попова": 0.0, "2021_duma_oik205_Сидоров": 0.0, "2021_duma_oik205_явка": 0.0, "2021_duma_oik205_недействительные": 0.0, "2021_duma_oik206_Васильев": 0.0, "2021_duma_oik206_Гребенник": 0.0, "2021_duma_oik206_Иванова": 0.0, "2021_duma_oik206_Копкина": 0.0, "2021_duma_oik206_Мажуга": 0.0, "2021_duma_oik206_Мишарин": 0.0, "2021_duma_oik206_Пономарев": 0.0, "2021_duma_oik206_Цыба": 0.0, "2021_duma_oik206_явка": 0.0, "2021_duma_oik206_недействительные": 0.0, "2021_duma_oik207_Макаренко": 0.0, "2021_duma_oik207_Милованов": 0.0, "2021_duma_oik207_Павлинов": 0.0, "2021_duma_oik207_Пангаев": 0.0, "2021_duma_oik207_Серафонтов": 0.0, "2021_duma_oik207_Соловьев": 0.0, "2021_duma_oik207_Ульянов": 0.0, "2021_duma_oik207_Ульянченко": 0.0, "2021_duma_oik207_Хазин": 0.0, "2021_duma_oik207_Юрченко": 0.0, "2021_duma_oik207_явка": 0.0, "2021_duma_oik207_недействительные": 0.0, "2021_duma_oik208_Кошлаков-Крестовский": 0.0, "2021_duma_oik208_Леонов": 0.0, "2021_duma_oik208_Митрохин": 0.0, "2021_duma_oik208_Останина": 0.0, "2021_duma_oik208_Хараидзе": 0.0, "2021_duma_oik208_Шевченко": 0.0, "2021_duma_oik208_Широков": 0.0, "2021_duma_oik208_Юшин": 0.0, "2021_duma_oik208_Якубович": 0.0, "2021_duma_oik208_Яндиев": 0.0, "2021_duma_oik208_явка": 0.0, "2021_duma_oik208_недействительные": 0.0, "2021_duma_oik209_Волков": 0.0, "2021_duma_oik209_Ильин": 0.0, "2021_duma_oik209_Максимов": 0.0, "2021_duma_oik209_Николаев": 0.0, "2021_duma_oik209_Палюлин": 0.0, "2021_duma_oik209_Румянцев": 0.0, "2021_duma_oik209_Чирков": 0.0, "2021_duma_oik209_Шупеня": 0.0, "2021_duma_oik209_явка": 0.0, "2021_duma_oik209_недействительные": 0.0, "2021_duma_oik210_Буткеев": 0.0, "2021_duma_oik210_Коршунков": 0.0, "2021_duma_oik210_Крапухин": 0.0, "2021_duma_oik210_Начевский": 0.0, "2021_duma_oik210_Романенко": 0.0, "2021_duma_oik210_Смитиенко": 0.0, "2021_duma_oik210_Таранцов": 0.0, "2021_duma_oik210_Таращанский": 0.0, "2021_duma_oik210_Яцевский": 0.0, "2021_duma_oik210_явка": 0.0, "2021_duma_oik210_недействительные": 0.0, "2021_duma_oik196_Иванова_party": null, "2021_duma_oik196_Крюков_party": null, "2021_duma_oik196_Малинкович_party": null, "2021_duma_oik196_Миронова_party": null, "2021_duma_oik196_Рашкин_party": null, "2021_duma_oik196_Рвачев_party": null, "2021_duma_oik196_Стрельникова_party": null, "2021_duma_oik196_Тарасов_party": null, "2021_duma_oik196_Федоров_party": null, "2021_duma_oik196_Янков_party": null, "2021_duma_oik196_явка_party": null, "2021_duma_oik196_недействительные_party": null, "2021_duma_oik197_Гончаров_party": null, "2021_duma_oik197_Горшкова_party": null, "2021_duma_oik197_Лобанов_party": null, "2021_duma_oik197_Меньшиков_party": null, "2021_duma_oik197_Митина_party": null, "2021_duma_oik197_Попов_party": null, "2021_duma_oik197_Раменский_party": null, "2021_duma_oik197_Соболев_party": null, "2021_duma_oik197_Тарнавский_party": null, "2021_duma_oik197_явка_party": null, "2021_duma_oik197_недействительные_party": null, "2021_duma_oik198_Брюханова_party": null, "2021_duma_oik198_Власов_party": null, "2021_duma_oik198_Голуенко_party": null, "2021_duma_oik198_Звягинцев_party": null, "2021_duma_oik198_Катаев_party": null, "2021_duma_oik198_Литвинович_party": null, "2021_duma_oik198_Мельников_party": null, "2021_duma_oik198_Тарбаев_party": null, "2021_duma_oik198_Хованская_party": null, "2021_duma_oik198_явка_party": null, "2021_duma_oik198_недействительные_party": null, "2021_duma_oik199_Гулина_party": "Зеленая альтернатива", "2021_duma_oik199_Гуличева_party": "КПРФ", "2021_duma_oik199_Катков_party": "Партия Роста", "2021_duma_oik199_Киселёв_party": "Яблоко", "2021_duma_oik199_Кульнев_party": "Справедливая Россия", "2021_duma_oik199_Прохоренкова_party": "Новые люди", "2021_duma_oik199_Рашкин_party": "Коммунисты России (КПКР)", "2021_duma_oik199_Тарасов_party": "Гражданская Платформа", "2021_duma_oik199_Толстой_party": "Единая Россия", "2021_duma_oik199_Шах_party": "ЛДПР", "2021_duma_oik199_Шоладеми_party": "Зеленые", "2021_duma_oik199_явка_party": "Неизвестно", "2021_duma_oik199_недействительные_party": "Неизвестно", "2021_duma_oik200_Бабушкин_party": null, "2021_duma_oik200_Вельмакин_party": null, "2021_duma_oik200_Загребной_party": null, "2021_duma_oik200_Запотылок_party": null, "2021_duma_oik200_Орлов_party": null, "2021_duma_oik200_Парфенов_party": null, "2021_duma_oik200_Певцов_party": null, "2021_duma_oik200_Степкин_party": null, "2021_duma_oik200_явка_party": null, "2021_duma_oik200_недействительные_party": null, "2021_duma_oik201_Гаспарян_party": null, "2021_duma_oik201_Демин_party": null, "2021_duma_oik201_Куликов_party": null, "2021_duma_oik201_Разворотнева_party": null, "2021_duma_oik201_Туманов_party": null, "2021_duma_oik201_Удалова_party": null, "2021_duma_oik201_Удальцова_party": null, "2021_duma_oik201_Черников_party": null, "2021_duma_oik201_явка_party": null, "2021_duma_oik201_недействительные_party": null, "2021_duma_oik202_Гершберг_party": null, "2021_duma_oik202_Лапшов_party": null, "2021_duma_oik202_Махницкий_party": null, "2021_duma_oik202_Михайловский_party": null, "2021_duma_oik202_Муратова_party": null, "2021_duma_oik202_Придорожный_party": null, "2021_duma_oik202_Саблин_party": null, "2021_duma_oik202_Сиднев_party": null, "2021_duma_oik202_Суханов_party": null, "2021_duma_oik202_явка_party": null, "2021_duma_oik202_недействительные_party": null, "2021_duma_oik203_Казенков_party": null, "2021_duma_oik203_Нифантьев_party": null, "2021_duma_oik203_Пенкин_party": null, "2021_duma_oik203_Петров_party": null, "2021_duma_oik203_Смолич_party": null, "2021_duma_oik203_Турушев_party": null, "2021_duma_oik203_Шлямина_party": null, "2021_duma_oik203_Шушлебина_party": null, "2021_duma_oik203_Юдин_party": null, "2021_duma_oik203_явка_party": null, "2021_duma_oik203_недействительные_party": null, "2021_duma_oik204_Дворак_party": null, "2021_duma_oik204_Доможирова_party": null, "2021_duma_oik204_Игнатьев_party": null, "2021_duma_oik204_Измайлов_party": null, "2021_duma_oik204_Кавказский_party": null, "2021_duma_oik204_Курганов_party": null, "2021_duma_oik204_Курганский_party": null, "2021_duma_oik204_Монахов_party": null, "2021_duma_oik204_Пресняков_party": null, "2021_duma_oik204_Проханов_party": null, "2021_duma_oik204_Шувалов_party": null, "2021_duma_oik204_Яшин_party": null, "2021_duma_oik204_явка_party": null, "2021_duma_oik204_недействительные_party": null, "2021_duma_oik205_Демченко_party": null, "2021_duma_oik205_Загордан_party": null, "2021_duma_oik205_Ищенко_party": null, "2021_duma_oik205_Корягина_party": null, "2021_duma_oik205_Костычева_party": null, "2021_duma_oik205_Медведев_party": null, "2021_duma_oik205_Обухов_party": null, "2021_duma_oik205_Попова_party": null, "2021_duma_oik205_Сидоров_party": null, "2021_duma_oik205_явка_party": null, "2021_duma_oik205_недействительные_party": null, "2021_duma_oik206_Васильев_party": null, "2021_duma_oik206_Гребенник_party": null, "2021_duma_oik206_Иванова_party": null, "2021_duma_oik206_Копкина_party": null, "2021_duma_oik206_Мажуга_party": null, "2021_duma_oik206_Мишарин_party": null, "2021_duma_oik206_Пономарев_party": null, "2021_duma_oik206_Цыба_party": null, "2021_duma_oik206_явка_party": null, "2021_duma_oik206_недействительные_party": null, "2021_duma_oik207_Макаренко_party": null, "2021_duma_oik207_Милованов_party": null, "2021_duma_oik207_Павлинов_party": null, "2021_duma_oik207_Пангаев_party": null, "2021_duma_oik207_Серафонтов_party": null, "2021_duma_oik207_Соловьев_party": null, "2021_duma_oik207_Ульянов_party": null, "2021_duma_oik207_Ульянченко_party": null, "2021_duma_oik207_Хазин_party": null, "2021_duma_oik207_Юрченко_party": null, "2021_duma_oik207_явка_party": null, "2021_duma_oik207_недействительные_party": null, "2021_duma_oik208_Кошлаков-Крестовский_party": null, "2021_duma_oik208_Леонов_party": null, "2021_duma_oik208_Митрохин_party": null, "2021_duma_oik208_Останина_party": null, "2021_duma_oik208_Хараидзе_party": null, "2021_duma_oik208_Шевченко_party": null, "2021_duma_oik208_Широков_party": null, "2021_duma_oik208_Юшин_party": null, "2021_duma_oik208_Якубович_party": null, "2021_duma_oik208_Яндиев_party": null, "2021_duma_oik208_явка_party": null, "2021_duma_oik208_недействительные_party": null, "2021_duma_oik209_Волков_party": null, "2021_duma_oik209_Ильин_party": null, "2021_duma_oik209_Максимов_party": null, "2021_duma_oik209_Николаев_party": null, "2021_duma_oik209_Палюлин_party": null, "2021_duma_oik209_Румянцев_party": null, "2021_duma_oik209_Чирков_party": null, "2021_duma_oik209_Шупеня_party": null, "2021_duma_oik209_явка_party": null, "2021_duma_oik209_недействительные_party": null, "2021_duma_oik210_Буткеев_party": null, "2021_duma_oik210_Коршунков_party": null, "2021_duma_oik210_Крапухин_party": null, "2021_duma_oik210_Начевский_party": null, "2021_duma_oik210_Романенко_party": null, "2021_duma_oik210_Смитиенко_party": null, "2021_duma_oik210_Таранцов_party": null, "2021_duma_oik210_Таращанский_party": null, "2021_duma_oik210_Яцевский_party": null, "2021_duma_oik210_явка_party": null, "2021_duma_oik210_недействительные_party": null }, "geometry": { "type": "MultiPolygon", "coordinates": [ [ [ [ 37.8413901, 55.656702900000013 ], [ 37.8412886, 55.6564204 ], [ 37.840962, 55.655559300000014 ], [ 37.841039500000015, 55.6555053 ], [ 37.84126590000001, 55.6553475 ], [ 37.841139700000021, 55.655191600000023 ], [ 37.839514, 55.655523500000015 ], [ 37.839260899999985, 55.655515200000018 ], [ 37.8390998, 55.6554662 ], [ 37.8388958, 55.6552445 ], [ 37.8383687, 55.6542421 ], [ 37.837718200000019, 55.65328 ], [ 37.8372124, 55.652617900000024 ], [ 37.836990300000011, 55.652364400000025 ], [ 37.8362886, 55.651504100000018 ], [ 37.836060800000013, 55.65122130000001 ], [ 37.835781100000013, 55.650941700000011 ], [ 37.83511630000001, 55.650242400000032 ], [ 37.8348972, 55.650059300000024 ], [ 37.83405650000001, 55.6494506 ], [ 37.8320939, 55.6480497 ], [ 37.8308518, 55.647247600000014 ], [ 37.8296158, 55.6464618 ], [ 37.8288722, 55.6460167 ], [ 37.8284407, 55.6456765 ], [ 37.827995100000024, 55.6453682 ], [ 37.827678, 55.64522520000002 ], [ 37.8273401, 55.6450855 ], [ 37.824831900000014, 55.6433907 ], [ 37.8247329, 55.6433125 ], [ 37.8226572, 55.641617599999982 ], [ 37.8225401, 55.6415104 ], [ 37.8225591, 55.641484 ], [ 37.8226563, 55.641367900000013 ], [ 37.8229284, 55.64124360000001 ], [ 37.8231525, 55.641137 ], [ 37.8233449, 55.6410303 ], [ 37.8235374, 55.6409146 ], [ 37.8237455, 55.6408169 ], [ 37.8239379, 55.6407101 ], [ 37.8241147, 55.6405853 ], [ 37.824164, 55.640486800000019 ], [ 37.824182, 55.640361100000014 ], [ 37.8241523, 55.6402352 ], [ 37.8240118, 55.6400908 ], [ 37.8238235, 55.639955 ], [ 37.8236354, 55.6398103 ], [ 37.823510600000013, 55.639674900000017 ], [ 37.822929, 55.639321500000023 ], [ 37.8225803, 55.6392836 ], [ 37.82237520000001, 55.6392017 ], [ 37.822138099999989, 55.6391376 ], [ 37.8219162, 55.6391094 ], [ 37.821757900000023, 55.639081600000019 ], [ 37.821471300000013, 55.639125 ], [ 37.8212475, 55.6392136 ], [ 37.8210556, 55.639293400000021 ], [ 37.8208956, 55.6393644 ], [ 37.8207199, 55.6394263 ], [ 37.820377, 55.6394269 ], [ 37.8189777, 55.639308 ], [ 37.8185441, 55.6392663 ], [ 37.818332, 55.639209600000015 ], [ 37.8181167, 55.639092500000011 ], [ 37.8174078, 55.638618200000018 ], [ 37.816966, 55.638335400000017 ], [ 37.8139268, 55.636360500000023 ], [ 37.8103408, 55.63403150000002 ], [ 37.8086639, 55.632911 ], [ 37.8083583, 55.632584900000012 ], [ 37.808391, 55.632529600000012 ], [ 37.8074738, 55.6319307 ], [ 37.807357199999984, 55.6319629 ], [ 37.806164800000019, 55.631261 ], [ 37.8047141, 55.630344600000015 ], [ 37.801968, 55.628540200000018 ], [ 37.8013526, 55.6281289 ], [ 37.800647400000017, 55.6276939 ], [ 37.8006022, 55.627459600000016 ], [ 37.799743400000011, 55.626917100000014 ], [ 37.795847600000016, 55.6242264 ], [ 37.793561, 55.6229597 ], [ 37.792532, 55.6237147 ], [ 37.7897556, 55.6257517 ], [ 37.7867086, 55.6302582 ], [ 37.7850349, 55.63326230000002 ], [ 37.78426240000001, 55.638325 ], [ 37.7838332, 55.6425879 ], [ 37.785506900000016, 55.645106600000013 ], [ 37.785335300000014, 55.6473346 ], [ 37.783447, 55.6485454 ], [ 37.7797992, 55.648739100000014 ], [ 37.766919099999988, 55.645621 ], [ 37.766195, 55.64544570000001 ], [ 37.749586800000017, 55.640626 ], [ 37.745381100000024, 55.639899400000019 ], [ 37.7295024, 55.6408925 ], [ 37.729034100000014, 55.640851200000014 ], [ 37.7264698, 55.640619600000015 ], [ 37.713278400000021, 55.6394575 ], [ 37.6994168, 55.6421218 ], [ 37.694481500000023, 55.6432843 ], [ 37.6929061, 55.6438288 ], [ 37.693840200000011, 55.6446191 ], [ 37.694752, 55.6454743 ], [ 37.694997, 55.645709700000012 ], [ 37.6951732, 55.6458388 ], [ 37.695464400000013, 55.6460511 ], [ 37.696013500000021, 55.646379700000018 ], [ 37.6969327, 55.646898 ], [ 37.6977244, 55.647309300000011 ], [ 37.698548, 55.647751700000022 ], [ 37.698919, 55.6479653 ], [ 37.6993295, 55.648230600000012 ], [ 37.6998651, 55.648615800000023 ], [ 37.700375100000024, 55.6489951 ], [ 37.70092720000001, 55.649394800000024 ], [ 37.70188670000001, 55.6501163 ], [ 37.702820800000012, 55.6508091 ], [ 37.703838900000015, 55.651554500000017 ], [ 37.7050945, 55.6524985 ], [ 37.7064712, 55.6535275 ], [ 37.70696090000002, 55.653895600000013 ], [ 37.709440200000017, 55.655761199999986 ], [ 37.7100884, 55.6562643 ], [ 37.7114319, 55.657256900000014 ], [ 37.711965600000013, 55.657648900000012 ], [ 37.7131287, 55.65852 ], [ 37.7145481, 55.6595677 ], [ 37.7149553, 55.65988560000001 ], [ 37.7175638, 55.661804900000014 ], [ 37.718966600000016, 55.662857 ], [ 37.7202102, 55.663656500000016 ], [ 37.720891500000022, 55.6641766 ], [ 37.722110300000011, 55.665132600000014 ], [ 37.7237283, 55.66691 ], [ 37.725203600000022, 55.668955900000014 ], [ 37.726600800000021, 55.671302 ], [ 37.727042500000017, 55.672158700000011 ], [ 37.7273779, 55.6727483 ], [ 37.727562200000015, 55.673170100000014 ], [ 37.728883900000014, 55.6754043 ], [ 37.7296266, 55.67663150000002 ], [ 37.731264600000017, 55.679508600000027 ], [ 37.731822, 55.6807789 ], [ 37.732190800000012, 55.68174430000002 ], [ 37.7324918, 55.682472099999984 ], [ 37.7327782, 55.683065600000013 ], [ 37.7330161, 55.6836155 ], [ 37.733471800000011, 55.6844928 ], [ 37.7340215, 55.6854477 ], [ 37.734428100000017, 55.6861856 ], [ 37.73449140000001, 55.6863707 ], [ 37.734893, 55.6874275 ], [ 37.734906, 55.6877743 ], [ 37.7348795, 55.6882069 ], [ 37.734724200000016, 55.688936 ], [ 37.73445, 55.689956400000014 ], [ 37.734178600000014, 55.690576600000021 ], [ 37.733806900000012, 55.6911177 ], [ 37.7330151, 55.6919342 ], [ 37.735838300000019, 55.6919823 ], [ 37.73884240000001, 55.6917283 ], [ 37.741430299999983, 55.6902389 ], [ 37.741801, 55.690112400000011 ], [ 37.7424434, 55.690078900000032 ], [ 37.7455372, 55.690289 ], [ 37.7460307, 55.6904704 ], [ 37.7469695, 55.6902339 ], [ 37.7473611, 55.6903011 ], [ 37.754249, 55.6889585 ], [ 37.7546278, 55.6894387 ], [ 37.754992800000018, 55.6897948 ], [ 37.7550858, 55.6898927 ], [ 37.7556754, 55.6906424 ], [ 37.755747, 55.690745900000017 ], [ 37.756064500000015, 55.6912093 ], [ 37.75611880000001, 55.691369900000012 ], [ 37.7561114, 55.6915198 ], [ 37.7560449, 55.691670400000014 ], [ 37.75585940000002, 55.6919635 ], [ 37.755667, 55.692250800000018 ], [ 37.7553566, 55.692624800000019 ], [ 37.755345, 55.6926422 ], [ 37.7543514, 55.6941316 ], [ 37.754294100000017, 55.694217500000015 ], [ 37.7542165, 55.694336900000017 ], [ 37.75212650000001, 55.6975508 ], [ 37.752102, 55.6975885 ], [ 37.7520576, 55.697656800000011 ], [ 37.7519632, 55.6977902 ], [ 37.751470800000014, 55.6985571 ], [ 37.7502011, 55.7005037 ], [ 37.7501537, 55.700593300000016 ], [ 37.7500898, 55.700689200000021 ], [ 37.7495428, 55.70151 ], [ 37.7490261, 55.702278100000022 ], [ 37.7490133, 55.702297200000018 ], [ 37.7490026, 55.7023133 ], [ 37.748502100000017, 55.7030641 ], [ 37.7481204, 55.7036415 ], [ 37.7473437, 55.704795 ], [ 37.7468536, 55.7055299 ], [ 37.74677890000001, 55.705642 ], [ 37.7467467, 55.705702100000018 ], [ 37.746323800000013, 55.7063407 ], [ 37.7463137, 55.7063559 ], [ 37.7457596, 55.7071874 ], [ 37.7454448, 55.7076571 ], [ 37.7452919, 55.707888800000021 ], [ 37.7452241, 55.70801380000001 ], [ 37.745216700000014, 55.7080613 ], [ 37.7452828, 55.708205 ], [ 37.7478294, 55.7078601 ], [ 37.747876100000013, 55.70807270000001 ], [ 37.747857200000013, 55.70814840000002 ], [ 37.7478111, 55.708409600000017 ], [ 37.7476202, 55.70949250000001 ], [ 37.747609, 55.7095984 ], [ 37.7476112, 55.7097909 ], [ 37.7476104, 55.709941 ], [ 37.747844300000011, 55.7100018 ], [ 37.748890700000018, 55.7102742 ], [ 37.749000700000011, 55.7103029 ], [ 37.7491901, 55.71035220000001 ], [ 37.749299, 55.710380500000014 ], [ 37.7503135, 55.7106447 ], [ 37.7505095, 55.7106957 ], [ 37.750652, 55.710732800000024 ], [ 37.7525085, 55.711204100000018 ], [ 37.753137800000012, 55.711366300000016 ], [ 37.75329270000001, 55.7114063 ], [ 37.7535282, 55.711467 ], [ 37.753865, 55.7115541 ], [ 37.7539814, 55.7115838 ], [ 37.7551804, 55.711892900000016 ], [ 37.7557233, 55.71203280000001 ], [ 37.757009400000015, 55.7123644 ], [ 37.7574006, 55.712465200000018 ], [ 37.7590059, 55.7128822 ], [ 37.7594595, 55.713 ], [ 37.760009800000013, 55.7131466 ], [ 37.7602247, 55.713193100000019 ], [ 37.76059570000001, 55.7132565 ], [ 37.762248100000015, 55.7136586 ], [ 37.7662317, 55.714967200000011 ], [ 37.7680625, 55.715395400000013 ], [ 37.7688131, 55.7155636 ], [ 37.7704803, 55.715948700000013 ], [ 37.7708445, 55.7159501 ], [ 37.7743975, 55.7168426 ], [ 37.774544200000015, 55.716659 ], [ 37.7745864, 55.7166062 ], [ 37.7755284, 55.7154292 ], [ 37.775587100000017, 55.71535410000002 ], [ 37.7761201, 55.714687200000014 ], [ 37.776645500000015, 55.7140298 ], [ 37.7770109, 55.7135828 ], [ 37.7773449, 55.7131741 ], [ 37.7775434, 55.7129311 ], [ 37.7776326, 55.712822 ], [ 37.777888500000024, 55.7125084 ], [ 37.7779934, 55.712346800000013 ], [ 37.7780978, 55.712203500000015 ], [ 37.7781783, 55.7121008 ], [ 37.778767800000011, 55.7114094 ], [ 37.7790005, 55.7111385 ], [ 37.7798268, 55.7101179 ], [ 37.780083900000015, 55.709818900000016 ], [ 37.78031510000001, 55.7095414 ], [ 37.780505200000015, 55.7093133 ], [ 37.78054980000001, 55.7092879 ], [ 37.780731699999983, 55.709205100000013 ], [ 37.7809418, 55.709176900000017 ], [ 37.78173, 55.709068300000013 ], [ 37.7821312, 55.7090143 ], [ 37.7823831, 55.708984400000013 ], [ 37.7827119, 55.708945100000022 ], [ 37.784040500000017, 55.708776600000022 ], [ 37.784604, 55.7087052 ], [ 37.7853341, 55.708606200000027 ], [ 37.7877579, 55.7082776 ], [ 37.7888988, 55.7081229 ], [ 37.7927495, 55.7076007 ], [ 37.794218, 55.707389 ], [ 37.7945449, 55.707374 ], [ 37.79506360000002, 55.709081200000014 ], [ 37.795095, 55.709184400000012 ], [ 37.7957441, 55.7113211 ], [ 37.7959572, 55.7120226 ], [ 37.7960984, 55.7124871 ], [ 37.7961408, 55.7126269 ], [ 37.7961855, 55.712779 ], [ 37.7964912, 55.7137871 ], [ 37.7966729, 55.714386200000014 ], [ 37.7968074, 55.71484150000002 ], [ 37.7969538, 55.715312400000023 ], [ 37.7971804, 55.716059800000018 ], [ 37.7971865, 55.716079900000011 ], [ 37.797230400000011, 55.716224600000011 ], [ 37.7974897, 55.7172629 ], [ 37.7975038, 55.717311300000013 ], [ 37.797662600000017, 55.71779890000002 ], [ 37.798132600000017, 55.71924210000001 ], [ 37.7983389, 55.7198979 ], [ 37.798389, 55.720057 ], [ 37.7984225, 55.7201511 ], [ 37.798574099999989, 55.7205783 ], [ 37.7991182, 55.7221056 ], [ 37.8008114, 55.7215389 ], [ 37.8048077, 55.7202665 ], [ 37.808573200000019, 55.7189991 ], [ 37.812093, 55.7178206 ], [ 37.813581500000019, 55.7173163 ], [ 37.8167715, 55.71622570000001 ], [ 37.820727800000022, 55.7148955 ], [ 37.823879700000013, 55.713846 ], [ 37.8273124, 55.7126833 ], [ 37.833900900000017, 55.7104752 ], [ 37.836023900000015, 55.709776 ], [ 37.837409200000018, 55.7092892 ], [ 37.841370799999986, 55.7079663 ], [ 37.842371400000019, 55.70761430000001 ], [ 37.8439557, 55.707025700000017 ], [ 37.845551, 55.706485100000016 ], [ 37.8492009, 55.70526670000001 ], [ 37.85234, 55.7041954 ], [ 37.8534354, 55.703788499999987 ], [ 37.853409, 55.703540200000013 ], [ 37.858176, 55.7012543 ], [ 37.85731550000002, 55.700697600000019 ], [ 37.857373600000017, 55.7006233 ], [ 37.8579213, 55.7003626 ], [ 37.858407, 55.7001245 ], [ 37.856545800000021, 55.6989935 ], [ 37.8561665, 55.6987648 ], [ 37.858739, 55.697365600000012 ], [ 37.8603248, 55.6962697 ], [ 37.8608122, 55.6959066 ], [ 37.8640933, 55.693688300000019 ], [ 37.8638317, 55.69353910000001 ], [ 37.8608128, 55.691760400000014 ], [ 37.86072690000001, 55.6916828 ], [ 37.860500400000021, 55.6914784 ], [ 37.8604091, 55.6913956 ], [ 37.8600053, 55.6910309 ], [ 37.860187100000012, 55.6909302 ], [ 37.8623164, 55.6897602 ], [ 37.8639217, 55.6887717 ], [ 37.864745099999986, 55.688264400000016 ], [ 37.8647491, 55.688180800000012 ], [ 37.8647708, 55.6873542 ], [ 37.864792, 55.687350100000018 ], [ 37.863400200000015, 55.6850172 ], [ 37.8610154, 55.680953500000015 ], [ 37.8604775, 55.6798894 ], [ 37.860178600000012, 55.679350100000022 ], [ 37.859529700000017, 55.6781623 ], [ 37.8594202, 55.677962 ], [ 37.8588564, 55.6770986 ], [ 37.8573105, 55.67598670000001 ], [ 37.8569422, 55.675739 ], [ 37.856888200000014, 55.675701 ], [ 37.8496937, 55.679062099999989 ], [ 37.8475613, 55.67999780000001 ], [ 37.8457176, 55.680777800000016 ], [ 37.8433949, 55.6817314 ], [ 37.840255, 55.682950399999989 ], [ 37.8380612, 55.683811200000015 ], [ 37.836855300000011, 55.684258 ], [ 37.835849, 55.6845696 ], [ 37.835376100000012, 55.6846215 ], [ 37.8346578, 55.6846435 ], [ 37.8333804, 55.6843898 ], [ 37.8327674, 55.6840322 ], [ 37.8325244, 55.6836508 ], [ 37.8324744, 55.683418200000013 ], [ 37.832464, 55.6830379 ], [ 37.832785, 55.682224700000013 ], [ 37.833382100000016, 55.680905500000023 ], [ 37.8337391, 55.68004610000002 ], [ 37.8340993, 55.679107 ], [ 37.8343477, 55.678408900000015 ], [ 37.834528600000013, 55.67789 ], [ 37.83470410000001, 55.677323 ], [ 37.8348148, 55.6770314 ], [ 37.8349295, 55.676755100000015 ], [ 37.8350401, 55.6764706 ], [ 37.8351344, 55.6761719 ], [ 37.835245, 55.6758838 ], [ 37.8354598, 55.6753193 ], [ 37.8355601, 55.6750313 ], [ 37.8356564, 55.67473840000001 ], [ 37.8359147, 55.6740616 ], [ 37.8360739, 55.6735942 ], [ 37.8363444, 55.6729309 ], [ 37.8366582, 55.672098200000022 ], [ 37.8370572, 55.6709608 ], [ 37.837603800000011, 55.669511500000013 ], [ 37.8377967, 55.66890040000002 ], [ 37.8380608, 55.6682493 ], [ 37.838464200000011, 55.667131400000017 ], [ 37.838918900000017, 55.6659055 ], [ 37.8393386, 55.6647391 ], [ 37.8394843, 55.6643455 ], [ 37.8395998, 55.6640071 ], [ 37.8397197, 55.663526600000012 ], [ 37.8398439, 55.663050900000023 ], [ 37.839943200000015, 55.662565600000022 ], [ 37.8400337, 55.6621072 ], [ 37.8400733, 55.6615911 ], [ 37.8401094, 55.661106100000012 ], [ 37.840141599999988, 55.659827300000011 ], [ 37.8401094, 55.6592064 ], [ 37.8400431, 55.6585584 ], [ 37.840133, 55.65827240000003 ], [ 37.84074110000001, 55.658149 ], [ 37.841250200000012, 55.658105800000023 ], [ 37.8416266, 55.6578452 ], [ 37.841599100000025, 55.657284900000022 ], [ 37.8413901, 55.656702900000013 ] ] ] ] } },
{ "type": "Feature", "properties": { "fid": 200, "okrug": 200, "wiki_name": "Город Москва - Медведковский одномандатный избирательный округ ", "wiki_pop": 453521, "wiki_terr": "Северо-Восточный административный округ (Алтуфьевский район, район Бибирево, район Лианозово, район Отрадное, район Северное Медведково, район Северный, район Южное Медведково) ", "color": "#87C6E0", "2021_duma_oik196_Иванова": 0.0, "2021_duma_oik196_Крюков": 0.0, "2021_duma_oik196_Малинкович": 0.0, "2021_duma_oik196_Миронова": 0.0, "2021_duma_oik196_Рашкин": 0.0, "2021_duma_oik196_Рвачев": 0.0, "2021_duma_oik196_Стрельникова": 0.0, "2021_duma_oik196_Тарасов": 0.0, "2021_duma_oik196_Федоров": 0.0, "2021_duma_oik196_Янков": 0.0, "2021_duma_oik196_явка": 0.0, "2021_duma_oik196_недействительные": 0.0, "2021_duma_oik197_Гончаров": 0.0, "2021_duma_oik197_Горшкова": 0.0, "2021_duma_oik197_Лобанов": 0.0, "2021_duma_oik197_Меньшиков": 0.0, "2021_duma_oik197_Митина": 0.0, "2021_duma_oik197_Попов": 0.0, "2021_duma_oik197_Раменский": 0.0, "2021_duma_oik197_Соболев": 0.0, "2021_duma_oik197_Тарнавский": 0.0, "2021_duma_oik197_явка": 0.0, "2021_duma_oik197_недействительные": 0.0, "2021_duma_oik198_Брюханова": 0.0, "2021_duma_oik198_Власов": 0.0, "2021_duma_oik198_Голуенко": 0.0, "2021_duma_oik198_Звягинцев": 0.0, "2021_duma_oik198_Катаев": 0.0, "2021_duma_oik198_Литвинович": 0.0, "2021_duma_oik198_Мельников": 0.0, "2021_duma_oik198_Тарбаев": 0.0, "2021_duma_oik198_Хованская": 0.0, "2021_duma_oik198_явка": 0.0, "2021_duma_oik198_недействительные": 0.0, "2021_duma_oik199_Гулина": 0.0, "2021_duma_oik199_Гуличева": 0.0, "2021_duma_oik199_Катков": 0.0, "2021_duma_oik199_Киселёв": 0.0, "2021_duma_oik199_Кульнев": 0.0, "2021_duma_oik199_Прохоренкова": 0.0, "2021_duma_oik199_Рашкин": 0.0, "2021_duma_oik199_Тарасов": 0.0, "2021_duma_oik199_Толстой": 0.0, "2021_duma_oik199_Шах": 0.0, "2021_duma_oik199_Шоладеми": 0.0, "2021_duma_oik199_явка": 0.0, "2021_duma_oik199_недействительные": 0.0, "2021_duma_oik200_Бабушкин": 6.1, "2021_duma_oik200_Вельмакин": 2.46, "2021_duma_oik200_Загребной": 8.09, "2021_duma_oik200_Запотылок": 4.24, "2021_duma_oik200_Орлов": 2.26, "2021_duma_oik200_Парфенов": 26.23, "2021_duma_oik200_Певцов": 38.23, "2021_duma_oik200_Степкин": 4.87, "2021_duma_oik200_явка": 47.73, "2021_duma_oik200_недействительные": 2.7, "2021_duma_oik201_Гаспарян": 0.0, "2021_duma_oik201_Демин": 0.0, "2021_duma_oik201_Куликов": 0.0, "2021_duma_oik201_Разворотнева": 0.0, "2021_duma_oik201_Туманов": 0.0, "2021_duma_oik201_Удалова": 0.0, "2021_duma_oik201_Удальцова": 0.0, "2021_duma_oik201_Черников": 0.0, "2021_duma_oik201_явка": 0.0, "2021_duma_oik201_недействительные": 0.0, "2021_duma_oik202_Гершберг": 0.0, "2021_duma_oik202_Лапшов": 0.0, "2021_duma_oik202_Махницкий": 0.0, "2021_duma_oik202_Михайловский": 0.0, "2021_duma_oik202_Муратова": 0.0, "2021_duma_oik202_Придорожный": 0.0, "2021_duma_oik202_Саблин": 0.0, "2021_duma_oik202_Сиднев": 0.0, "2021_duma_oik202_Суханов": 0.0, "2021_duma_oik202_явка": 0.0, "2021_duma_oik202_недействительные": 0.0, "2021_duma_oik203_Казенков": 0.0, "2021_duma_oik203_Нифантьев": 0.0, "2021_duma_oik203_Пенкин": 0.0, "2021_duma_oik203_Петров": 0.0, "2021_duma_oik203_Смолич": 0.0, "2021_duma_oik203_Турушев": 0.0, "2021_duma_oik203_Шлямина": 0.0, "2021_duma_oik203_Шушлебина": 0.0, "2021_duma_oik203_Юдин": 0.0, "2021_duma_oik203_явка": 0.0, "2021_duma_oik203_недействительные": 0.0, "2021_duma_oik204_Дворак": 0.0, "2021_duma_oik204_Доможирова": 0.0, "2021_duma_oik204_Игнатьев": 0.0, "2021_duma_oik204_Измайлов": 0.0, "2021_duma_oik204_Кавказский": 0.0, "2021_duma_oik204_Курганов": 0.0, "2021_duma_oik204_Курганский": 0.0, "2021_duma_oik204_Монахов": 0.0, "2021_duma_oik204_Пресняков": 0.0, "2021_duma_oik204_Проханов": 0.0, "2021_duma_oik204_Шувалов": 0.0, "2021_duma_oik204_Яшин": 0.0, "2021_duma_oik204_явка": 0.0, "2021_duma_oik204_недействительные": 0.0, "2021_duma_oik205_Демченко": 0.0, "2021_duma_oik205_Загордан": 0.0, "2021_duma_oik205_Ищенко": 0.0, "2021_duma_oik205_Корягина": 0.0, "2021_duma_oik205_Костычева": 0.0, "2021_duma_oik205_Медведев": 0.0, "2021_duma_oik205_Обухов": 0.0, "2021_duma_oik205_Попова": 0.0, "2021_duma_oik205_Сидоров": 0.0, "2021_duma_oik205_явка": 0.0, "2021_duma_oik205_недействительные": 0.0, "2021_duma_oik206_Васильев": 0.0, "2021_duma_oik206_Гребенник": 0.0, "2021_duma_oik206_Иванова": 0.0, "2021_duma_oik206_Копкина": 0.0, "2021_duma_oik206_Мажуга": 0.0, "2021_duma_oik206_Мишарин": 0.0, "2021_duma_oik206_Пономарев": 0.0, "2021_duma_oik206_Цыба": 0.0, "2021_duma_oik206_явка": 0.0, "2021_duma_oik206_недействительные": 0.0, "2021_duma_oik207_Макаренко": 0.0, "2021_duma_oik207_Милованов": 0.0, "2021_duma_oik207_Павлинов": 0.0, "2021_duma_oik207_Пангаев": 0.0, "2021_duma_oik207_Серафонтов": 0.0, "2021_duma_oik207_Соловьев": 0.0, "2021_duma_oik207_Ульянов": 0.0, "2021_duma_oik207_Ульянченко": 0.0, "2021_duma_oik207_Хазин": 0.0, "2021_duma_oik207_Юрченко": 0.0, "2021_duma_oik207_явка": 0.0, "2021_duma_oik207_недействительные": 0.0, "2021_duma_oik208_Кошлаков-Крестовский": 0.0, "2021_duma_oik208_Леонов": 0.0, "2021_duma_oik208_Митрохин": 0.0, "2021_duma_oik208_Останина": 0.0, "2021_duma_oik208_Хараидзе": 0.0, "2021_duma_oik208_Шевченко": 0.0, "2021_duma_oik208_Широков": 0.0, "2021_duma_oik208_Юшин": 0.0, "2021_duma_oik208_Якубович": 0.0, "2021_duma_oik208_Яндиев": 0.0, "2021_duma_oik208_явка": 0.0, "2021_duma_oik208_недействительные": 0.0, "2021_duma_oik209_Волков": 0.0, "2021_duma_oik209_Ильин": 0.0, "2021_duma_oik209_Максимов": 0.0, "2021_duma_oik209_Николаев": 0.0, "2021_duma_oik209_Палюлин": 0.0, "2021_duma_oik209_Румянцев": 0.0, "2021_duma_oik209_Чирков": 0.0, "2021_duma_oik209_Шупеня": 0.0, "2021_duma_oik209_явка": 0.0, "2021_duma_oik209_недействительные": 0.0, "2021_duma_oik210_Буткеев": 0.0, "2021_duma_oik210_Коршунков": 0.0, "2021_duma_oik210_Крапухин": 0.0, "2021_duma_oik210_Начевский": 0.0, "2021_duma_oik210_Романенко": 0.0, "2021_duma_oik210_Смитиенко": 0.0, "2021_duma_oik210_Таранцов": 0.0, "2021_duma_oik210_Таращанский": 0.0, "2021_duma_oik210_Яцевский": 0.0, "2021_duma_oik210_явка": 0.0, "2021_duma_oik210_недействительные": 0.0, "2021_duma_oik196_Иванова_party": null, "2021_duma_oik196_Крюков_party": null, "2021_duma_oik196_Малинкович_party": null, "2021_duma_oik196_Миронова_party": null, "2021_duma_oik196_Рашкин_party": null, "2021_duma_oik196_Рвачев_party": null, "2021_duma_oik196_Стрельникова_party": null, "2021_duma_oik196_Тарасов_party": null, "2021_duma_oik196_Федоров_party": null, "2021_duma_oik196_Янков_party": null, "2021_duma_oik196_явка_party": null, "2021_duma_oik196_недействительные_party": null, "2021_duma_oik197_Гончаров_party": null, "2021_duma_oik197_Горшкова_party": null, "2021_duma_oik197_Лобанов_party": null, "2021_duma_oik197_Меньшиков_party": null, "2021_duma_oik197_Митина_party": null, "2021_duma_oik197_Попов_party": null, "2021_duma_oik197_Раменский_party": null, "2021_duma_oik197_Соболев_party": null, "2021_duma_oik197_Тарнавский_party": null, "2021_duma_oik197_явка_party": null, "2021_duma_oik197_недействительные_party": null, "2021_duma_oik198_Брюханова_party": null, "2021_duma_oik198_Власов_party": null, "2021_duma_oik198_Голуенко_party": null, "2021_duma_oik198_Звягинцев_party": null, "2021_duma_oik198_Катаев_party": null, "2021_duma_oik198_Литвинович_party": null, "2021_duma_oik198_Мельников_party": null, "2021_duma_oik198_Тарбаев_party": null, "2021_duma_oik198_Хованская_party": null, "2021_duma_oik198_явка_party": null, "2021_duma_oik198_недействительные_party": null, "2021_duma_oik199_Гулина_party": null, "2021_duma_oik199_Гуличева_party": null, "2021_duma_oik199_Катков_party": null, "2021_duma_oik199_Киселёв_party": null, "2021_duma_oik199_Кульнев_party": null, "2021_duma_oik199_Прохоренкова_party": null, "2021_duma_oik199_Рашкин_party": null, "2021_duma_oik199_Тарасов_party": null, "2021_duma_oik199_Толстой_party": null, "2021_duma_oik199_Шах_party": null, "2021_duma_oik199_Шоладеми_party": null, "2021_duma_oik199_явка_party": null, "2021_duma_oik199_недействительные_party": null, "2021_duma_oik200_Бабушкин_party": "Яблоко", "2021_duma_oik200_Вельмакин_party": "Зеленая альтернатива", "2021_duma_oik200_Загребной_party": "Справедливая Россия", "2021_duma_oik200_Запотылок_party": "Новые люди", "2021_duma_oik200_Орлов_party": "Коммунисты России (КПКР)", "2021_duma_oik200_Парфенов_party": "КПРФ", "2021_duma_oik200_Певцов_party": "Самовыдвижение", "2021_duma_oik200_Степкин_party": "ЛДПР", "2021_duma_oik200_явка_party": "Неизвестно", "2021_duma_oik200_недействительные_party": "Неизвестно", "2021_duma_oik201_Гаспарян_party": null, "2021_duma_oik201_Демин_party": null, "2021_duma_oik201_Куликов_party": null, "2021_duma_oik201_Разворотнева_party": null, "2021_duma_oik201_Туманов_party": null, "2021_duma_oik201_Удалова_party": null, "2021_duma_oik201_Удальцова_party": null, "2021_duma_oik201_Черников_party": null, "2021_duma_oik201_явка_party": null, "2021_duma_oik201_недействительные_party": null, "2021_duma_oik202_Гершберг_party": null, "2021_duma_oik202_Лапшов_party": null, "2021_duma_oik202_Махницкий_party": null, "2021_duma_oik202_Михайловский_party": null, "2021_duma_oik202_Муратова_party": null, "2021_duma_oik202_Придорожный_party": null, "2021_duma_oik202_Саблин_party": null, "2021_duma_oik202_Сиднев_party": null, "2021_duma_oik202_Суханов_party": null, "2021_duma_oik202_явка_party": null, "2021_duma_oik202_недействительные_party": null, "2021_duma_oik203_Казенков_party": null, "2021_duma_oik203_Нифантьев_party": null, "2021_duma_oik203_Пенкин_party": null, "2021_duma_oik203_Петров_party": null, "2021_duma_oik203_Смолич_party": null, "2021_duma_oik203_Турушев_party": null, "2021_duma_oik203_Шлямина_party": null, "2021_duma_oik203_Шушлебина_party": null, "2021_duma_oik203_Юдин_party": null, "2021_duma_oik203_явка_party": null, "2021_duma_oik203_недействительные_party": null, "2021_duma_oik204_Дворак_party": null, "2021_duma_oik204_Доможирова_party": null, "2021_duma_oik204_Игнатьев_party": null, "2021_duma_oik204_Измайлов_party": null, "2021_duma_oik204_Кавказский_party": null, "2021_duma_oik204_Курганов_party": null, "2021_duma_oik204_Курганский_party": null, "2021_duma_oik204_Монахов_party": null, "2021_duma_oik204_Пресняков_party": null, "2021_duma_oik204_Проханов_party": null, "2021_duma_oik204_Шувалов_party": null, "2021_duma_oik204_Яшин_party": null, "2021_duma_oik204_явка_party": null, "2021_duma_oik204_недействительные_party": null, "2021_duma_oik205_Демченко_party": null, "2021_duma_oik205_Загордан_party": null, "2021_duma_oik205_Ищенко_party": null, "2021_duma_oik205_Корягина_party": null, "2021_duma_oik205_Костычева_party": null, "2021_duma_oik205_Медведев_party": null, "2021_duma_oik205_Обухов_party": null, "2021_duma_oik205_Попова_party": null, "2021_duma_oik205_Сидоров_party": null, "2021_duma_oik205_явка_party": null, "2021_duma_oik205_недействительные_party": null, "2021_duma_oik206_Васильев_party": null, "2021_duma_oik206_Гребенник_party": null, "2021_duma_oik206_Иванова_party": null, "2021_duma_oik206_Копкина_party": null, "2021_duma_oik206_Мажуга_party": null, "2021_duma_oik206_Мишарин_party": null, "2021_duma_oik206_Пономарев_party": null, "2021_duma_oik206_Цыба_party": null, "2021_duma_oik206_явка_party": null, "2021_duma_oik206_недействительные_party": null, "2021_duma_oik207_Макаренко_party": null, "2021_duma_oik207_Милованов_party": null, "2021_duma_oik207_Павлинов_party": null, "2021_duma_oik207_Пангаев_party": null, "2021_duma_oik207_Серафонтов_party": null, "2021_duma_oik207_Соловьев_party": null, "2021_duma_oik207_Ульянов_party": null, "2021_duma_oik207_Ульянченко_party": null, "2021_duma_oik207_Хазин_party": null, "2021_duma_oik207_Юрченко_party": null, "2021_duma_oik207_явка_party": null, "2021_duma_oik207_недействительные_party": null, "2021_duma_oik208_Кошлаков-Крестовский_party": null, "2021_duma_oik208_Леонов_party": null, "2021_duma_oik208_Митрохин_party": null, "2021_duma_oik208_Останина_party": null, "2021_duma_oik208_Хараидзе_party": null, "2021_duma_oik208_Шевченко_party": null, "2021_duma_oik208_Широков_party": null, "2021_duma_oik208_Юшин_party": null, "2021_duma_oik208_Якубович_party": null, "2021_duma_oik208_Яндиев_party": null, "2021_duma_oik208_явка_party": null, "2021_duma_oik208_недействительные_party": null, "2021_duma_oik209_Волков_party": null, "2021_duma_oik209_Ильин_party": null, "2021_duma_oik209_Максимов_party": null, "2021_duma_oik209_Николаев_party": null, "2021_duma_oik209_Палюлин_party": null, "2021_duma_oik209_Румянцев_party": null, "2021_duma_oik209_Чирков_party": null, "2021_duma_oik209_Шупеня_party": null, "2021_duma_oik209_явка_party": null, "2021_duma_oik209_недействительные_party": null, "2021_duma_oik210_Буткеев_party": null, "2021_duma_oik210_Коршунков_party": null, "2021_duma_oik210_Крапухин_party": null, "2021_duma_oik210_Начевский_party": null, "2021_duma_oik210_Романенко_party": null, "2021_duma_oik210_Смитиенко_party": null, "2021_duma_oik210_Таранцов_party": null, "2021_duma_oik210_Таращанский_party": null, "2021_duma_oik210_Яцевский_party": null, "2021_duma_oik210_явка_party": null, "2021_duma_oik210_недействительные_party": null }, "geometry": { "type": "MultiPolygon", "coordinates": [ [ [ [ 37.6440665, 55.8976996 ], [ 37.6473691, 55.8972854 ], [ 37.652257200000015, 55.8967787 ], [ 37.6566763, 55.896384500000018 ], [ 37.660862100000017, 55.896082699999987 ], [ 37.663292800000015, 55.895916900000017 ], [ 37.6661837, 55.8957828 ], [ 37.669183400000016, 55.8956784 ], [ 37.6695557, 55.895775800000031 ], [ 37.67010350000001, 55.8960146 ], [ 37.6715638, 55.8969057 ], [ 37.671862, 55.897236200000016 ], [ 37.671881800000016, 55.897476400000016 ], [ 37.6718408, 55.8977269 ], [ 37.6726695, 55.897836700000013 ], [ 37.6728379, 55.8974121 ], [ 37.673040900000011, 55.897113 ], [ 37.6731529, 55.897033200000031 ], [ 37.6741514, 55.896630600000023 ], [ 37.6745498, 55.8964874 ], [ 37.6763401, 55.895575 ], [ 37.6769911, 55.895357300000015 ], [ 37.682338800000011, 55.895299 ], [ 37.685124499999986, 55.8951999 ], [ 37.685234500000021, 55.8950674 ], [ 37.6852017, 55.894454100000011 ], [ 37.6852119, 55.8943773 ], [ 37.6852542, 55.8942709 ], [ 37.6852588, 55.8940634 ], [ 37.6852222, 55.893909800000024 ], [ 37.6852398, 55.893662800000016 ], [ 37.6851833, 55.8935138 ], [ 37.6851857, 55.893100500000017 ], [ 37.685130900000011, 55.892898100000018 ], [ 37.685080700000022, 55.892380800000012 ], [ 37.6849756, 55.8917584 ], [ 37.6846787, 55.8910976 ], [ 37.684281400000017, 55.8905777 ], [ 37.6837881, 55.8900782 ], [ 37.6832628, 55.889427600000012 ], [ 37.68287, 55.8890281 ], [ 37.6819036, 55.887967 ], [ 37.681660100000016, 55.8875174 ], [ 37.6816296, 55.8872098 ], [ 37.6815537, 55.886443800000016 ], [ 37.6814059, 55.886064900000015 ], [ 37.681193599999986, 55.8857423 ], [ 37.680983900000022, 55.88551120000001 ], [ 37.6807399, 55.885304900000015 ], [ 37.680403100000014, 55.8851507 ], [ 37.680037, 55.884831400000017 ], [ 37.6795666, 55.884437 ], [ 37.679118, 55.8841147 ], [ 37.678636, 55.883782700000012 ], [ 37.6782704, 55.883354699999984 ], [ 37.677600100000021, 55.883165400000017 ], [ 37.677233100000016, 55.8831199 ], [ 37.676831, 55.883104900000021 ], [ 37.6765499, 55.8832084 ], [ 37.6763221, 55.883337200000021 ], [ 37.675916, 55.883579 ], [ 37.6751109, 55.8836915 ], [ 37.674629600000017, 55.8837453 ], [ 37.6739615, 55.8837998 ], [ 37.673232800000015, 55.8836395 ], [ 37.673027800000014, 55.8835615 ], [ 37.6729274, 55.883440400000012 ], [ 37.672972, 55.883284900000021 ], [ 37.6730745, 55.883160900000014 ], [ 37.673734700000011, 55.8829544 ], [ 37.673728, 55.882872900000017 ], [ 37.673636100000017, 55.88280850000001 ], [ 37.6719404, 55.882135700000013 ], [ 37.6714135, 55.8820472 ], [ 37.6703642, 55.88201140000001 ], [ 37.6701381, 55.88199180000003 ], [ 37.6692329, 55.8819135 ], [ 37.668493200000015, 55.8819111 ], [ 37.6675346, 55.8819977 ], [ 37.666753, 55.882029100000011 ], [ 37.6666109, 55.88202110000001 ], [ 37.6664599, 55.882041700000016 ], [ 37.6661584, 55.8821119 ], [ 37.6653545, 55.88235820000002 ], [ 37.665066500000016, 55.8823636 ], [ 37.6647889, 55.8823198 ], [ 37.664159700000013, 55.88210140000001 ], [ 37.663919600000014, 55.8820252 ], [ 37.663686500000011, 55.8820091 ], [ 37.6634013, 55.882035599999988 ], [ 37.6626852, 55.881968300000011 ], [ 37.6623558, 55.881897 ], [ 37.661776, 55.8817177 ], [ 37.660699700000023, 55.8814011 ], [ 37.6603978, 55.881296 ], [ 37.6600253, 55.881211899999983 ], [ 37.65964630000002, 55.881132200000032 ], [ 37.659300400000014, 55.8810195 ], [ 37.65880940000001, 55.880800900000025 ], [ 37.6584672, 55.8805993 ], [ 37.657858300000022, 55.880209300000011 ], [ 37.6576781, 55.8800413 ], [ 37.657478700000013, 55.8798187 ], [ 37.6573669, 55.87959 ], [ 37.657323100000013, 55.879471700000018 ], [ 37.6572972, 55.8791205 ], [ 37.6572603, 55.8787931 ], [ 37.657216900000016, 55.8786482 ], [ 37.657204900000011, 55.8784856 ], [ 37.657277, 55.877921 ], [ 37.6572504, 55.877759600000012 ], [ 37.6572364, 55.877574699999982 ], [ 37.6572766, 55.877361700000016 ], [ 37.6573432, 55.877185100000013 ], [ 37.6573038, 55.8767867 ], [ 37.65733, 55.8766105 ], [ 37.657342500000013, 55.875794900000017 ], [ 37.6573715, 55.8753472 ], [ 37.6574259, 55.875018900000015 ], [ 37.6577961, 55.874573500000011 ], [ 37.6584137, 55.8743018 ], [ 37.658678200000011, 55.873592 ], [ 37.6586625, 55.8733271 ], [ 37.6584183, 55.873004 ], [ 37.6580911, 55.872680400000014 ], [ 37.6573616, 55.8721658 ], [ 37.657179900000017, 55.8721187 ], [ 37.6569615, 55.872112600000023 ], [ 37.6562889, 55.8719206 ], [ 37.656201, 55.871879 ], [ 37.656161, 55.871821400000023 ], [ 37.6561765, 55.8716672 ], [ 37.6561482, 55.8715978 ], [ 37.6560106, 55.8715544 ], [ 37.6558168, 55.871527800000024 ], [ 37.655601500000017, 55.8714482 ], [ 37.6553471, 55.8713293 ], [ 37.6541554, 55.8708524 ], [ 37.6537964, 55.8707873 ], [ 37.653276600000012, 55.8707248 ], [ 37.652106600000018, 55.8704915 ], [ 37.6516027, 55.8703214 ], [ 37.6512062, 55.870054100000011 ], [ 37.650946500000011, 55.8697897 ], [ 37.650814, 55.8696582 ], [ 37.6505345, 55.8691396 ], [ 37.6498553, 55.868681500000022 ], [ 37.6492792, 55.8683909 ], [ 37.6489706, 55.868200900000026 ], [ 37.648474, 55.8677719 ], [ 37.64844020000001, 55.8674299 ], [ 37.6482863, 55.8672998 ], [ 37.648519, 55.867000900000015 ], [ 37.648998, 55.8668413 ], [ 37.6489614, 55.866749400000018 ], [ 37.648830599999982, 55.866670600000013 ], [ 37.6486133, 55.8666102 ], [ 37.6481863, 55.8665659 ], [ 37.647903600000014, 55.866624200000018 ], [ 37.6476199, 55.8665361 ], [ 37.6467923, 55.865975400000011 ], [ 37.6451631, 55.8654802 ], [ 37.6421488, 55.865354100000012 ], [ 37.6417319, 55.8653231 ], [ 37.6409029, 55.8652505 ], [ 37.64048840000001, 55.8651667 ], [ 37.640164800000015, 55.8650189 ], [ 37.6399086, 55.8648629 ], [ 37.639307800000019, 55.864121200000014 ], [ 37.6390857, 55.864013099999987 ], [ 37.6383497, 55.863639100000022 ], [ 37.638294300000013, 55.8635504 ], [ 37.6382795, 55.8634258 ], [ 37.638140500000013, 55.863259 ], [ 37.6367071, 55.86236790000001 ], [ 37.6351086, 55.861369700000012 ], [ 37.6342312, 55.8608569 ], [ 37.6338548, 55.860613900000018 ], [ 37.6337057, 55.8604482 ], [ 37.6335905, 55.8603208 ], [ 37.6332179, 55.8598928 ], [ 37.6329563, 55.8594152 ], [ 37.6328747, 55.859175900000011 ], [ 37.6328758, 55.858923300000022 ], [ 37.6329279, 55.8585037 ], [ 37.6330059, 55.857933 ], [ 37.633054, 55.857683700000017 ], [ 37.632945, 55.8574419 ], [ 37.6329008, 55.8573567 ], [ 37.6326095, 55.8572816 ], [ 37.6320813, 55.857220600000012 ], [ 37.631006, 55.85698750000001 ], [ 37.6292322, 55.8568848 ], [ 37.6286813, 55.856898500000021 ], [ 37.627071400000013, 55.8569896 ], [ 37.625915, 55.8572096 ], [ 37.625715200000016, 55.8572605 ], [ 37.625146, 55.857405500000013 ], [ 37.625180100000023, 55.85762320000002 ], [ 37.625213100000025, 55.857789 ], [ 37.6249913, 55.8578821 ], [ 37.6247928, 55.8579401 ], [ 37.624498200000019, 55.858001400000013 ], [ 37.624031800000019, 55.858056800000014 ], [ 37.623911500000013, 55.858077700000017 ], [ 37.62363040000001, 55.858126400000017 ], [ 37.6232793, 55.858206100000011 ], [ 37.623081500000012, 55.8582927 ], [ 37.6224984, 55.8585559 ], [ 37.620559, 55.859198 ], [ 37.620358100000011, 55.8592645 ], [ 37.6203476, 55.8591609 ], [ 37.6203814, 55.8570151 ], [ 37.6203926, 55.8559307 ], [ 37.620375500000016, 55.855131 ], [ 37.6203349, 55.8549438 ], [ 37.6203251, 55.8548987 ], [ 37.6202296, 55.85464930000002 ], [ 37.620091500000022, 55.8544045 ], [ 37.6199556, 55.8542225 ], [ 37.619841599999987, 55.85407 ], [ 37.6193655, 55.85359780000001 ], [ 37.6192063, 55.8534399 ], [ 37.618609100000022, 55.8528476 ], [ 37.618336800000023, 55.85257750000001 ], [ 37.6176873, 55.851933200000019 ], [ 37.6175609, 55.85180780000001 ], [ 37.6172292, 55.8514753 ], [ 37.6170805, 55.8513313 ], [ 37.616944300000021, 55.8511962 ], [ 37.6160974, 55.850353500000026 ], [ 37.6159315, 55.8501916 ], [ 37.612321, 55.8464823 ], [ 37.610077200000021, 55.846659500000023 ], [ 37.605759500000012, 55.8468402 ], [ 37.6018931, 55.8469635 ], [ 37.592823, 55.847314600000011 ], [ 37.59150510000002, 55.8473616 ], [ 37.584833399999987, 55.847613800000012 ], [ 37.5820202, 55.8477276 ], [ 37.5800476, 55.847801100000012 ], [ 37.5774499, 55.8479083 ], [ 37.5766288, 55.8479923 ], [ 37.575618400000025, 55.8481532 ], [ 37.573771700000016, 55.8484763 ], [ 37.573671, 55.848794 ], [ 37.5733094, 55.84984020000001 ], [ 37.573089700000011, 55.8506244 ], [ 37.5729058, 55.8514198 ], [ 37.572759, 55.8523622 ], [ 37.5726782, 55.85320620000001 ], [ 37.5726431, 55.8541581 ], [ 37.5727074, 55.854734700000016 ], [ 37.572795900000017, 55.855145200000017 ], [ 37.5729126, 55.8555199 ], [ 37.573442, 55.8568734 ], [ 37.5741499, 55.8586016 ], [ 37.57435150000002, 55.8592177 ], [ 37.57454640000001, 55.8598931 ], [ 37.57463150000001, 55.860457 ], [ 37.5746814, 55.861137500000019 ], [ 37.574600300000014, 55.8621169 ], [ 37.574328, 55.8630022 ], [ 37.5739179, 55.8640117 ], [ 37.5731862, 55.8657867 ], [ 37.572618200000022, 55.8671064 ], [ 37.571371, 55.8701818 ], [ 37.570474600000011, 55.872176600000017 ], [ 37.5699988, 55.8733055 ], [ 37.5692874, 55.8749889 ], [ 37.568467200000022, 55.876988400000016 ], [ 37.568290900000015, 55.8775903 ], [ 37.5681621, 55.8782823 ], [ 37.567675299999983, 55.8826443 ], [ 37.5674995, 55.8845481 ], [ 37.5674047, 55.887302300000016 ], [ 37.5671989, 55.889278700000013 ], [ 37.5670561, 55.890163200000011 ], [ 37.566755200000017, 55.8908373 ], [ 37.566358600000015, 55.891416800000016 ], [ 37.5658968, 55.8919341 ], [ 37.5653705, 55.8923855 ], [ 37.5647478, 55.892842 ], [ 37.564058100000018, 55.89327320000001 ], [ 37.563069, 55.8936976 ], [ 37.562227600000014, 55.8940409 ], [ 37.5590425, 55.895233800000021 ], [ 37.5528556, 55.897461 ], [ 37.5519785, 55.8977748 ], [ 37.54423950000001, 55.900621100000016 ], [ 37.54411850000001, 55.900665600000032 ], [ 37.5428854, 55.9011424 ], [ 37.542371, 55.9013678 ], [ 37.5416646, 55.901731 ], [ 37.5411696, 55.902026600000013 ], [ 37.54057730000001, 55.9024308 ], [ 37.5399434, 55.902884399999984 ], [ 37.5392272, 55.903499600000018 ], [ 37.53869250000001, 55.9039985 ], [ 37.5382791, 55.904465 ], [ 37.53806010000001, 55.904755700000017 ], [ 37.5378582, 55.9050619 ], [ 37.5376117, 55.905475300000013 ], [ 37.5368567, 55.9070637 ], [ 37.5370259, 55.907555600000016 ], [ 37.5362709, 55.908790800000013 ], [ 37.528307, 55.9248134 ], [ 37.5281014, 55.925207500000013 ], [ 37.5277554, 55.925359100000016 ], [ 37.526807200000022, 55.9273093 ], [ 37.523529, 55.933642400000018 ], [ 37.5210238, 55.938548700000013 ], [ 37.5202208, 55.94010990000001 ], [ 37.520291, 55.940212 ], [ 37.520252800000023, 55.9403257 ], [ 37.5194795, 55.941763299999984 ], [ 37.5200417, 55.9418455 ], [ 37.5237684, 55.9423903 ], [ 37.5238991, 55.9426604 ], [ 37.5269143, 55.942985 ], [ 37.5341723, 55.943387800000018 ], [ 37.536004300000023, 55.9434779 ], [ 37.537116600000012, 55.9436097 ], [ 37.5376334, 55.943665200000012 ], [ 37.540913600000017, 55.9436004 ], [ 37.5417652, 55.9434533 ], [ 37.542471700000014, 55.9436047 ], [ 37.5393052, 55.948997700000014 ], [ 37.5369133, 55.9523038 ], [ 37.539046600000013, 55.9527372 ], [ 37.540653, 55.953188100000013 ], [ 37.540813100000015, 55.9533944 ], [ 37.542017100000017, 55.953659100000017 ], [ 37.5438494, 55.954066400000016 ], [ 37.5457473, 55.954659600000014 ], [ 37.5466366, 55.95488490000001 ], [ 37.546618200000012, 55.9550446 ], [ 37.547894100000022, 55.9552262 ], [ 37.5482976, 55.955342 ], [ 37.548859400000012, 55.954247 ], [ 37.5494129, 55.9540787 ], [ 37.549617, 55.953762 ], [ 37.550518300000014, 55.952165100000016 ], [ 37.5503268, 55.9517686 ], [ 37.5502021, 55.951492300000012 ], [ 37.550651, 55.9508086 ], [ 37.5519657, 55.950836500000015 ], [ 37.551929500000014, 55.9516778 ], [ 37.551674, 55.9517782 ], [ 37.551766, 55.953024200000016 ], [ 37.552568500000021, 55.9530203 ], [ 37.5524465, 55.9532795 ], [ 37.553200100000012, 55.953480300000017 ], [ 37.555104, 55.9535347 ], [ 37.5550694, 55.952619600000013 ], [ 37.555063700000012, 55.9511575 ], [ 37.557343, 55.9518872 ], [ 37.5667198, 55.954816600000015 ], [ 37.574519900000013, 55.957409700000028 ], [ 37.574850300000016, 55.955890599999989 ], [ 37.578538300000019, 55.9553056 ], [ 37.580813800000023, 55.9537022 ], [ 37.57924890000001, 55.953386800000011 ], [ 37.579550700000013, 55.9529464 ], [ 37.5801616, 55.951735 ], [ 37.5801568, 55.9514244 ], [ 37.5795348, 55.9491814 ], [ 37.5697747, 55.950186400000014 ], [ 37.569686900000015, 55.9501822 ], [ 37.5682111, 55.9501364 ], [ 37.567972700000013, 55.9503741 ], [ 37.5632159, 55.950874100000021 ], [ 37.5625931, 55.950790500000011 ], [ 37.5628807, 55.947595399999983 ], [ 37.563784399999989, 55.9449908 ], [ 37.564157900000012, 55.943477 ], [ 37.5643073, 55.9422837 ], [ 37.5645629, 55.9408723 ], [ 37.567613600000016, 55.940659 ], [ 37.5701637, 55.940854300000019 ], [ 37.5699506, 55.936230500000022 ], [ 37.569301100000011, 55.936404900000014 ], [ 37.567735700000014, 55.936251700000021 ], [ 37.566268700000016, 55.936254600000019 ], [ 37.565668300000013, 55.9331285 ], [ 37.564960100000022, 55.9330557 ], [ 37.5607055, 55.9320541 ], [ 37.560816200000019, 55.931105300000013 ], [ 37.5609235, 55.929967500000011 ], [ 37.5610379, 55.928361700000018 ], [ 37.5609563, 55.9275711 ], [ 37.560808, 55.9268994 ], [ 37.560565600000011, 55.9257971 ], [ 37.559722100000023, 55.9226742 ], [ 37.559149200000022, 55.920646900000015 ], [ 37.5587328, 55.919790799999987 ], [ 37.5585725, 55.919119 ], [ 37.5579977, 55.916328799999988 ], [ 37.5573654, 55.9141002 ], [ 37.5564311, 55.9111187 ], [ 37.5559505, 55.9090943 ], [ 37.570536700000019, 55.9110169 ], [ 37.574149099999985, 55.911273199999989 ], [ 37.5786006, 55.911434300000018 ], [ 37.5803508, 55.9112918 ], [ 37.581026700000017, 55.9111875 ], [ 37.583892200000015, 55.9109577 ], [ 37.5873513, 55.9103686 ], [ 37.588278699999989, 55.91159720000001 ], [ 37.5887127, 55.9119308 ], [ 37.589514300000012, 55.9121479 ], [ 37.5898758, 55.912389700000013 ], [ 37.5902506, 55.912961699999983 ], [ 37.5907353, 55.913656100000011 ], [ 37.5909767, 55.9136241 ], [ 37.5912017, 55.9135942 ], [ 37.5910586, 55.913292600000013 ], [ 37.590754900000015, 55.9124546 ], [ 37.59051130000001, 55.912090099999986 ], [ 37.5903786, 55.9118398 ], [ 37.5903936, 55.9115316 ], [ 37.5905033, 55.9112916 ], [ 37.5910769, 55.9107422 ], [ 37.5926593, 55.9093427 ], [ 37.5931529, 55.9089479 ], [ 37.5949836, 55.9084548 ], [ 37.59766230000001, 55.907689400000017 ], [ 37.599129200000014, 55.907277200000024 ], [ 37.6092529, 55.9045605 ], [ 37.615606600000021, 55.9029267 ], [ 37.6175125, 55.902420300000024 ], [ 37.6195224, 55.9019203 ], [ 37.6213487, 55.9015146 ], [ 37.625554, 55.900686500000013 ], [ 37.6275168, 55.90031310000002 ], [ 37.629269700000016, 55.8999289 ], [ 37.6294645, 55.89993350000001 ], [ 37.630694200000015, 55.899702 ], [ 37.633722800000015, 55.8991985 ], [ 37.6373525, 55.898608400000015 ], [ 37.6389249, 55.8984251 ], [ 37.6440665, 55.8976996 ] ] ] ] } },
{ "type": "Feature", "properties": { "fid": 201, "okrug": 201, "wiki_name": "Город Москва - Нагатинский одномандатный избирательный округ ", "wiki_pop": 486522, "wiki_terr": "Юго-Восточный административный округ (район Печатники, Южнопортовый район); Юго-Западный административный округ (район Котловка); Южный административный округ (Даниловский район, Донской район, район Москворечье-Сабурово, район Нагатино-Садовники, район Нагатинский Затон, Нагорный район, район Чертаново Северное) ", "color": "#E32B31", "2021_duma_oik196_Иванова": 0.0, "2021_duma_oik196_Крюков": 0.0, "2021_duma_oik196_Малинкович": 0.0, "2021_duma_oik196_Миронова": 0.0, "2021_duma_oik196_Рашкин": 0.0, "2021_duma_oik196_Рвачев": 0.0, "2021_duma_oik196_Стрельникова": 0.0, "2021_duma_oik196_Тарасов": 0.0, "2021_duma_oik196_Федоров": 0.0, "2021_duma_oik196_Янков": 0.0, "2021_duma_oik196_явка": 0.0, "2021_duma_oik196_недействительные": 0.0, "2021_duma_oik197_Гончаров": 0.0, "2021_duma_oik197_Горшкова": 0.0, "2021_duma_oik197_Лобанов": 0.0, "2021_duma_oik197_Меньшиков": 0.0, "2021_duma_oik197_Митина": 0.0, "2021_duma_oik197_Попов": 0.0, "2021_duma_oik197_Раменский": 0.0, "2021_duma_oik197_Соболев": 0.0, "2021_duma_oik197_Тарнавский": 0.0, "2021_duma_oik197_явка": 0.0, "2021_duma_oik197_недействительные": 0.0, "2021_duma_oik198_Брюханова": 0.0, "2021_duma_oik198_Власов": 0.0, "2021_duma_oik198_Голуенко": 0.0, "2021_duma_oik198_Звягинцев": 0.0, "2021_duma_oik198_Катаев": 0.0, "2021_duma_oik198_Литвинович": 0.0, "2021_duma_oik198_Мельников": 0.0, "2021_duma_oik198_Тарбаев": 0.0, "2021_duma_oik198_Хованская": 0.0, "2021_duma_oik198_явка": 0.0, "2021_duma_oik198_недействительные": 0.0, "2021_duma_oik199_Гулина": 0.0, "2021_duma_oik199_Гуличева": 0.0, "2021_duma_oik199_Катков": 0.0, "2021_duma_oik199_Киселёв": 0.0, "2021_duma_oik199_Кульнев": 0.0, "2021_duma_oik199_Прохоренкова": 0.0, "2021_duma_oik199_Рашкин": 0.0, "2021_duma_oik199_Тарасов": 0.0, "2021_duma_oik199_Толстой": 0.0, "2021_duma_oik199_Шах": 0.0, "2021_duma_oik199_Шоладеми": 0.0, "2021_duma_oik199_явка": 0.0, "2021_duma_oik199_недействительные": 0.0, "2021_duma_oik200_Бабушкин": 0.0, "2021_duma_oik200_Вельмакин": 0.0, "2021_duma_oik200_Загребной": 0.0, "2021_duma_oik200_Запотылок": 0.0, "2021_duma_oik200_Орлов": 0.0, "2021_duma_oik200_Парфенов": 0.0, "2021_duma_oik200_Певцов": 0.0, "2021_duma_oik200_Степкин": 0.0, "2021_duma_oik200_явка": 0.0, "2021_duma_oik200_недействительные": 0.0, "2021_duma_oik201_Гаспарян": 7.34, "2021_duma_oik201_Демин": 9.52, "2021_duma_oik201_Куликов": 3.0, "2021_duma_oik201_Разворотнева": 35.72, "2021_duma_oik201_Туманов": 3.82, "2021_duma_oik201_Удалова": 3.87, "2021_duma_oik201_Удальцова": 25.3, "2021_duma_oik201_Черников": 1.57, "2021_duma_oik201_явка": 47.97, "2021_duma_oik201_недействительные": 2.41, "2021_duma_oik202_Гершберг": 0.0, "2021_duma_oik202_Лапшов": 0.0, "2021_duma_oik202_Махницкий": 0.0, "2021_duma_oik202_Михайловский": 0.0, "2021_duma_oik202_Муратова": 0.0, "2021_duma_oik202_Придорожный": 0.0, "2021_duma_oik202_Саблин": 0.0, "2021_duma_oik202_Сиднев": 0.0, "2021_duma_oik202_Суханов": 0.0, "2021_duma_oik202_явка": 0.0, "2021_duma_oik202_недействительные": 0.0, "2021_duma_oik203_Казенков": 0.0, "2021_duma_oik203_Нифантьев": 0.0, "2021_duma_oik203_Пенкин": 0.0, "2021_duma_oik203_Петров": 0.0, "2021_duma_oik203_Смолич": 0.0, "2021_duma_oik203_Турушев": 0.0, "2021_duma_oik203_Шлямина": 0.0, "2021_duma_oik203_Шушлебина": 0.0, "2021_duma_oik203_Юдин": 0.0, "2021_duma_oik203_явка": 0.0, "2021_duma_oik203_недействительные": 0.0, "2021_duma_oik204_Дворак": 0.0, "2021_duma_oik204_Доможирова": 0.0, "2021_duma_oik204_Игнатьев": 0.0, "2021_duma_oik204_Измайлов": 0.0, "2021_duma_oik204_Кавказский": 0.0, "2021_duma_oik204_Курганов": 0.0, "2021_duma_oik204_Курганский": 0.0, "2021_duma_oik204_Монахов": 0.0, "2021_duma_oik204_Пресняков": 0.0, "2021_duma_oik204_Проханов": 0.0, "2021_duma_oik204_Шувалов": 0.0, "2021_duma_oik204_Яшин": 0.0, "2021_duma_oik204_явка": 0.0, "2021_duma_oik204_недействительные": 0.0, "2021_duma_oik205_Демченко": 0.0, "2021_duma_oik205_Загордан": 0.0, "2021_duma_oik205_Ищенко": 0.0, "2021_duma_oik205_Корягина": 0.0, "2021_duma_oik205_Костычева": 0.0, "2021_duma_oik205_Медведев": 0.0, "2021_duma_oik205_Обухов": 0.0, "2021_duma_oik205_Попова": 0.0, "2021_duma_oik205_Сидоров": 0.0, "2021_duma_oik205_явка": 0.0, "2021_duma_oik205_недействительные": 0.0, "2021_duma_oik206_Васильев": 0.0, "2021_duma_oik206_Гребенник": 0.0, "2021_duma_oik206_Иванова": 0.0, "2021_duma_oik206_Копкина": 0.0, "2021_duma_oik206_Мажуга": 0.0, "2021_duma_oik206_Мишарин": 0.0, "2021_duma_oik206_Пономарев": 0.0, "2021_duma_oik206_Цыба": 0.0, "2021_duma_oik206_явка": 0.0, "2021_duma_oik206_недействительные": 0.0, "2021_duma_oik207_Макаренко": 0.0, "2021_duma_oik207_Милованов": 0.0, "2021_duma_oik207_Павлинов": 0.0, "2021_duma_oik207_Пангаев": 0.0, "2021_duma_oik207_Серафонтов": 0.0, "2021_duma_oik207_Соловьев": 0.0, "2021_duma_oik207_Ульянов": 0.0, "2021_duma_oik207_Ульянченко": 0.0, "2021_duma_oik207_Хазин": 0.0, "2021_duma_oik207_Юрченко": 0.0, "2021_duma_oik207_явка": 0.0, "2021_duma_oik207_недействительные": 0.0, "2021_duma_oik208_Кошлаков-Крестовский": 0.0, "2021_duma_oik208_Леонов": 0.0, "2021_duma_oik208_Митрохин": 0.0, "2021_duma_oik208_Останина": 0.0, "2021_duma_oik208_Хараидзе": 0.0, "2021_duma_oik208_Шевченко": 0.0, "2021_duma_oik208_Широков": 0.0, "2021_duma_oik208_Юшин": 0.0, "2021_duma_oik208_Якубович": 0.0, "2021_duma_oik208_Яндиев": 0.0, "2021_duma_oik208_явка": 0.0, "2021_duma_oik208_недействительные": 0.0, "2021_duma_oik209_Волков": 0.0, "2021_duma_oik209_Ильин": 0.0, "2021_duma_oik209_Максимов": 0.0, "2021_duma_oik209_Николаев": 0.0, "2021_duma_oik209_Палюлин": 0.0, "2021_duma_oik209_Румянцев": 0.0, "2021_duma_oik209_Чирков": 0.0, "2021_duma_oik209_Шупеня": 0.0, "2021_duma_oik209_явка": 0.0, "2021_duma_oik209_недействительные": 0.0, "2021_duma_oik210_Буткеев": 0.0, "2021_duma_oik210_Коршунков": 0.0, "2021_duma_oik210_Крапухин": 0.0, "2021_duma_oik210_Начевский": 0.0, "2021_duma_oik210_Романенко": 0.0, "2021_duma_oik210_Смитиенко": 0.0, "2021_duma_oik210_Таранцов": 0.0, "2021_duma_oik210_Таращанский": 0.0, "2021_duma_oik210_Яцевский": 0.0, "2021_duma_oik210_явка": 0.0, "2021_duma_oik210_недействительные": 0.0, "2021_duma_oik196_Иванова_party": null, "2021_duma_oik196_Крюков_party": null, "2021_duma_oik196_Малинкович_party": null, "2021_duma_oik196_Миронова_party": null, "2021_duma_oik196_Рашкин_party": null, "2021_duma_oik196_Рвачев_party": null, "2021_duma_oik196_Стрельникова_party": null, "2021_duma_oik196_Тарасов_party": null, "2021_duma_oik196_Федоров_party": null, "2021_duma_oik196_Янков_party": null, "2021_duma_oik196_явка_party": null, "2021_duma_oik196_недействительные_party": null, "2021_duma_oik197_Гончаров_party": null, "2021_duma_oik197_Горшкова_party": null, "2021_duma_oik197_Лобанов_party": null, "2021_duma_oik197_Меньшиков_party": null, "2021_duma_oik197_Митина_party": null, "2021_duma_oik197_Попов_party": null, "2021_duma_oik197_Раменский_party": null, "2021_duma_oik197_Соболев_party": null, "2021_duma_oik197_Тарнавский_party": null, "2021_duma_oik197_явка_party": null, "2021_duma_oik197_недействительные_party": null, "2021_duma_oik198_Брюханова_party": null, "2021_duma_oik198_Власов_party": null, "2021_duma_oik198_Голуенко_party": null, "2021_duma_oik198_Звягинцев_party": null, "2021_duma_oik198_Катаев_party": null, "2021_duma_oik198_Литвинович_party": null, "2021_duma_oik198_Мельников_party": null, "2021_duma_oik198_Тарбаев_party": null, "2021_duma_oik198_Хованская_party": null, "2021_duma_oik198_явка_party": null, "2021_duma_oik198_недействительные_party": null, "2021_duma_oik199_Гулина_party": null, "2021_duma_oik199_Гуличева_party": null, "2021_duma_oik199_Катков_party": null, "2021_duma_oik199_Киселёв_party": null, "2021_duma_oik199_Кульнев_party": null, "2021_duma_oik199_Прохоренкова_party": null, "2021_duma_oik199_Рашкин_party": null, "2021_duma_oik199_Тарасов_party": null, "2021_duma_oik199_Толстой_party": null, "2021_duma_oik199_Шах_party": null, "2021_duma_oik199_Шоладеми_party": null, "2021_duma_oik199_явка_party": null, "2021_duma_oik199_недействительные_party": null, "2021_duma_oik200_Бабушкин_party": null, "2021_duma_oik200_Вельмакин_party": null, "2021_duma_oik200_Загребной_party": null, "2021_duma_oik200_Запотылок_party": null, "2021_duma_oik200_Орлов_party": null, "2021_duma_oik200_Парфенов_party": null, "2021_duma_oik200_Певцов_party": null, "2021_duma_oik200_Степкин_party": null, "2021_duma_oik200_явка_party": null, "2021_duma_oik200_недействительные_party": null, "2021_duma_oik201_Гаспарян_party": "Справедливая Россия", "2021_duma_oik201_Демин_party": "Новые люди", "2021_duma_oik201_Куликов_party": "Партия свободы и справедливости", "2021_duma_oik201_Разворотнева_party": "Единая Россия", "2021_duma_oik201_Туманов_party": "Яблоко", "2021_duma_oik201_Удалова_party": "Коммунисты России (КПКР)", "2021_duma_oik201_Удальцова_party": "КПРФ", "2021_duma_oik201_Черников_party": "Партия Роста", "2021_duma_oik201_явка_party": "Неизвестно", "2021_duma_oik201_недействительные_party": "Неизвестно", "2021_duma_oik202_Гершберг_party": null, "2021_duma_oik202_Лапшов_party": null, "2021_duma_oik202_Махницкий_party": null, "2021_duma_oik202_Михайловский_party": null, "2021_duma_oik202_Муратова_party": null, "2021_duma_oik202_Придорожный_party": null, "2021_duma_oik202_Саблин_party": null, "2021_duma_oik202_Сиднев_party": null, "2021_duma_oik202_Суханов_party": null, "2021_duma_oik202_явка_party": null, "2021_duma_oik202_недействительные_party": null, "2021_duma_oik203_Казенков_party": null, "2021_duma_oik203_Нифантьев_party": null, "2021_duma_oik203_Пенкин_party": null, "2021_duma_oik203_Петров_party": null, "2021_duma_oik203_Смолич_party": null, "2021_duma_oik203_Турушев_party": null, "2021_duma_oik203_Шлямина_party": null, "2021_duma_oik203_Шушлебина_party": null, "2021_duma_oik203_Юдин_party": null, "2021_duma_oik203_явка_party": null, "2021_duma_oik203_недействительные_party": null, "2021_duma_oik204_Дворак_party": null, "2021_duma_oik204_Доможирова_party": null, "2021_duma_oik204_Игнатьев_party": null, "2021_duma_oik204_Измайлов_party": null, "2021_duma_oik204_Кавказский_party": null, "2021_duma_oik204_Курганов_party": null, "2021_duma_oik204_Курганский_party": null, "2021_duma_oik204_Монахов_party": null, "2021_duma_oik204_Пресняков_party": null, "2021_duma_oik204_Проханов_party": null, "2021_duma_oik204_Шувалов_party": null, "2021_duma_oik204_Яшин_party": null, "2021_duma_oik204_явка_party": null, "2021_duma_oik204_недействительные_party": null, "2021_duma_oik205_Демченко_party": null, "2021_duma_oik205_Загордан_party": null, "2021_duma_oik205_Ищенко_party": null, "2021_duma_oik205_Корягина_party": null, "2021_duma_oik205_Костычева_party": null, "2021_duma_oik205_Медведев_party": null, "2021_duma_oik205_Обухов_party": null, "2021_duma_oik205_Попова_party": null, "2021_duma_oik205_Сидоров_party": null, "2021_duma_oik205_явка_party": null, "2021_duma_oik205_недействительные_party": null, "2021_duma_oik206_Васильев_party": null, "2021_duma_oik206_Гребенник_party": null, "2021_duma_oik206_Иванова_party": null, "2021_duma_oik206_Копкина_party": null, "2021_duma_oik206_Мажуга_party": null, "2021_duma_oik206_Мишарин_party": null, "2021_duma_oik206_Пономарев_party": null, "2021_duma_oik206_Цыба_party": null, "2021_duma_oik206_явка_party": null, "2021_duma_oik206_недействительные_party": null, "2021_duma_oik207_Макаренко_party": null, "2021_duma_oik207_Милованов_party": null, "2021_duma_oik207_Павлинов_party": null, "2021_duma_oik207_Пангаев_party": null, "2021_duma_oik207_Серафонтов_party": null, "2021_duma_oik207_Соловьев_party": null, "2021_duma_oik207_Ульянов_party": null, "2021_duma_oik207_Ульянченко_party": null, "2021_duma_oik207_Хазин_party": null, "2021_duma_oik207_Юрченко_party": null, "2021_duma_oik207_явка_party": null, "2021_duma_oik207_недействительные_party": null, "2021_duma_oik208_Кошлаков-Крестовский_party": null, "2021_duma_oik208_Леонов_party": null, "2021_duma_oik208_Митрохин_party": null, "2021_duma_oik208_Останина_party": null, "2021_duma_oik208_Хараидзе_party": null, "2021_duma_oik208_Шевченко_party": null, "2021_duma_oik208_Широков_party": null, "2021_duma_oik208_Юшин_party": null, "2021_duma_oik208_Якубович_party": null, "2021_duma_oik208_Яндиев_party": null, "2021_duma_oik208_явка_party": null, "2021_duma_oik208_недействительные_party": null, "2021_duma_oik209_Волков_party": null, "2021_duma_oik209_Ильин_party": null, "2021_duma_oik209_Максимов_party": null, "2021_duma_oik209_Николаев_party": null, "2021_duma_oik209_Палюлин_party": null, "2021_duma_oik209_Румянцев_party": null, "2021_duma_oik209_Чирков_party": null, "2021_duma_oik209_Шупеня_party": null, "2021_duma_oik209_явка_party": null, "2021_duma_oik209_недействительные_party": null, "2021_duma_oik210_Буткеев_party": null, "2021_duma_oik210_Коршунков_party": null, "2021_duma_oik210_Крапухин_party": null, "2021_duma_oik210_Начевский_party": null, "2021_duma_oik210_Романенко_party": null, "2021_duma_oik210_Смитиенко_party": null, "2021_duma_oik210_Таранцов_party": null, "2021_duma_oik210_Таращанский_party": null, "2021_duma_oik210_Яцевский_party": null, "2021_duma_oik210_явка_party": null, "2021_duma_oik210_недействительные_party": null }, "geometry": { "type": "MultiPolygon", "coordinates": [ [ [ [ 37.6929061, 55.6438288 ], [ 37.694481500000023, 55.6432843 ], [ 37.6994168, 55.6421218 ], [ 37.713278400000021, 55.6394575 ], [ 37.7264698, 55.640619600000015 ], [ 37.729034100000014, 55.640851200000014 ], [ 37.7295024, 55.6408925 ], [ 37.7282384, 55.6367798 ], [ 37.727742300000017, 55.6354212 ], [ 37.727683, 55.6352494 ], [ 37.727126700000014, 55.6352564 ], [ 37.7271556, 55.635117 ], [ 37.727255800000016, 55.6342039 ], [ 37.7274941, 55.634026 ], [ 37.7276769, 55.6338166 ], [ 37.727615, 55.6338003 ], [ 37.7276879, 55.6335256 ], [ 37.7276603, 55.633514300000023 ], [ 37.727708900000017, 55.633417100000024 ], [ 37.7277685, 55.6333436 ], [ 37.7278756, 55.6332676 ], [ 37.7278965, 55.6332713 ], [ 37.7281986, 55.633046900000018 ], [ 37.728298600000016, 55.633089200000022 ], [ 37.7285796, 55.632923500000018 ], [ 37.7288793, 55.6327878 ], [ 37.72905410000002, 55.632796599999985 ], [ 37.7292758, 55.6326732 ], [ 37.729569500000011, 55.6321151 ], [ 37.7295403, 55.631917500000014 ], [ 37.7294836, 55.6315337 ], [ 37.72909940000001, 55.63076430000001 ], [ 37.7283728, 55.630865 ], [ 37.7158954, 55.6312037 ], [ 37.7099409, 55.6309647 ], [ 37.7095002, 55.6309428 ], [ 37.7073453, 55.6307468 ], [ 37.7044241, 55.6297835 ], [ 37.702357200000016, 55.6297167 ], [ 37.7017642, 55.629609800000011 ], [ 37.696092300000011, 55.628978700000012 ], [ 37.6939837, 55.628135 ], [ 37.6927896, 55.6279215 ], [ 37.6919653, 55.6279323 ], [ 37.6893268, 55.6279256 ], [ 37.6901739, 55.632419400000011 ], [ 37.689475600000016, 55.6332053 ], [ 37.689435300000021, 55.6335879 ], [ 37.689502900000015, 55.6336769 ], [ 37.689925800000012, 55.633800800000017 ], [ 37.690162100000023, 55.633850500000015 ], [ 37.6903781, 55.633929700000017 ], [ 37.69054, 55.633993700000026 ], [ 37.6905076, 55.6341186 ], [ 37.690334900000025, 55.6342527 ], [ 37.689984, 55.6343745 ], [ 37.689588400000012, 55.634469700000018 ], [ 37.689397700000015, 55.6346195 ], [ 37.6892125, 55.6347724 ], [ 37.6888156, 55.6349215 ], [ 37.688591700000011, 55.6351112 ], [ 37.68845910000001, 55.6352921 ], [ 37.6884167, 55.6353919 ], [ 37.6883304, 55.6356283 ], [ 37.6882742, 55.635777 ], [ 37.688218100000014, 55.6359135 ], [ 37.688086799999986, 55.636121299999985 ], [ 37.6880385, 55.6362909 ], [ 37.6878865, 55.6365191 ], [ 37.687742, 55.636694499999983 ], [ 37.687556500000014, 55.636723100000012 ], [ 37.6874047, 55.6366565 ], [ 37.6872275, 55.636623099999987 ], [ 37.6869402, 55.6366526 ], [ 37.6868134, 55.6363325 ], [ 37.686248500000012, 55.636378100000023 ], [ 37.6860052, 55.6364514 ], [ 37.6858192, 55.6364623 ], [ 37.6851282, 55.6364951 ], [ 37.6828127, 55.636604400000024 ], [ 37.6826484, 55.636610300000015 ], [ 37.6824661, 55.636615200000023 ], [ 37.6818714, 55.6366279 ], [ 37.6809681, 55.63664390000001 ], [ 37.680875300000011, 55.6366477 ], [ 37.6808263, 55.636649600000013 ], [ 37.680183900000017, 55.636686700000013 ], [ 37.6784511, 55.6368072 ], [ 37.6775283, 55.636857800000023 ], [ 37.6767131, 55.6369061 ], [ 37.676241, 55.6369309 ], [ 37.675943900000014, 55.636947 ], [ 37.674852500000014, 55.637015800000015 ], [ 37.6743579, 55.6370483 ], [ 37.6742729, 55.637050600000023 ], [ 37.6740741, 55.637056800000018 ], [ 37.6739422, 55.6370629 ], [ 37.673670499999986, 55.637080500000017 ], [ 37.673569, 55.6370869 ], [ 37.6729028, 55.637128800000028 ], [ 37.671923, 55.637200100000022 ], [ 37.6693094, 55.63737990000002 ], [ 37.66807390000001, 55.637459 ], [ 37.6679762, 55.6374644 ], [ 37.6676126, 55.637488700000013 ], [ 37.666334700000014, 55.637581600000011 ], [ 37.6658802, 55.6376129 ], [ 37.664423700000015, 55.637709600000015 ], [ 37.663074200000011, 55.637795900000015 ], [ 37.662968, 55.6378056 ], [ 37.662864300000017, 55.6378137 ], [ 37.6623535, 55.6378473 ], [ 37.6621854, 55.63785840000002 ], [ 37.661764700000013, 55.6378858 ], [ 37.6615131, 55.63790250000001 ], [ 37.6612965, 55.6379182 ], [ 37.6608434, 55.6379462 ], [ 37.6588089, 55.6381028 ], [ 37.6581585, 55.6381529 ], [ 37.6575523, 55.638212299999985 ], [ 37.6571567, 55.638245 ], [ 37.656657800000019, 55.6382759 ], [ 37.656380400000018, 55.6382974 ], [ 37.6561303, 55.6383091 ], [ 37.6551168, 55.638340500000012 ], [ 37.6549182, 55.6383432 ], [ 37.654725300000024, 55.6383489 ], [ 37.6547261, 55.6377409 ], [ 37.6548185, 55.6375641 ], [ 37.654505, 55.637586300000024 ], [ 37.652616, 55.6377286 ], [ 37.6523343, 55.6377453 ], [ 37.6498792, 55.63792590000002 ], [ 37.6482922, 55.6380368 ], [ 37.647685, 55.6380821 ], [ 37.6470378, 55.638117700000016 ], [ 37.6469598, 55.63812570000001 ], [ 37.6448728, 55.6382778 ], [ 37.644161, 55.638346300000016 ], [ 37.6439083, 55.6383696 ], [ 37.643597300000017, 55.638400800000014 ], [ 37.642947400000018, 55.63846860000001 ], [ 37.6427669, 55.6384838 ], [ 37.642126800000014, 55.638552300000015 ], [ 37.6416193, 55.6386134 ], [ 37.6413919, 55.638712100000021 ], [ 37.6413448, 55.6387946 ], [ 37.6413973, 55.639039200000013 ], [ 37.641424800000017, 55.639167 ], [ 37.641491200000011, 55.6394387 ], [ 37.641758, 55.640671700000013 ], [ 37.639096700000024, 55.6405419 ], [ 37.6361624, 55.639693400000013 ], [ 37.6357869, 55.6397963 ], [ 37.635357800000023, 55.6397782 ], [ 37.6349286, 55.63974790000001 ], [ 37.6343171, 55.639693400000013 ], [ 37.633812800000015, 55.63976 ], [ 37.632976, 55.639663100000014 ], [ 37.6326648, 55.6396449 ], [ 37.6323966, 55.639663100000014 ], [ 37.632064, 55.6396752 ], [ 37.631667, 55.6396692 ], [ 37.6314632, 55.639657100000015 ], [ 37.6311306, 55.6396752 ], [ 37.6308731, 55.639699399999984 ], [ 37.630529800000012, 55.639790300000016 ], [ 37.6302401, 55.639856900000012 ], [ 37.6298646, 55.6398629 ], [ 37.6295749, 55.6398145 ], [ 37.629274500000022, 55.6398448 ], [ 37.629098200000016, 55.639821 ], [ 37.6288422, 55.6397898 ], [ 37.628488200000021, 55.639796 ], [ 37.6278296, 55.639895100000011 ], [ 37.6274721, 55.6399295 ], [ 37.626828300000021, 55.6400022 ], [ 37.626098800000022, 55.6400022 ], [ 37.6256804, 55.640008300000027 ], [ 37.625433600000015, 55.640008300000027 ], [ 37.6250933, 55.640011 ], [ 37.6251623, 55.639732800000012 ], [ 37.6268388, 55.6332768 ], [ 37.626974099999984, 55.6327523 ], [ 37.62705960000001, 55.632418700000031 ], [ 37.6271724, 55.63198280000001 ], [ 37.627418, 55.6310394 ], [ 37.628353400000016, 55.6271025 ], [ 37.6288479, 55.6254624 ], [ 37.6301651, 55.6230422 ], [ 37.6308168, 55.6218441 ], [ 37.626093300000015, 55.6213731 ], [ 37.6246434, 55.6211217 ], [ 37.6242955, 55.621062400000014 ], [ 37.6237422, 55.6210465 ], [ 37.6207944, 55.6214136 ], [ 37.617133600000024, 55.621874700000014 ], [ 37.6163093, 55.622003700000015 ], [ 37.616269800000012, 55.6220113 ], [ 37.616224, 55.62202 ], [ 37.616160900000011, 55.622032 ], [ 37.616010400000015, 55.622058 ], [ 37.6155768, 55.6221358 ], [ 37.615460900000016, 55.622153 ], [ 37.615015699999987, 55.6222184 ], [ 37.6148836, 55.622240199999986 ], [ 37.614176200000024, 55.620669600000014 ], [ 37.61376910000002, 55.620730200000011 ], [ 37.6092079, 55.621374 ], [ 37.6078543, 55.621445700000017 ], [ 37.6069475, 55.62167 ], [ 37.5977902, 55.6231786 ], [ 37.5958002, 55.6234749 ], [ 37.595232800000012, 55.62356 ], [ 37.5917909, 55.6240571 ], [ 37.5915331, 55.6240841 ], [ 37.5913101, 55.624099200000018 ], [ 37.590986600000022, 55.6241148 ], [ 37.590671700000023, 55.624105500000013 ], [ 37.589885900000013, 55.6240089 ], [ 37.589638100000016, 55.6239601 ], [ 37.589227200000018, 55.6238558 ], [ 37.5888168, 55.623723700000021 ], [ 37.588251700000015, 55.623503300000024 ], [ 37.5875006, 55.6240442 ], [ 37.5870837, 55.6242892 ], [ 37.5860051, 55.623863 ], [ 37.585653, 55.623984 ], [ 37.5855659, 55.624029400000019 ], [ 37.5858366, 55.625089200000012 ], [ 37.58380930000002, 55.6254017 ], [ 37.582783100000015, 55.625165100000011 ], [ 37.5828854, 55.6254039 ], [ 37.5832427, 55.6262311 ], [ 37.5834474, 55.6262846 ], [ 37.5836354, 55.626329 ], [ 37.583816400000018, 55.6269123 ], [ 37.5840442, 55.626886300000024 ], [ 37.5842063, 55.626693300000014 ], [ 37.5843505, 55.626683600000028 ], [ 37.584682300000011, 55.6277039 ], [ 37.584627800000014, 55.6277403 ], [ 37.584349, 55.6276415 ], [ 37.5841914, 55.6275846 ], [ 37.5840258, 55.627778900000017 ], [ 37.5840882, 55.627995 ], [ 37.584447500000017, 55.6280008 ], [ 37.5847405, 55.6279252 ], [ 37.584917, 55.6283455 ], [ 37.5850272, 55.628723 ], [ 37.5848357, 55.628767500000016 ], [ 37.5846721, 55.628476400000011 ], [ 37.5843505, 55.6285628 ], [ 37.584221500000012, 55.6284348 ], [ 37.58413070000001, 55.6286746 ], [ 37.58458850000001, 55.628969100000013 ], [ 37.5851468, 55.6292006 ], [ 37.5852841, 55.6293994 ], [ 37.5852599, 55.629539700000016 ], [ 37.5853956, 55.6297962 ], [ 37.5855103, 55.6300194 ], [ 37.58579610000001, 55.630621400000017 ], [ 37.5858754, 55.6308714 ], [ 37.5859829, 55.631173 ], [ 37.5858037, 55.6314207 ], [ 37.5852426, 55.6314864 ], [ 37.58382, 55.6314728 ], [ 37.577265700000012, 55.632676900000021 ], [ 37.577406, 55.6343603 ], [ 37.5775701, 55.634454 ], [ 37.5777814, 55.6346989 ], [ 37.5781387, 55.6347388 ], [ 37.578797900000012, 55.635358 ], [ 37.579058, 55.635405200000015 ], [ 37.5792056, 55.635553 ], [ 37.5791408, 55.6356593 ], [ 37.5792798, 55.635780700000012 ], [ 37.5801576, 55.635563600000026 ], [ 37.5805944, 55.635911 ], [ 37.5798446, 55.6360226 ], [ 37.5803197, 55.6365675 ], [ 37.5805256, 55.6365884 ], [ 37.580621800000024, 55.6367698 ], [ 37.5808298, 55.6368147 ], [ 37.581104300000014, 55.6372784 ], [ 37.5816659, 55.637200300000011 ], [ 37.5816655, 55.6372043 ], [ 37.5822546, 55.638467 ], [ 37.5819071, 55.6386913 ], [ 37.5814907, 55.63896 ], [ 37.5814477, 55.6394871 ], [ 37.5816209, 55.6394753 ], [ 37.582056799999989, 55.639544400000013 ], [ 37.5821553, 55.639652300000016 ], [ 37.5821195, 55.6397349 ], [ 37.582002500000023, 55.6398242 ], [ 37.5816158, 55.6399653 ], [ 37.5812618, 55.6408951 ], [ 37.5819231, 55.6409 ], [ 37.581911700000013, 55.6409906 ], [ 37.5820011, 55.6412222 ], [ 37.5807067, 55.6423332 ], [ 37.579290400000012, 55.6428012 ], [ 37.57936220000002, 55.643615200000013 ], [ 37.5800031, 55.6438219 ], [ 37.5800959, 55.6448098 ], [ 37.58011470000001, 55.644941 ], [ 37.580412399999986, 55.6449225 ], [ 37.5804286, 55.645111 ], [ 37.5803884, 55.6453262 ], [ 37.582667300000011, 55.644634800000013 ], [ 37.5865867, 55.643434 ], [ 37.5894153, 55.642579 ], [ 37.5902236, 55.6423972 ], [ 37.5916832, 55.642188600000011 ], [ 37.5945131, 55.6419632 ], [ 37.5948165, 55.6419459 ], [ 37.6057292, 55.641327600000011 ], [ 37.60564620000001, 55.64334030000002 ], [ 37.6055935, 55.644479300000022 ], [ 37.605580700000019, 55.644820700000011 ], [ 37.6055862, 55.645201400000019 ], [ 37.6055888, 55.6453798 ], [ 37.6055906, 55.6454994 ], [ 37.6055922, 55.6456118 ], [ 37.6056193, 55.6473858 ], [ 37.6055871, 55.648620600000022 ], [ 37.6055767, 55.649021 ], [ 37.605533400000013, 55.6510713 ], [ 37.605504700000019, 55.6529228 ], [ 37.605502800000011, 55.653044100000017 ], [ 37.6055007, 55.653374299999989 ], [ 37.605495700000013, 55.6536277 ], [ 37.6054878, 55.6537322 ], [ 37.605464800000014, 55.6547905 ], [ 37.6054449, 55.6560591 ], [ 37.6054453, 55.6562214 ], [ 37.6054459, 55.6564483 ], [ 37.6054674, 55.656527200000021 ], [ 37.605492, 55.65658470000001 ], [ 37.6056662, 55.656810900000011 ], [ 37.605866800000022, 55.6570306 ], [ 37.6069153, 55.657923299999986 ], [ 37.6080582, 55.6588985 ], [ 37.6081151, 55.6589479 ], [ 37.6099599, 55.6604497 ], [ 37.6102368, 55.6606778 ], [ 37.610410100000017, 55.660807 ], [ 37.6105353, 55.6609004 ], [ 37.611374800000021, 55.6615981 ], [ 37.612869300000014, 55.662876300000015 ], [ 37.6130168, 55.6630024 ], [ 37.6131638, 55.6631281 ], [ 37.6133979, 55.6633318 ], [ 37.613497, 55.6634142 ], [ 37.61357180000001, 55.6634793 ], [ 37.6076464, 55.6640831 ], [ 37.602432399999984, 55.664628900000011 ], [ 37.6013782, 55.664791900000019 ], [ 37.599724900000012, 55.665281600000021 ], [ 37.5980311, 55.6658584 ], [ 37.5969265, 55.666233800000015 ], [ 37.5965572, 55.6661092 ], [ 37.5960881, 55.6658884 ], [ 37.5957573, 55.665753300000013 ], [ 37.5950957, 55.6656664 ], [ 37.5946378, 55.6655394 ], [ 37.594101, 55.665578 ], [ 37.5938007, 55.665563 ], [ 37.5933352, 55.66556570000003 ], [ 37.5930002, 55.6655348 ], [ 37.5923928, 55.6652664 ], [ 37.5917651, 55.66546360000001 ], [ 37.591012800000016, 55.665729500000012 ], [ 37.5905501, 55.6656548 ], [ 37.5900274, 55.665665 ], [ 37.5896788, 55.6654272 ], [ 37.588898300000018, 55.6656857 ], [ 37.5867949, 55.6656778 ], [ 37.5848638, 55.6657945 ], [ 37.583655200000024, 55.6655667 ], [ 37.582577300000011, 55.6655989 ], [ 37.581681900000014, 55.665743600000013 ], [ 37.5812455, 55.666025300000015 ], [ 37.5832454, 55.6678977 ], [ 37.584464, 55.6690153 ], [ 37.585633200000011, 55.6701049 ], [ 37.58185330000002, 55.6714108 ], [ 37.5799806, 55.67204940000002 ], [ 37.5780892, 55.672694599999986 ], [ 37.578128600000021, 55.6727331 ], [ 37.5783603, 55.6729593 ], [ 37.5784077, 55.6730056 ], [ 37.578559400000024, 55.673178100000015 ], [ 37.5790122, 55.6735969 ], [ 37.5793722, 55.673947700000014 ], [ 37.579393300000014, 55.6739705 ], [ 37.5797521, 55.6743187 ], [ 37.580305200000012, 55.6748588 ], [ 37.580328600000016, 55.6750296 ], [ 37.580315, 55.67512820000001 ], [ 37.580307, 55.6751508 ], [ 37.5803028, 55.6751628 ], [ 37.5799768, 55.675927300000012 ], [ 37.5796272, 55.676747 ], [ 37.579588, 55.6768005 ], [ 37.579509200000018, 55.6769087 ], [ 37.579685, 55.6769341 ], [ 37.580688400000021, 55.677273400000018 ], [ 37.58104010000001, 55.677392200000014 ], [ 37.581865100000023, 55.677670900000024 ], [ 37.5831176, 55.6780939 ], [ 37.583828, 55.6783339 ], [ 37.5842126, 55.6784638 ], [ 37.585507, 55.6789009 ], [ 37.585531200000013, 55.6789091 ], [ 37.58556080000001, 55.678919100000016 ], [ 37.5859199, 55.6790514 ], [ 37.58605660000002, 55.6791255 ], [ 37.5861504, 55.6791944 ], [ 37.5862469, 55.679300200000014 ], [ 37.586629900000013, 55.6798952 ], [ 37.586715200000015, 55.6800189 ], [ 37.5868313, 55.6801283 ], [ 37.5870101, 55.6802443 ], [ 37.587347300000012, 55.6804186 ], [ 37.587472, 55.6804975 ], [ 37.587582, 55.680575700000013 ], [ 37.587752200000018, 55.6807085 ], [ 37.5884448, 55.681337900000017 ], [ 37.5888172, 55.681694 ], [ 37.5891616, 55.682007 ], [ 37.5891939, 55.682036700000012 ], [ 37.5892952, 55.682129900000028 ], [ 37.589487700000021, 55.6823105 ], [ 37.5897325, 55.682532500000022 ], [ 37.589787, 55.6825826 ], [ 37.59021240000002, 55.6829748 ], [ 37.5904061, 55.683154300000012 ], [ 37.591181, 55.683867800000023 ], [ 37.591218499999989, 55.6839023 ], [ 37.592032199999984, 55.6846001 ], [ 37.5920898, 55.684654200000018 ], [ 37.5922426, 55.6847929 ], [ 37.592734600000014, 55.685239200000012 ], [ 37.593033900000016, 55.685510700000016 ], [ 37.5931207, 55.6855893 ], [ 37.593462600000016, 55.685898599999987 ], [ 37.5935493, 55.685977200000011 ], [ 37.593675700000013, 55.6860947 ], [ 37.5946952, 55.6870397 ], [ 37.59529, 55.6875912 ], [ 37.595405, 55.6876978 ], [ 37.595634100000012, 55.687910200000019 ], [ 37.595889700000015, 55.688185 ], [ 37.596253200000014, 55.688524700000023 ], [ 37.596384600000015, 55.6886571 ], [ 37.596451200000011, 55.6887146 ], [ 37.596517, 55.6887714 ], [ 37.596626, 55.6888725 ], [ 37.597705, 55.689846400000015 ], [ 37.598097700000018, 55.6901367 ], [ 37.598209, 55.6902032 ], [ 37.5984462, 55.690346800000015 ], [ 37.5989086, 55.6905332 ], [ 37.59946, 55.690739100000016 ], [ 37.600278400000022, 55.6910514 ], [ 37.600841200000012, 55.69127270000002 ], [ 37.6014866, 55.691528300000023 ], [ 37.6016161, 55.69158070000001 ], [ 37.601308, 55.691781 ], [ 37.600685, 55.692202400000014 ], [ 37.6000709, 55.6927081 ], [ 37.5996, 55.6931041 ], [ 37.599222300000022, 55.6934548 ], [ 37.5989626, 55.693665699999983 ], [ 37.5980616, 55.6943974 ], [ 37.5975572, 55.694848 ], [ 37.5971023, 55.695235 ], [ 37.5967332, 55.6955736 ], [ 37.5962526, 55.6960719 ], [ 37.5956174, 55.696778100000017 ], [ 37.594905, 55.6976149 ], [ 37.5939781, 55.6986984 ], [ 37.592956700000023, 55.6998738 ], [ 37.5909671, 55.7021933 ], [ 37.589841, 55.703506 ], [ 37.589343200000023, 55.704081600000016 ], [ 37.589021200000019, 55.7044431 ], [ 37.5884559, 55.7050778 ], [ 37.588084900000013, 55.70549 ], [ 37.58782, 55.705783500000024 ], [ 37.5875028, 55.706114100000015 ], [ 37.587312900000015, 55.7063416 ], [ 37.5874925, 55.70643780000001 ], [ 37.587697300000016, 55.7065562 ], [ 37.588709, 55.707140500000015 ], [ 37.5853646, 55.7088144 ], [ 37.584227, 55.7095136 ], [ 37.583401200000011, 55.7100423 ], [ 37.5821396, 55.71099250000001 ], [ 37.582267, 55.711034900000016 ], [ 37.582786400000018, 55.711227900000011 ], [ 37.583925300000018, 55.711013800000011 ], [ 37.585101400000013, 55.7112334 ], [ 37.585171, 55.711204100000018 ], [ 37.585201800000014, 55.711226900000014 ], [ 37.585232, 55.711248100000013 ], [ 37.5853472, 55.7111972 ], [ 37.585428800000024, 55.7111634 ], [ 37.5854794, 55.7111405 ], [ 37.585594, 55.711091 ], [ 37.5883361, 55.71309590000002 ], [ 37.5878737, 55.713295100000011 ], [ 37.5879123, 55.7133267 ], [ 37.5884454, 55.713762800000019 ], [ 37.5879827, 55.7139395 ], [ 37.589951, 55.715335200000013 ], [ 37.590503700000021, 55.7157456 ], [ 37.5906915, 55.715686600000019 ], [ 37.591720700000018, 55.716448300000017 ], [ 37.5919057, 55.7163791 ], [ 37.5926713, 55.716870600000014 ], [ 37.5925773, 55.716972 ], [ 37.5925442, 55.716954700000024 ], [ 37.5924676, 55.717001100000019 ], [ 37.592504700000013, 55.7170205 ], [ 37.5916661, 55.7174589 ], [ 37.5907888, 55.717812400000014 ], [ 37.5907951, 55.717873 ], [ 37.5913879, 55.7183549 ], [ 37.591429500000011, 55.7183866 ], [ 37.592132700000015, 55.718827800000014 ], [ 37.5922285, 55.7194285 ], [ 37.5927146, 55.719686 ], [ 37.592747299999985, 55.719671800000022 ], [ 37.592818399999985, 55.7196453 ], [ 37.5929726, 55.7195751 ], [ 37.592618500000015, 55.719405900000012 ], [ 37.5925649, 55.719146 ], [ 37.594083800000021, 55.71832520000001 ], [ 37.5956569, 55.7193566 ], [ 37.595993, 55.71955590000001 ], [ 37.5968012, 55.7200931 ], [ 37.5968554, 55.720130300000015 ], [ 37.5972368, 55.719963200000016 ], [ 37.597493700000022, 55.7201418 ], [ 37.5981281, 55.7198467 ], [ 37.600379700000012, 55.7213488 ], [ 37.600469, 55.7213112 ], [ 37.600700400000015, 55.7212568 ], [ 37.601438700000024, 55.721061700000014 ], [ 37.6014907, 55.7210483 ], [ 37.6018149, 55.720981 ], [ 37.6022736, 55.720885800000012 ], [ 37.603434900000025, 55.7206447 ], [ 37.6051458, 55.7202975 ], [ 37.605262200000013, 55.7202755 ], [ 37.6053873, 55.72025150000001 ], [ 37.606704200000017, 55.7199909 ], [ 37.6072671, 55.71988420000001 ], [ 37.6090482, 55.719545199999985 ], [ 37.609403, 55.7194792 ], [ 37.609765100000011, 55.7203947 ], [ 37.61005260000001, 55.7211338 ], [ 37.6101739, 55.7214281 ], [ 37.6103207, 55.7214157 ], [ 37.6111437, 55.721346500000017 ], [ 37.6120046, 55.721274 ], [ 37.6122072, 55.7212568 ], [ 37.614171800000015, 55.7210897 ], [ 37.614413400000011, 55.720995700000017 ], [ 37.6150389, 55.7205632 ], [ 37.615568, 55.720090100000014 ], [ 37.6156714, 55.720098400000019 ], [ 37.6169636, 55.7202079 ], [ 37.6174078, 55.720247600000015 ], [ 37.61754590000001, 55.72026 ], [ 37.61777, 55.7202801 ], [ 37.617858400000024, 55.720291300000014 ], [ 37.617895300000015, 55.720296 ], [ 37.6221841, 55.720874 ], [ 37.622249, 55.7208828 ], [ 37.622397800000023, 55.720903 ], [ 37.6225805, 55.720932 ], [ 37.623585499999983, 55.721025 ], [ 37.6238064, 55.7210448 ], [ 37.623938400000014, 55.7210537 ], [ 37.6257065, 55.721197 ], [ 37.6268216, 55.7212762 ], [ 37.627199, 55.7212947 ], [ 37.6276275, 55.721336600000015 ], [ 37.6278928, 55.721364900000012 ], [ 37.629723, 55.72176540000001 ], [ 37.6302229, 55.7218748 ], [ 37.6311221, 55.7220819 ], [ 37.631405800000017, 55.7221496 ], [ 37.6315353, 55.7221801 ], [ 37.6330891, 55.7225841 ], [ 37.6337153, 55.722454100000022 ], [ 37.6340323, 55.7223866 ], [ 37.6343872, 55.7223138 ], [ 37.6357502, 55.722034300000011 ], [ 37.635839, 55.722016100000019 ], [ 37.6359731, 55.72231470000002 ], [ 37.6361083, 55.722615500000011 ], [ 37.6361365, 55.722678100000017 ], [ 37.6364024, 55.7233539 ], [ 37.636411400000021, 55.7233762 ], [ 37.636461300000022, 55.72352930000001 ], [ 37.6366645, 55.7235295 ], [ 37.637219200000018, 55.7234379 ], [ 37.6381535, 55.72326540000001 ], [ 37.638372700000012, 55.723221600000016 ], [ 37.638597400000016, 55.7231871 ], [ 37.6390844, 55.7230889 ], [ 37.639802400000015, 55.7229326 ], [ 37.6399537, 55.7228978 ], [ 37.6407229, 55.7226704 ], [ 37.6412598, 55.7224626 ], [ 37.6416361, 55.7222386 ], [ 37.641761, 55.722198400000018 ], [ 37.6419128, 55.722198400000018 ], [ 37.643165300000014, 55.72234610000001 ], [ 37.6434013, 55.722382 ], [ 37.6437423, 55.722403800000016 ], [ 37.6438086, 55.722621400000016 ], [ 37.6439921, 55.7234757 ], [ 37.6440315, 55.7236516 ], [ 37.6440464, 55.7237262 ], [ 37.6440595, 55.7237913 ], [ 37.6440667, 55.7238281 ], [ 37.6440761, 55.723875899999989 ], [ 37.644104200000015, 55.724015 ], [ 37.644377500000019, 55.725368700000011 ], [ 37.644438800000025, 55.72567260000001 ], [ 37.6445183, 55.726066399999986 ], [ 37.644879800000012, 55.7278566 ], [ 37.6448981, 55.7279684 ], [ 37.6449111, 55.728011900000013 ], [ 37.644943, 55.7280768 ], [ 37.6455742, 55.7289149 ], [ 37.6459446, 55.729399700000023 ], [ 37.6460349, 55.7295169 ], [ 37.646384700000013, 55.7294276 ], [ 37.6470763, 55.7292509 ], [ 37.6479661, 55.7290236 ], [ 37.6482494, 55.728951200000012 ], [ 37.6487788, 55.728816 ], [ 37.649106700000011, 55.72873220000001 ], [ 37.649865, 55.7285385 ], [ 37.64996, 55.728514200000014 ], [ 37.650022, 55.7284984 ], [ 37.6502165, 55.728448699999987 ], [ 37.65037610000001, 55.7284079 ], [ 37.6505231, 55.7283704 ], [ 37.6507319, 55.728317 ], [ 37.650780400000023, 55.728304600000016 ], [ 37.6509504, 55.7282904 ], [ 37.6511208, 55.7282556 ], [ 37.6515535, 55.728144200000024 ], [ 37.6516512, 55.728132600000016 ], [ 37.6517522, 55.728134300000015 ], [ 37.652067900000013, 55.7281718 ], [ 37.652234700000015, 55.7280434 ], [ 37.6542108, 55.7288214 ], [ 37.6557668, 55.727623700000017 ], [ 37.656210500000014, 55.7270994 ], [ 37.6567176, 55.7263724 ], [ 37.659768500000013, 55.7265782 ], [ 37.6619889, 55.7266879 ], [ 37.6623957, 55.726707300000015 ], [ 37.66271740000002, 55.726729900000016 ], [ 37.662852400000013, 55.7267386 ], [ 37.6630099, 55.7267514 ], [ 37.6631267, 55.726758300000014 ], [ 37.663091500000021, 55.7268628 ], [ 37.6627185, 55.727660500000013 ], [ 37.6622286, 55.7284447 ], [ 37.66076180000001, 55.730601 ], [ 37.6606903, 55.73070340000001 ], [ 37.6608171, 55.7307343 ], [ 37.6613351, 55.730844600000012 ], [ 37.66301510000001, 55.731176800000014 ], [ 37.6633988, 55.7312508 ], [ 37.6636607, 55.7312948 ], [ 37.6640891, 55.7313893 ], [ 37.6644263, 55.731467300000013 ], [ 37.6658108, 55.7316354 ], [ 37.6662402, 55.7315357 ], [ 37.666822600000017, 55.7312159 ], [ 37.6674635, 55.7308639 ], [ 37.6676873, 55.7305484 ], [ 37.6677039, 55.7304782 ], [ 37.667770800000021, 55.7303547 ], [ 37.667963699999987, 55.7300379 ], [ 37.6681796, 55.7297011 ], [ 37.6686788, 55.728881100000017 ], [ 37.6695856, 55.727361300000013 ], [ 37.669667, 55.7272243 ], [ 37.6701003, 55.7265377 ], [ 37.6705097, 55.7259215 ], [ 37.67058080000001, 55.7258255 ], [ 37.670718900000018, 55.725847500000022 ], [ 37.6708026, 55.725862200000016 ], [ 37.671748900000019, 55.726047700000017 ], [ 37.672212200000011, 55.7261482 ], [ 37.6725669, 55.7262252 ], [ 37.6737687, 55.7264858 ], [ 37.6775679, 55.727306200000015 ], [ 37.678073, 55.72751610000001 ], [ 37.6783789, 55.7277796 ], [ 37.6786151, 55.7279895 ], [ 37.6787479, 55.728105700000015 ], [ 37.67886, 55.7282037 ], [ 37.6789183, 55.7282645 ], [ 37.680567500000016, 55.7276885 ], [ 37.681472899999989, 55.7273757 ], [ 37.685369500000022, 55.7260448 ], [ 37.68778, 55.725229 ], [ 37.6891641, 55.7247627 ], [ 37.693355399999987, 55.723335500000012 ], [ 37.694168900000022, 55.723063100000012 ], [ 37.6973299, 55.721964100000015 ], [ 37.6988881, 55.7213703 ], [ 37.699285, 55.7211927 ], [ 37.6999181, 55.720893 ], [ 37.7002664, 55.7207102 ], [ 37.7022453, 55.719738500000012 ], [ 37.7052706, 55.7207063 ], [ 37.7065049, 55.721071300000027 ], [ 37.7086758, 55.721711200000016 ], [ 37.7104877, 55.7222062 ], [ 37.712390500000019, 55.7227339 ], [ 37.714109900000011, 55.7232578 ], [ 37.7150397, 55.7235362 ], [ 37.717236700000015, 55.721722800000016 ], [ 37.718101, 55.721005300000016 ], [ 37.7247767, 55.715499800000018 ], [ 37.7263897, 55.714185300000018 ], [ 37.726952500000017, 55.713635200000013 ], [ 37.7274312, 55.713152700000023 ], [ 37.728237, 55.712221900000024 ], [ 37.7288973, 55.7112435 ], [ 37.7291388, 55.710634700000021 ], [ 37.7292109, 55.710387200000021 ], [ 37.7292521, 55.7102136 ], [ 37.7292894, 55.7100276 ], [ 37.729320399999985, 55.709787 ], [ 37.7293493, 55.7093519 ], [ 37.729358299999987, 55.7090189 ], [ 37.729405800000016, 55.7086382 ], [ 37.7294931, 55.7079416 ], [ 37.730093700000012, 55.701246100000013 ], [ 37.7303487, 55.699715900000015 ], [ 37.730491100000023, 55.698840700000012 ], [ 37.730884300000021, 55.6970253 ], [ 37.731080800000015, 55.696080300000013 ], [ 37.7313125, 55.695122500000011 ], [ 37.731616300000013, 55.6939762 ], [ 37.732127900000016, 55.6930956 ], [ 37.732576500000015, 55.6923785 ], [ 37.7330151, 55.6919342 ], [ 37.733806900000012, 55.6911177 ], [ 37.734178600000014, 55.690576600000021 ], [ 37.73445, 55.689956400000014 ], [ 37.734724200000016, 55.688936 ], [ 37.7348795, 55.6882069 ], [ 37.734906, 55.6877743 ], [ 37.734893, 55.6874275 ], [ 37.73449140000001, 55.6863707 ], [ 37.734428100000017, 55.6861856 ], [ 37.7340215, 55.6854477 ], [ 37.733471800000011, 55.6844928 ], [ 37.7330161, 55.6836155 ], [ 37.7327782, 55.683065600000013 ], [ 37.7324918, 55.682472099999984 ], [ 37.732190800000012, 55.68174430000002 ], [ 37.731822, 55.6807789 ], [ 37.731264600000017, 55.679508600000027 ], [ 37.7296266, 55.67663150000002 ], [ 37.728883900000014, 55.6754043 ], [ 37.727562200000015, 55.673170100000014 ], [ 37.7273779, 55.6727483 ], [ 37.727042500000017, 55.672158700000011 ], [ 37.726600800000021, 55.671302 ], [ 37.725203600000022, 55.668955900000014 ], [ 37.7237283, 55.66691 ], [ 37.722110300000011, 55.665132600000014 ], [ 37.720891500000022, 55.6641766 ], [ 37.7202102, 55.663656500000016 ], [ 37.718966600000016, 55.662857 ], [ 37.7175638, 55.661804900000014 ], [ 37.7149553, 55.65988560000001 ], [ 37.7145481, 55.6595677 ], [ 37.7131287, 55.65852 ], [ 37.711965600000013, 55.657648900000012 ], [ 37.7114319, 55.657256900000014 ], [ 37.7100884, 55.6562643 ], [ 37.709440200000017, 55.655761199999986 ], [ 37.70696090000002, 55.653895600000013 ], [ 37.7064712, 55.6535275 ], [ 37.7050945, 55.6524985 ], [ 37.703838900000015, 55.651554500000017 ], [ 37.702820800000012, 55.6508091 ], [ 37.70188670000001, 55.6501163 ], [ 37.70092720000001, 55.649394800000024 ], [ 37.700375100000024, 55.6489951 ], [ 37.6998651, 55.648615800000023 ], [ 37.6993295, 55.648230600000012 ], [ 37.698919, 55.6479653 ], [ 37.698548, 55.647751700000022 ], [ 37.6977244, 55.647309300000011 ], [ 37.6969327, 55.646898 ], [ 37.696013500000021, 55.646379700000018 ], [ 37.695464400000013, 55.6460511 ], [ 37.6951732, 55.6458388 ], [ 37.694997, 55.645709700000012 ], [ 37.694752, 55.6454743 ], [ 37.693840200000011, 55.6446191 ], [ 37.6929061, 55.6438288 ] ] ] ] } },
{ "type": "Feature", "properties": { "fid": 202, "okrug": 202, "wiki_name": "Город Москва - Новомосковский одномандатный избирательный округ ", "wiki_pop": 513106, "wiki_terr": "Западный административный округ (район Внуково, район Ново-Переделкино, район Очаково-Матвеевское, район Солнцево, район Тропарево-Никулино); Новомосковский административный округ; Троицкий административный округ ", "color": "#85DD90", "2021_duma_oik196_Иванова": 0.0, "2021_duma_oik196_Крюков": 0.0, "2021_duma_oik196_Малинкович": 0.0, "2021_duma_oik196_Миронова": 0.0, "2021_duma_oik196_Рашкин": 0.0, "2021_duma_oik196_Рвачев": 0.0, "2021_duma_oik196_Стрельникова": 0.0, "2021_duma_oik196_Тарасов": 0.0, "2021_duma_oik196_Федоров": 0.0, "2021_duma_oik196_Янков": 0.0, "2021_duma_oik196_явка": 0.0, "2021_duma_oik196_недействительные": 0.0, "2021_duma_oik197_Гончаров": 0.0, "2021_duma_oik197_Горшкова": 0.0, "2021_duma_oik197_Лобанов": 0.0, "2021_duma_oik197_Меньшиков": 0.0, "2021_duma_oik197_Митина": 0.0, "2021_duma_oik197_Попов": 0.0, "2021_duma_oik197_Раменский": 0.0, "2021_duma_oik197_Соболев": 0.0, "2021_duma_oik197_Тарнавский": 0.0, "2021_duma_oik197_явка": 0.0, "2021_duma_oik197_недействительные": 0.0, "2021_duma_oik198_Брюханова": 0.0, "2021_duma_oik198_Власов": 0.0, "2021_duma_oik198_Голуенко": 0.0, "2021_duma_oik198_Звягинцев": 0.0, "2021_duma_oik198_Катаев": 0.0, "2021_duma_oik198_Литвинович": 0.0, "2021_duma_oik198_Мельников": 0.0, "2021_duma_oik198_Тарбаев": 0.0, "2021_duma_oik198_Хованская": 0.0, "2021_duma_oik198_явка": 0.0, "2021_duma_oik198_недействительные": 0.0, "2021_duma_oik199_Гулина": 0.0, "2021_duma_oik199_Гуличева": 0.0, "2021_duma_oik199_Катков": 0.0, "2021_duma_oik199_Киселёв": 0.0, "2021_duma_oik199_Кульнев": 0.0, "2021_duma_oik199_Прохоренкова": 0.0, "2021_duma_oik199_Рашкин": 0.0, "2021_duma_oik199_Тарасов": 0.0, "2021_duma_oik199_Толстой": 0.0, "2021_duma_oik199_Шах": 0.0, "2021_duma_oik199_Шоладеми": 0.0, "2021_duma_oik199_явка": 0.0, "2021_duma_oik199_недействительные": 0.0, "2021_duma_oik200_Бабушкин": 0.0, "2021_duma_oik200_Вельмакин": 0.0, "2021_duma_oik200_Загребной": 0.0, "2021_duma_oik200_Запотылок": 0.0, "2021_duma_oik200_Орлов": 0.0, "2021_duma_oik200_Парфенов": 0.0, "2021_duma_oik200_Певцов": 0.0, "2021_duma_oik200_Степкин": 0.0, "2021_duma_oik200_явка": 0.0, "2021_duma_oik200_недействительные": 0.0, "2021_duma_oik201_Гаспарян": 0.0, "2021_duma_oik201_Демин": 0.0, "2021_duma_oik201_Куликов": 0.0, "2021_duma_oik201_Разворотнева": 0.0, "2021_duma_oik201_Туманов": 0.0, "2021_duma_oik201_Удалова": 0.0, "2021_duma_oik201_Удальцова": 0.0, "2021_duma_oik201_Черников": 0.0, "2021_duma_oik201_явка": 0.0, "2021_duma_oik201_недействительные": 0.0, "2021_duma_oik202_Гершберг": 2.59, "2021_duma_oik202_Лапшов": 4.8, "2021_duma_oik202_Махницкий": 18.32, "2021_duma_oik202_Михайловский": 6.06, "2021_duma_oik202_Муратова": 2.77, "2021_duma_oik202_Придорожный": 0.98, "2021_duma_oik202_Саблин": 40.71, "2021_duma_oik202_Сиднев": 3.35, "2021_duma_oik202_Суханов": 10.72, "2021_duma_oik202_явка": 47.81, "2021_duma_oik202_недействительные": 1.76, "2021_duma_oik203_Казенков": 0.0, "2021_duma_oik203_Нифантьев": 0.0, "2021_duma_oik203_Пенкин": 0.0, "2021_duma_oik203_Петров": 0.0, "2021_duma_oik203_Смолич": 0.0, "2021_duma_oik203_Турушев": 0.0, "2021_duma_oik203_Шлямина": 0.0, "2021_duma_oik203_Шушлебина": 0.0, "2021_duma_oik203_Юдин": 0.0, "2021_duma_oik203_явка": 0.0, "2021_duma_oik203_недействительные": 0.0, "2021_duma_oik204_Дворак": 0.0, "2021_duma_oik204_Доможирова": 0.0, "2021_duma_oik204_Игнатьев": 0.0, "2021_duma_oik204_Измайлов": 0.0, "2021_duma_oik204_Кавказский": 0.0, "2021_duma_oik204_Курганов": 0.0, "2021_duma_oik204_Курганский": 0.0, "2021_duma_oik204_Монахов": 0.0, "2021_duma_oik204_Пресняков": 0.0, "2021_duma_oik204_Проханов": 0.0, "2021_duma_oik204_Шувалов": 0.0, "2021_duma_oik204_Яшин": 0.0, "2021_duma_oik204_явка": 0.0, "2021_duma_oik204_недействительные": 0.0, "2021_duma_oik205_Демченко": 0.0, "2021_duma_oik205_Загордан": 0.0, "2021_duma_oik205_Ищенко": 0.0, "2021_duma_oik205_Корягина": 0.0, "2021_duma_oik205_Костычева": 0.0, "2021_duma_oik205_Медведев": 0.0, "2021_duma_oik205_Обухов": 0.0, "2021_duma_oik205_Попова": 0.0, "2021_duma_oik205_Сидоров": 0.0, "2021_duma_oik205_явка": 0.0, "2021_duma_oik205_недействительные": 0.0, "2021_duma_oik206_Васильев": 0.0, "2021_duma_oik206_Гребенник": 0.0, "2021_duma_oik206_Иванова": 0.0, "2021_duma_oik206_Копкина": 0.0, "2021_duma_oik206_Мажуга": 0.0, "2021_duma_oik206_Мишарин": 0.0, "2021_duma_oik206_Пономарев": 0.0, "2021_duma_oik206_Цыба": 0.0, "2021_duma_oik206_явка": 0.0, "2021_duma_oik206_недействительные": 0.0, "2021_duma_oik207_Макаренко": 0.0, "2021_duma_oik207_Милованов": 0.0, "2021_duma_oik207_Павлинов": 0.0, "2021_duma_oik207_Пангаев": 0.0, "2021_duma_oik207_Серафонтов": 0.0, "2021_duma_oik207_Соловьев": 0.0, "2021_duma_oik207_Ульянов": 0.0, "2021_duma_oik207_Ульянченко": 0.0, "2021_duma_oik207_Хазин": 0.0, "2021_duma_oik207_Юрченко": 0.0, "2021_duma_oik207_явка": 0.0, "2021_duma_oik207_недействительные": 0.0, "2021_duma_oik208_Кошлаков-Крестовский": 0.0, "2021_duma_oik208_Леонов": 0.0, "2021_duma_oik208_Митрохин": 0.0, "2021_duma_oik208_Останина": 0.0, "2021_duma_oik208_Хараидзе": 0.0, "2021_duma_oik208_Шевченко": 0.0, "2021_duma_oik208_Широков": 0.0, "2021_duma_oik208_Юшин": 0.0, "2021_duma_oik208_Якубович": 0.0, "2021_duma_oik208_Яндиев": 0.0, "2021_duma_oik208_явка": 0.0, "2021_duma_oik208_недействительные": 0.0, "2021_duma_oik209_Волков": 0.0, "2021_duma_oik209_Ильин": 0.0, "2021_duma_oik209_Максимов": 0.0, "2021_duma_oik209_Николаев": 0.0, "2021_duma_oik209_Палюлин": 0.0, "2021_duma_oik209_Румянцев": 0.0, "2021_duma_oik209_Чирков": 0.0, "2021_duma_oik209_Шупеня": 0.0, "2021_duma_oik209_явка": 0.0, "2021_duma_oik209_недействительные": 0.0, "2021_duma_oik210_Буткеев": 0.0, "2021_duma_oik210_Коршунков": 0.0, "2021_duma_oik210_Крапухин": 0.0, "2021_duma_oik210_Начевский": 0.0, "2021_duma_oik210_Романенко": 0.0, "2021_duma_oik210_Смитиенко": 0.0, "2021_duma_oik210_Таранцов": 0.0, "2021_duma_oik210_Таращанский": 0.0, "2021_duma_oik210_Яцевский": 0.0, "2021_duma_oik210_явка": 0.0, "2021_duma_oik210_недействительные": 0.0, "2021_duma_oik196_Иванова_party": null, "2021_duma_oik196_Крюков_party": null, "2021_duma_oik196_Малинкович_party": null, "2021_duma_oik196_Миронова_party": null, "2021_duma_oik196_Рашкин_party": null, "2021_duma_oik196_Рвачев_party": null, "2021_duma_oik196_Стрельникова_party": null, "2021_duma_oik196_Тарасов_party": null, "2021_duma_oik196_Федоров_party": null, "2021_duma_oik196_Янков_party": null, "2021_duma_oik196_явка_party": null, "2021_duma_oik196_недействительные_party": null, "2021_duma_oik197_Гончаров_party": null, "2021_duma_oik197_Горшкова_party": null, "2021_duma_oik197_Лобанов_party": null, "2021_duma_oik197_Меньшиков_party": null, "2021_duma_oik197_Митина_party": null, "2021_duma_oik197_Попов_party": null, "2021_duma_oik197_Раменский_party": null, "2021_duma_oik197_Соболев_party": null, "2021_duma_oik197_Тарнавский_party": null, "2021_duma_oik197_явка_party": null, "2021_duma_oik197_недействительные_party": null, "2021_duma_oik198_Брюханова_party": null, "2021_duma_oik198_Власов_party": null, "2021_duma_oik198_Голуенко_party": null, "2021_duma_oik198_Звягинцев_party": null, "2021_duma_oik198_Катаев_party": null, "2021_duma_oik198_Литвинович_party": null, "2021_duma_oik198_Мельников_party": null, "2021_duma_oik198_Тарбаев_party": null, "2021_duma_oik198_Хованская_party": null, "2021_duma_oik198_явка_party": null, "2021_duma_oik198_недействительные_party": null, "2021_duma_oik199_Гулина_party": null, "2021_duma_oik199_Гуличева_party": null, "2021_duma_oik199_Катков_party": null, "2021_duma_oik199_Киселёв_party": null, "2021_duma_oik199_Кульнев_party": null, "2021_duma_oik199_Прохоренкова_party": null, "2021_duma_oik199_Рашкин_party": null, "2021_duma_oik199_Тарасов_party": null, "2021_duma_oik199_Толстой_party": null, "2021_duma_oik199_Шах_party": null, "2021_duma_oik199_Шоладеми_party": null, "2021_duma_oik199_явка_party": null, "2021_duma_oik199_недействительные_party": null, "2021_duma_oik200_Бабушкин_party": null, "2021_duma_oik200_Вельмакин_party": null, "2021_duma_oik200_Загребной_party": null, "2021_duma_oik200_Запотылок_party": null, "2021_duma_oik200_Орлов_party": null, "2021_duma_oik200_Парфенов_party": null, "2021_duma_oik200_Певцов_party": null, "2021_duma_oik200_Степкин_party": null, "2021_duma_oik200_явка_party": null, "2021_duma_oik200_недействительные_party": null, "2021_duma_oik201_Гаспарян_party": null, "2021_duma_oik201_Демин_party": null, "2021_duma_oik201_Куликов_party": null, "2021_duma_oik201_Разворотнева_party": null, "2021_duma_oik201_Туманов_party": null, "2021_duma_oik201_Удалова_party": null, "2021_duma_oik201_Удальцова_party": null, "2021_duma_oik201_Черников_party": null, "2021_duma_oik201_явка_party": null, "2021_duma_oik201_недействительные_party": null, "2021_duma_oik202_Гершберг_party": "Яблоко", "2021_duma_oik202_Лапшов_party": "ЛДПР", "2021_duma_oik202_Махницкий_party": "Новые люди", "2021_duma_oik202_Михайловский_party": "Справедливая Россия", "2021_duma_oik202_Муратова_party": "Зеленая альтернатива", "2021_duma_oik202_Придорожный_party": "Гражданская Платформа", "2021_duma_oik202_Саблин_party": "Единая Россия", "2021_duma_oik202_Сиднев_party": "Партия Роста", "2021_duma_oik202_Суханов_party": "КПРФ", "2021_duma_oik202_явка_party": "Неизвестно", "2021_duma_oik202_недействительные_party": "Неизвестно", "2021_duma_oik203_Казенков_party": null, "2021_duma_oik203_Нифантьев_party": null, "2021_duma_oik203_Пенкин_party": null, "2021_duma_oik203_Петров_party": null, "2021_duma_oik203_Смолич_party": null, "2021_duma_oik203_Турушев_party": null, "2021_duma_oik203_Шлямина_party": null, "2021_duma_oik203_Шушлебина_party": null, "2021_duma_oik203_Юдин_party": null, "2021_duma_oik203_явка_party": null, "2021_duma_oik203_недействительные_party": null, "2021_duma_oik204_Дворак_party": null, "2021_duma_oik204_Доможирова_party": null, "2021_duma_oik204_Игнатьев_party": null, "2021_duma_oik204_Измайлов_party": null, "2021_duma_oik204_Кавказский_party": null, "2021_duma_oik204_Курганов_party": null, "2021_duma_oik204_Курганский_party": null, "2021_duma_oik204_Монахов_party": null, "2021_duma_oik204_Пресняков_party": null, "2021_duma_oik204_Проханов_party": null, "2021_duma_oik204_Шувалов_party": null, "2021_duma_oik204_Яшин_party": null, "2021_duma_oik204_явка_party": null, "2021_duma_oik204_недействительные_party": null, "2021_duma_oik205_Демченко_party": null, "2021_duma_oik205_Загордан_party": null, "2021_duma_oik205_Ищенко_party": null, "2021_duma_oik205_Корягина_party": null, "2021_duma_oik205_Костычева_party": null, "2021_duma_oik205_Медведев_party": null, "2021_duma_oik205_Обухов_party": null, "2021_duma_oik205_Попова_party": null, "2021_duma_oik205_Сидоров_party": null, "2021_duma_oik205_явка_party": null, "2021_duma_oik205_недействительные_party": null, "2021_duma_oik206_Васильев_party": null, "2021_duma_oik206_Гребенник_party": null, "2021_duma_oik206_Иванова_party": null, "2021_duma_oik206_Копкина_party": null, "2021_duma_oik206_Мажуга_party": null, "2021_duma_oik206_Мишарин_party": null, "2021_duma_oik206_Пономарев_party": null, "2021_duma_oik206_Цыба_party": null, "2021_duma_oik206_явка_party": null, "2021_duma_oik206_недействительные_party": null, "2021_duma_oik207_Макаренко_party": null, "2021_duma_oik207_Милованов_party": null, "2021_duma_oik207_Павлинов_party": null, "2021_duma_oik207_Пангаев_party": null, "2021_duma_oik207_Серафонтов_party": null, "2021_duma_oik207_Соловьев_party": null, "2021_duma_oik207_Ульянов_party": null, "2021_duma_oik207_Ульянченко_party": null, "2021_duma_oik207_Хазин_party": null, "2021_duma_oik207_Юрченко_party": null, "2021_duma_oik207_явка_party": null, "2021_duma_oik207_недействительные_party": null, "2021_duma_oik208_Кошлаков-Крестовский_party": null, "2021_duma_oik208_Леонов_party": null, "2021_duma_oik208_Митрохин_party": null, "2021_duma_oik208_Останина_party": null, "2021_duma_oik208_Хараидзе_party": null, "2021_duma_oik208_Шевченко_party": null, "2021_duma_oik208_Широков_party": null, "2021_duma_oik208_Юшин_party": null, "2021_duma_oik208_Якубович_party": null, "2021_duma_oik208_Яндиев_party": null, "2021_duma_oik208_явка_party": null, "2021_duma_oik208_недействительные_party": null, "2021_duma_oik209_Волков_party": null, "2021_duma_oik209_Ильин_party": null, "2021_duma_oik209_Максимов_party": null, "2021_duma_oik209_Николаев_party": null, "2021_duma_oik209_Палюлин_party": null, "2021_duma_oik209_Румянцев_party": null, "2021_duma_oik209_Чирков_party": null, "2021_duma_oik209_Шупеня_party": null, "2021_duma_oik209_явка_party": null, "2021_duma_oik209_недействительные_party": null, "2021_duma_oik210_Буткеев_party": null, "2021_duma_oik210_Коршунков_party": null, "2021_duma_oik210_Крапухин_party": null, "2021_duma_oik210_Начевский_party": null, "2021_duma_oik210_Романенко_party": null, "2021_duma_oik210_Смитиенко_party": null, "2021_duma_oik210_Таранцов_party": null, "2021_duma_oik210_Таращанский_party": null, "2021_duma_oik210_Яцевский_party": null, "2021_duma_oik210_явка_party": null, "2021_duma_oik210_недействительные_party": null }, "geometry": { "type": "MultiPolygon", "coordinates": [ [ [ [ 36.900752200000014, 55.314856800000015 ], [ 36.9032546, 55.3161103 ], [ 36.9039411, 55.3172336 ], [ 36.9061728, 55.316745200000014 ], [ 36.909091, 55.319919700000014 ], [ 36.909605900000017, 55.322215 ], [ 36.910120900000017, 55.3261704 ], [ 36.9091167, 55.32684 ], [ 36.908721, 55.327771700000021 ], [ 36.908464400000014, 55.3298632 ], [ 36.908587300000015, 55.3292649 ], [ 36.9096726, 55.329798500000017 ], [ 36.910332, 55.33130280000001 ], [ 36.915846900000012, 55.330325600000016 ], [ 36.9156142, 55.32993010000002 ], [ 36.9132967, 55.3259751 ], [ 36.9160432, 55.3254868 ], [ 36.9225665, 55.324510200000013 ], [ 36.9226717, 55.3238557 ], [ 36.919453099999984, 55.318703700000015 ], [ 36.918809300000014, 55.318654800000012 ], [ 36.9176076, 55.3167744 ], [ 36.9161292, 55.316989400000011 ], [ 36.913468300000012, 55.3171847 ], [ 36.9120093, 55.316745200000014 ], [ 36.9110651, 55.313570400000032 ], [ 36.910120900000017, 55.313033100000013 ], [ 36.9078893, 55.311714300000013 ], [ 36.9066878, 55.3112747 ], [ 36.9029971, 55.312886600000013 ], [ 36.901280400000012, 55.3139611 ], [ 36.900752200000014, 55.314856800000015 ] ] ], [ [ [ 37.3865797, 55.4523232 ], [ 37.3844856, 55.451150300000016 ], [ 37.380919900000016, 55.451608700000016 ], [ 37.377449300000016, 55.4516626 ], [ 37.3771165, 55.4512312 ], [ 37.376355800000013, 55.4511234 ], [ 37.3749296, 55.449586500000017 ], [ 37.3730279, 55.4495326 ], [ 37.3721246, 55.4476452 ], [ 37.3741214, 55.445515 ], [ 37.3770214, 55.445703700000024 ], [ 37.3786379, 55.446512700000014 ], [ 37.38800370000002, 55.4466745 ], [ 37.390666, 55.44446330000001 ], [ 37.3906185, 55.442548700000017 ], [ 37.3951825, 55.4427644 ], [ 37.3989384, 55.4458116 ], [ 37.4009827, 55.444490299999984 ], [ 37.3965137, 55.4404182 ], [ 37.396371100000017, 55.440148500000014 ], [ 37.3920923, 55.4376133 ], [ 37.3896677, 55.4378291 ], [ 37.3884791, 55.4384494 ], [ 37.3871479, 55.4384494 ], [ 37.387338100000022, 55.4346464 ], [ 37.427368600000023, 55.432866200000014 ], [ 37.42665550000001, 55.4272282 ], [ 37.4307441, 55.4293594 ], [ 37.434595, 55.426877500000018 ], [ 37.4326933, 55.4260411 ], [ 37.431219500000012, 55.4266886 ], [ 37.4279867, 55.425366699999984 ], [ 37.4291752, 55.424368400000013 ], [ 37.4331212, 55.4236399 ], [ 37.4344999, 55.421562400000013 ], [ 37.4343098, 55.4195387 ], [ 37.4350704, 55.4195387 ], [ 37.4352623, 55.420736100000013 ], [ 37.4353082, 55.4210228 ], [ 37.4370855, 55.4208777 ], [ 37.439539400000015, 55.420779900000021 ], [ 37.440205, 55.4187562 ], [ 37.437352500000017, 55.4153831 ], [ 37.4377328, 55.4142766 ], [ 37.439064, 55.4142227 ], [ 37.440347600000024, 55.4149513 ], [ 37.442201800000014, 55.4141147 ], [ 37.4432952, 55.41460050000002 ], [ 37.4446264, 55.413736900000011 ], [ 37.4485724, 55.4149513 ], [ 37.4484298, 55.4153291 ], [ 37.4511397, 55.416300600000028 ], [ 37.451472500000023, 55.4148164 ], [ 37.4540873, 55.413251100000011 ], [ 37.456126799999986, 55.412294500000016 ], [ 37.458272, 55.412408899999988 ], [ 37.459977100000017, 55.4133144 ], [ 37.4634791, 55.413043799999983 ], [ 37.4658076, 55.412981400000014 ], [ 37.4666876, 55.41284610000001 ], [ 37.467292700000016, 55.4125651 ], [ 37.4678061, 55.412044700000017 ], [ 37.467256, 55.4109414 ], [ 37.4655875, 55.4090158 ], [ 37.4660092, 55.408370400000024 ], [ 37.4689586, 55.40678170000001 ], [ 37.4620614, 55.4048679 ], [ 37.4633838, 55.402652200000013 ], [ 37.4609465, 55.40157 ], [ 37.4613095, 55.3994057 ], [ 37.4675195, 55.3997002 ], [ 37.4685178, 55.399037600000014 ], [ 37.4639024, 55.3986548 ], [ 37.4639932, 55.3980216 ], [ 37.4644469, 55.3971897 ], [ 37.465211800000013, 55.3965933 ], [ 37.4653933, 55.3959159 ], [ 37.468051100000011, 55.3924038 ], [ 37.468502, 55.391973 ], [ 37.4705403, 55.3900254 ], [ 37.4639283, 55.388228600000012 ], [ 37.4670528, 55.3846863 ], [ 37.4692214, 55.3799241 ], [ 37.4692698, 55.3798179 ], [ 37.4644879, 55.3766404 ], [ 37.467503900000018, 55.37129070000001 ], [ 37.4665964, 55.370326900000016 ], [ 37.4654688, 55.369186 ], [ 37.4621777, 55.3676752 ], [ 37.460958400000024, 55.369733 ], [ 37.4600325, 55.3702384 ], [ 37.4598308, 55.370556100000016 ], [ 37.4589141, 55.3713219 ], [ 37.458730800000012, 55.371962700000012 ], [ 37.458345700000017, 55.372108600000018 ], [ 37.4582541, 55.372494 ], [ 37.4583274, 55.3728535 ], [ 37.457804900000014, 55.3729629 ], [ 37.456814800000011, 55.3739786 ], [ 37.4571173, 55.374619400000029 ], [ 37.456750600000021, 55.374635 ], [ 37.4559941, 55.3753045 ], [ 37.4559439, 55.3772654 ], [ 37.455632200000011, 55.3772446 ], [ 37.454779600000016, 55.378536300000015 ], [ 37.4546513, 55.3790259 ], [ 37.454257100000014, 55.3792863 ], [ 37.4543671, 55.3796353 ], [ 37.454321300000018, 55.37993740000001 ], [ 37.4536979, 55.380333200000024 ], [ 37.452571100000014, 55.380166600000017 ], [ 37.4489963, 55.381597900000017 ], [ 37.4471078, 55.3811656 ], [ 37.4454943, 55.3774 ], [ 37.445521800000016, 55.37596760000001 ], [ 37.445127599999985, 55.3750456 ], [ 37.4443209, 55.3745716 ], [ 37.4435783, 55.374582 ], [ 37.4428266, 55.374483 ], [ 37.44173570000001, 55.3742747 ], [ 37.4408831, 55.3740663 ], [ 37.439885, 55.3740829 ], [ 37.438600500000014, 55.3745924 ], [ 37.4382338, 55.3745455 ], [ 37.4353002, 55.372790099999989 ], [ 37.435116900000011, 55.371789900000017 ], [ 37.434475100000022, 55.3707949 ], [ 37.4342001, 55.370029099999989 ], [ 37.4330725, 55.3694404 ], [ 37.4293322, 55.3688048 ], [ 37.4312482, 55.3676378 ], [ 37.430909, 55.3673825 ], [ 37.431413200000023, 55.3671481 ], [ 37.429946500000014, 55.3650953 ], [ 37.428498, 55.365090100000018 ], [ 37.4285255, 55.3648765 ], [ 37.4275721, 55.3646524 ], [ 37.443087800000015, 55.3529225 ], [ 37.4427823, 55.3528965 ], [ 37.440313399999987, 55.3526866 ], [ 37.4410265, 55.351949499999989 ], [ 37.419933, 55.3513156 ], [ 37.419660800000017, 55.3506228 ], [ 37.4209183, 55.3494581 ], [ 37.42231850000001, 55.346369400000029 ], [ 37.422863, 55.3432068 ], [ 37.421579500000014, 55.3425506 ], [ 37.4205294, 55.342447400000012 ], [ 37.419583, 55.3420419 ], [ 37.417288200000023, 55.341894500000016 ], [ 37.416004700000016, 55.341533200000022 ], [ 37.4148509, 55.3410097 ], [ 37.4142545, 55.3412899 ], [ 37.41355440000001, 55.3408106 ], [ 37.4137878, 55.3403683 ], [ 37.4127117, 55.3400955 ], [ 37.4108708, 55.339196 ], [ 37.410572600000023, 55.339336 ], [ 37.410028100000019, 55.3392992 ], [ 37.410209600000016, 55.338871500000018 ], [ 37.4091335, 55.338429100000013 ], [ 37.40836860000001, 55.3378688 ], [ 37.405840499999989, 55.3364604 ], [ 37.405114500000025, 55.3365341 ], [ 37.4052052, 55.336150699999983 ], [ 37.405853400000012, 55.3350078 ], [ 37.4079148, 55.333820499999987 ], [ 37.410728100000014, 55.3325743 ], [ 37.414290400000013, 55.3318379 ], [ 37.4152269, 55.3311657 ], [ 37.4153283, 55.3305895 ], [ 37.4208414, 55.3289206 ], [ 37.4229134, 55.323927200000014 ], [ 37.424754600000021, 55.322492300000022 ], [ 37.4241544, 55.3217397 ], [ 37.4241039, 55.3215254 ], [ 37.4246914, 55.3206312 ], [ 37.4249141, 55.317217600000014 ], [ 37.4278176, 55.314726900000011 ], [ 37.422336700000024, 55.3123556 ], [ 37.4221188, 55.31203630000001 ], [ 37.4221271, 55.311519600000011 ], [ 37.418615900000013, 55.3115735 ], [ 37.414647100000018, 55.311858 ], [ 37.4097827, 55.309415 ], [ 37.4069784, 55.3113646 ], [ 37.401809400000012, 55.3129758 ], [ 37.4003438, 55.3144945 ], [ 37.3987541, 55.3151961 ], [ 37.396690599999985, 55.3160378 ], [ 37.395524, 55.314942400000014 ], [ 37.3944079, 55.315441200000031 ], [ 37.389455100000013, 55.316283400000017 ], [ 37.3845967, 55.316516700000015 ], [ 37.382730400000014, 55.3167873 ], [ 37.3845448, 55.315432200000018 ], [ 37.3862674, 55.3145634 ], [ 37.3863346, 55.314037 ], [ 37.3879199, 55.3121699 ], [ 37.389872100000012, 55.3122243 ], [ 37.3896529, 55.3111677 ], [ 37.3904437, 55.3111972 ], [ 37.3907419, 55.3103634 ], [ 37.39142420000001, 55.309585400000017 ], [ 37.393178, 55.3096076 ], [ 37.393651100000014, 55.307877600000012 ], [ 37.395073600000011, 55.3080662 ], [ 37.3953854, 55.307374300000014 ], [ 37.392662799999989, 55.306618200000024 ], [ 37.3914314, 55.304063400000011 ], [ 37.389964, 55.30254140000001 ], [ 37.3900268, 55.302277800000027 ], [ 37.39150350000002, 55.3013855 ], [ 37.392513, 55.299521500000019 ], [ 37.3975224, 55.301331 ], [ 37.3992597, 55.3010211 ], [ 37.3994496, 55.3016912 ], [ 37.40271, 55.300577500000017 ], [ 37.404074, 55.3004863 ], [ 37.4040946, 55.298453700000017 ], [ 37.4030065, 55.2977662 ], [ 37.4028638, 55.296526200000017 ], [ 37.403599400000012, 55.296139200000013 ], [ 37.40490770000001, 55.296789 ], [ 37.406421800000018, 55.2962269 ], [ 37.4070097, 55.2966998 ], [ 37.408062700000023, 55.2961867 ], [ 37.409099800000021, 55.2966664 ], [ 37.410305500000014, 55.2960095 ], [ 37.4108982, 55.2962582 ], [ 37.41323, 55.2935885 ], [ 37.411979500000015, 55.2931831 ], [ 37.412161, 55.292791900000019 ], [ 37.4085699, 55.291909100000012 ], [ 37.409719, 55.2901725 ], [ 37.411512700000017, 55.290658500000013 ], [ 37.4120184, 55.2904444 ], [ 37.4144168, 55.2904961 ], [ 37.4165689, 55.2909169 ], [ 37.4178297, 55.2914495 ], [ 37.417987200000013, 55.2912782 ], [ 37.418004599999989, 55.2910659 ], [ 37.417152299999984, 55.2909864 ], [ 37.416264300000016, 55.2905693 ], [ 37.4166338, 55.290174300000011 ], [ 37.4152262, 55.2900262 ], [ 37.415446200000019, 55.286497 ], [ 37.4141932, 55.2836148 ], [ 37.4128338, 55.2822172 ], [ 37.4109072, 55.2787407 ], [ 37.411629, 55.27863 ], [ 37.4116096, 55.2785611 ], [ 37.40956, 55.2712744 ], [ 37.4092744, 55.2702588 ], [ 37.4066248, 55.2609105 ], [ 37.4065414, 55.260028700000014 ], [ 37.406509600000014, 55.2596825 ], [ 37.4065064, 55.259578600000012 ], [ 37.4064657, 55.2592096 ], [ 37.405988200000024, 55.2558664 ], [ 37.4058485, 55.254718 ], [ 37.4057737, 55.254131100000016 ], [ 37.4053152, 55.2505764 ], [ 37.400379899999983, 55.25009230000002 ], [ 37.39595460000001, 55.24913550000003 ], [ 37.3851209, 55.246808300000019 ], [ 37.381223200000015, 55.24587180000001 ], [ 37.376225500000011, 55.244757 ], [ 37.368856300000012, 55.2429242 ], [ 37.36764830000002, 55.2426768 ], [ 37.3658614, 55.2422484 ], [ 37.3631297, 55.2415857 ], [ 37.3563553, 55.2396075 ], [ 37.3560819, 55.2395192 ], [ 37.355548200000015, 55.239399 ], [ 37.354985, 55.2392458 ], [ 37.3536226, 55.238938200000021 ], [ 37.353243200000016, 55.238853400000011 ], [ 37.3516751, 55.2387067 ], [ 37.34657390000001, 55.2384734 ], [ 37.3398491, 55.238268300000016 ], [ 37.3390664, 55.238244400000013 ], [ 37.338852599999989, 55.2382379 ], [ 37.3344099, 55.238041900000013 ], [ 37.3350536, 55.237498 ], [ 37.334977500000015, 55.2373963 ], [ 37.3349123, 55.2369804 ], [ 37.3344419, 55.234450200000012 ], [ 37.334357200000014, 55.233984 ], [ 37.3340217, 55.232139 ], [ 37.3333916, 55.2286723 ], [ 37.3268107, 55.2290142 ], [ 37.320327, 55.2286382 ], [ 37.3166632, 55.2282851 ], [ 37.31684640000001, 55.22755930000001 ], [ 37.316985400000021, 55.2265708 ], [ 37.317627400000013, 55.223607899999983 ], [ 37.3178195, 55.2227216 ], [ 37.3169676, 55.2207156 ], [ 37.309276699999984, 55.2222374 ], [ 37.3068596, 55.222981500000024 ], [ 37.303779600000013, 55.223945600000015 ], [ 37.300846700000015, 55.2245258 ], [ 37.300080500000021, 55.227229500000021 ], [ 37.2999211, 55.230608400000023 ], [ 37.3043326, 55.2318411 ], [ 37.306662, 55.2316975 ], [ 37.3050466, 55.2342715 ], [ 37.3049981, 55.235807499999986 ], [ 37.3052108, 55.2381806 ], [ 37.3069924, 55.2401223 ], [ 37.3029831, 55.242901100000012 ], [ 37.2944596, 55.242379900000024 ], [ 37.291024, 55.248585300000016 ], [ 37.2851226, 55.2517623 ], [ 37.2811611, 55.2538184 ], [ 37.2756234, 55.256711 ], [ 37.271560700000016, 55.2588241 ], [ 37.270502300000011, 55.258089600000012 ], [ 37.2678845, 55.2564651 ], [ 37.27686520000001, 55.251581800000018 ], [ 37.274492500000015, 55.244611599999985 ], [ 37.269604600000022, 55.2407218 ], [ 37.270155400000014, 55.2404862 ], [ 37.2638158, 55.2401408 ], [ 37.2590633, 55.240233800000013 ], [ 37.2543107, 55.240326600000031 ], [ 37.2512725, 55.239996700000013 ], [ 37.249979200000013, 55.2409871 ], [ 37.2474556, 55.24192980000003 ], [ 37.2464857, 55.2405976 ], [ 37.2455159, 55.2392653 ], [ 37.2401495, 55.2410153 ], [ 37.23478260000001, 55.242765100000014 ], [ 37.235532400000011, 55.244392400000031 ], [ 37.233157, 55.245576 ], [ 37.234849900000015, 55.2476266 ], [ 37.234266500000011, 55.247915900000024 ], [ 37.2327222, 55.2484521 ], [ 37.2311456, 55.249106700000013 ], [ 37.2288123, 55.24955240000002 ], [ 37.225007, 55.2512359 ], [ 37.222980499999984, 55.251991400000016 ], [ 37.2190046, 55.2531095 ], [ 37.218173900000011, 55.252846600000012 ], [ 37.2173762, 55.2525942 ], [ 37.2162311, 55.2522317 ], [ 37.2142064, 55.2526908 ], [ 37.2126754, 55.2516161 ], [ 37.2097666, 55.250799200000017 ], [ 37.2083217, 55.249526600000017 ], [ 37.2078402, 55.249102500000028 ], [ 37.206824100000013, 55.2494 ], [ 37.2059444, 55.2494691 ], [ 37.2056191, 55.248958200000018 ], [ 37.205293899999987, 55.248447299999988 ], [ 37.204991900000024, 55.248308 ], [ 37.2047374, 55.247940100000015 ], [ 37.2042298, 55.247901 ], [ 37.203959600000019, 55.247651400000017 ], [ 37.203954600000024, 55.2468874 ], [ 37.203383, 55.246379600000012 ], [ 37.203003, 55.2460927 ], [ 37.20280630000002, 55.2458571 ], [ 37.20245, 55.2457279 ], [ 37.2022174, 55.2455904 ], [ 37.202136400000015, 55.245414299999986 ], [ 37.2019708, 55.245313800000012 ], [ 37.2018064, 55.245168300000017 ], [ 37.201724, 55.245041700000016 ], [ 37.201661800000011, 55.2448928 ], [ 37.2013767, 55.244714700000024 ], [ 37.2011838, 55.2443623 ], [ 37.2013092, 55.24413 ], [ 37.2014668, 55.2439969 ], [ 37.2017656, 55.243162499999983 ], [ 37.201880600000017, 55.2430969 ], [ 37.201994200000016, 55.243113800000025 ], [ 37.2021514, 55.24309070000001 ], [ 37.2023179, 55.24310280000001 ], [ 37.202483400000013, 55.2431634 ], [ 37.2026733, 55.2431052 ], [ 37.2026935, 55.2430156 ], [ 37.202620499999988, 55.2429383 ], [ 37.2023906, 55.242942199999987 ], [ 37.202305499999987, 55.242850600000011 ], [ 37.2023596, 55.2427387 ], [ 37.202539, 55.2427038 ], [ 37.203080200000016, 55.2428007 ], [ 37.203275500000018, 55.2427477 ], [ 37.203535800000019, 55.24247920000002 ], [ 37.2034501, 55.2424028 ], [ 37.203456700000011, 55.242344500000023 ], [ 37.203559200000022, 55.2423402 ], [ 37.2041579, 55.2423591 ], [ 37.2042637, 55.242294500000021 ], [ 37.2041696, 55.241940700000022 ], [ 37.2044138, 55.241817 ], [ 37.20463740000001, 55.241723 ], [ 37.2048011, 55.241707300000023 ], [ 37.204864500000014, 55.241633800000024 ], [ 37.2048413, 55.241627100000017 ], [ 37.204629800000021, 55.241456300000024 ], [ 37.202363600000012, 55.239648099999989 ], [ 37.1998437, 55.237715200000018 ], [ 37.1991416, 55.237364300000024 ], [ 37.1981931, 55.236862400000014 ], [ 37.1960485, 55.2357276 ], [ 37.193940400000017, 55.234809900000016 ], [ 37.1922278, 55.235370600000024 ], [ 37.19189990000001, 55.2354856 ], [ 37.189001200000014, 55.2364724 ], [ 37.187246800000011, 55.2364538 ], [ 37.185074100000016, 55.23685780000001 ], [ 37.1848971, 55.2368907 ], [ 37.178098, 55.234287500000022 ], [ 37.176770300000015, 55.2334634 ], [ 37.1758457, 55.2325556 ], [ 37.171513600000019, 55.2313471 ], [ 37.16336110000001, 55.231578700000014 ], [ 37.164395, 55.2264828 ], [ 37.164725, 55.2248564 ], [ 37.1648235, 55.2242919 ], [ 37.1660357, 55.217343700000015 ], [ 37.1662714, 55.2161649 ], [ 37.1662744, 55.2161455 ], [ 37.16667120000001, 55.21609990000001 ], [ 37.16958540000001, 55.2157646 ], [ 37.169608399999987, 55.2149628 ], [ 37.1685366, 55.2127414 ], [ 37.167991, 55.211610400000019 ], [ 37.166667700000012, 55.211443700000018 ], [ 37.166986, 55.208669 ], [ 37.167303200000021, 55.2069203 ], [ 37.1678273, 55.203272700000021 ], [ 37.1680333, 55.2015339 ], [ 37.1685862, 55.1968654 ], [ 37.1688774, 55.1946373 ], [ 37.1700604, 55.194541400000013 ], [ 37.1724145, 55.1948115 ], [ 37.1744385, 55.1950437 ], [ 37.17418270000001, 55.193859300000014 ], [ 37.1734088, 55.193011200000015 ], [ 37.1733621, 55.1916136 ], [ 37.172517, 55.1908546 ], [ 37.170579600000018, 55.1888226 ], [ 37.1690884, 55.187258500000013 ], [ 37.167280900000016, 55.185421399999989 ], [ 37.1681693, 55.1834036 ], [ 37.1683554, 55.182837500000012 ], [ 37.1676353, 55.1813165 ], [ 37.1676445, 55.181032 ], [ 37.1673875, 55.1806257 ], [ 37.1678558, 55.1794511 ], [ 37.1685594, 55.177684500000019 ], [ 37.1692563, 55.175858 ], [ 37.170046800000016, 55.1737862 ], [ 37.1695846, 55.1724223 ], [ 37.169806100000024, 55.171446099999983 ], [ 37.170418499999982, 55.171108300000029 ], [ 37.1704893, 55.1708735 ], [ 37.171127700000014, 55.170368399999987 ], [ 37.1713388, 55.1654708 ], [ 37.169879, 55.1643393 ], [ 37.168944300000021, 55.164697600000011 ], [ 37.166661600000019, 55.165377100000015 ], [ 37.1660961, 55.164381300000016 ], [ 37.162342800000012, 55.164694900000015 ], [ 37.162062800000022, 55.1647183 ], [ 37.1619086, 55.1646245 ], [ 37.1571762, 55.1617451 ], [ 37.157173200000017, 55.1617558 ], [ 37.156318100000021, 55.1647621 ], [ 37.1407765, 55.164377800000018 ], [ 37.140817300000023, 55.1631547 ], [ 37.1408347, 55.1626317 ], [ 37.142079800000012, 55.155675800000012 ], [ 37.1413365, 55.1556654 ], [ 37.11058340000001, 55.154163600000011 ], [ 37.1112104, 55.149187 ], [ 37.064393500000016, 55.147119 ], [ 37.064748, 55.1442772 ], [ 37.044815899999989, 55.143376 ], [ 37.045631900000018, 55.142174500000017 ], [ 37.0441018, 55.142339700000015 ], [ 37.041524, 55.1428498 ], [ 37.039205400000014, 55.1425215 ], [ 37.0378396, 55.1460157 ], [ 37.0325737, 55.147703 ], [ 37.0322169, 55.1481244 ], [ 37.030913800000015, 55.148647 ], [ 37.0279371, 55.1501468 ], [ 37.027434100000015, 55.1526132 ], [ 37.0232266, 55.1555999 ], [ 37.020847800000013, 55.156064900000011 ], [ 37.0181058, 55.157588500000024 ], [ 37.015226900000023, 55.1599986 ], [ 37.01854740000001, 55.1601772 ], [ 37.0198904, 55.1611199 ], [ 37.0198202, 55.167195 ], [ 37.0192303, 55.168953700000024 ], [ 37.0194652, 55.171494400000022 ], [ 37.019261800000024, 55.1729636 ], [ 37.0182362, 55.174230799999982 ], [ 37.0180939, 55.177268799999986 ], [ 37.0159047, 55.1765187 ], [ 37.014656800000012, 55.1765937 ], [ 37.0142189, 55.1773 ], [ 37.0146356, 55.1779315 ], [ 37.0151384, 55.1783251 ], [ 37.0163644, 55.1798377 ], [ 37.019385600000014, 55.182519 ], [ 37.0197139, 55.1829503 ], [ 37.01722920000001, 55.1838315 ], [ 37.0164739, 55.184019 ], [ 37.0157295, 55.183994 ], [ 37.014624, 55.183762700000017 ], [ 37.0103878, 55.1833315 ], [ 37.0082314, 55.1828315 ], [ 37.007525200000018, 55.181509900000023 ], [ 37.006901200000023, 55.1807162 ], [ 37.006550900000015, 55.1806037 ], [ 37.0060365, 55.18084120000001 ], [ 37.0033218, 55.181422400000017 ], [ 37.0013515, 55.1814974 ], [ 36.9995125, 55.1810537 ], [ 36.9983819, 55.180652 ], [ 36.9979034, 55.1802974 ], [ 36.9972904, 55.1801099 ], [ 36.997038700000012, 55.180216100000017 ], [ 36.996668200000016, 55.1802213 ], [ 36.99636, 55.1804912 ], [ 36.9963491, 55.180909900000017 ], [ 36.9958455, 55.1816849 ], [ 36.995134, 55.18222870000001 ], [ 36.9935468, 55.1827974 ], [ 36.99261640000001, 55.1828849 ], [ 36.991686, 55.18285370000001 ], [ 36.9912153, 55.1826724 ], [ 36.9907227, 55.182022400000022 ], [ 36.990263, 55.1816912 ], [ 36.9895624, 55.1814724 ], [ 36.9862019, 55.1808974 ], [ 36.98526050000001, 55.1808974 ], [ 36.9849212, 55.1809787 ], [ 36.9844615, 55.18126620000001 ], [ 36.9841112, 55.1812787 ], [ 36.983826600000015, 55.1810474 ], [ 36.983465400000014, 55.1807162 ], [ 36.9826115, 55.180466200000012 ], [ 36.981593500000017, 55.1822849 ], [ 36.9814403, 55.1832037 ], [ 36.9809915, 55.1847286 ], [ 36.9810243, 55.185409799999988 ], [ 36.9810681, 55.186116 ], [ 36.9806303, 55.186091 ], [ 36.979765500000013, 55.1862534 ], [ 36.976733400000015, 55.188616500000016 ], [ 36.975710200000016, 55.1895425 ], [ 36.9752051, 55.1903448 ], [ 36.9750289, 55.1910523 ], [ 36.973827900000018, 55.1920271 ], [ 36.971173, 55.195476300000017 ], [ 36.9703058, 55.196703 ], [ 36.9690566, 55.19847 ], [ 36.967096699999985, 55.199736600000016 ], [ 36.9666855, 55.200997 ], [ 36.9663012, 55.202502200000019 ], [ 36.9662318, 55.203586 ], [ 36.9658661, 55.204211700000023 ], [ 36.9663044, 55.2053499 ], [ 36.965700700000014, 55.205819 ], [ 36.9634592, 55.207560800000017 ], [ 36.96163640000001, 55.208977200000021 ], [ 36.9627733, 55.209603800000018 ], [ 36.9629503, 55.2099642 ], [ 36.964040900000015, 55.210936100000012 ], [ 36.9646003, 55.2119494 ], [ 36.963031100000016, 55.2122551 ], [ 36.9621688, 55.2123669 ], [ 36.9623803, 55.2134141 ], [ 36.96227480000001, 55.2141413 ], [ 36.9600924, 55.2149835 ], [ 36.9572593, 55.216611500000027 ], [ 36.951469700000011, 55.21821240000002 ], [ 36.9503708, 55.218356700000015 ], [ 36.949272, 55.218344600000016 ], [ 36.947070900000014, 55.218513100000017 ], [ 36.94845870000001, 55.2203112 ], [ 36.94697750000001, 55.222105300000024 ], [ 36.946344, 55.2224439 ], [ 36.9458962, 55.2228045 ], [ 36.9475583, 55.223578100000026 ], [ 36.9481228, 55.2239704 ], [ 36.9496407, 55.2246956 ], [ 36.9495966, 55.2248671 ], [ 36.9486662, 55.225945200000012 ], [ 36.948055900000014, 55.226781200000012 ], [ 36.94711490000001, 55.22780030000002 ], [ 36.9467311, 55.2287351 ], [ 36.9463168, 55.2294515 ], [ 36.9458295, 55.2307229 ], [ 36.945944900000015, 55.231378 ], [ 36.9470101, 55.2321353 ], [ 36.9477926, 55.2328744 ], [ 36.9480327, 55.233319200000011 ], [ 36.948856300000017, 55.2343118 ], [ 36.949031, 55.2351167 ], [ 36.9489336, 55.2356424 ], [ 36.949487100000013, 55.236975 ], [ 36.9501322, 55.238261700000024 ], [ 36.949803, 55.238780400000017 ], [ 36.9494394, 55.24023720000001 ], [ 36.94677990000001, 55.2413959 ], [ 36.9449046, 55.2414142 ], [ 36.941402900000014, 55.241693600000012 ], [ 36.9398902, 55.241504900000017 ], [ 36.9372397, 55.2413907 ], [ 36.937260400000014, 55.2416096 ], [ 36.9375464, 55.241948 ], [ 36.9379357, 55.2422457 ], [ 36.9388024, 55.2426649 ], [ 36.939259100000015, 55.2428495 ], [ 36.9410473, 55.242942 ], [ 36.9417323, 55.2434277 ], [ 36.941485900000018, 55.243678900000013 ], [ 36.9410466, 55.24390480000001 ], [ 36.9410426, 55.2440012 ], [ 36.94119460000001, 55.244033 ], [ 36.941594700000017, 55.2439975 ], [ 36.9417553, 55.244089800000012 ], [ 36.941707500000014, 55.244248300000017 ], [ 36.9417542, 55.244338200000016 ], [ 36.942985, 55.2446289 ], [ 36.943332800000015, 55.244782500000014 ], [ 36.9434425, 55.2449156 ], [ 36.943252500000014, 55.245101900000023 ], [ 36.9429191, 55.245181200000019 ], [ 36.9428914, 55.2452632 ], [ 36.942986100000013, 55.2453323 ], [ 36.9437066, 55.245666900000018 ], [ 36.9434555, 55.245894200000016 ], [ 36.94352270000001, 55.2464047 ], [ 36.943415700000017, 55.246971400000014 ], [ 36.9432494, 55.2471122 ], [ 36.942762200000011, 55.247214400000018 ], [ 36.9426985, 55.247291100000012 ], [ 36.9427793, 55.2474012 ], [ 36.943032400000014, 55.247471200000014 ], [ 36.9437829, 55.2475101 ], [ 36.9514323, 55.2456509 ], [ 36.9526161, 55.2492727 ], [ 36.94776490000001, 55.2497062 ], [ 36.9478258, 55.2527428 ], [ 36.94900950000001, 55.254583299999986 ], [ 36.949073100000014, 55.257234600000011 ], [ 36.9505631, 55.2589776 ], [ 36.9536543, 55.2590903 ], [ 36.9571023, 55.26076250000002 ], [ 36.952517100000016, 55.264835500000018 ], [ 36.956973800000014, 55.2654009 ], [ 36.9615035, 55.2667664 ], [ 36.961939200000018, 55.2673536 ], [ 36.962701599999988, 55.2673922 ], [ 36.966254900000017, 55.2663311 ], [ 36.9678002, 55.2671938 ], [ 36.9693269, 55.267212700000023 ], [ 36.9750672, 55.266207499999986 ], [ 36.9804835, 55.2690665 ], [ 36.981334100000019, 55.2687765 ], [ 36.983412300000012, 55.2681383 ], [ 36.9867967, 55.2763316 ], [ 36.990037700000016, 55.2761388 ], [ 36.999629300000016, 55.2778935 ], [ 37.0199933, 55.2818811 ], [ 37.0212593, 55.2819784 ], [ 37.0260365, 55.2830207 ], [ 37.0259868, 55.284374599999985 ], [ 37.021409, 55.284429299999985 ], [ 37.021558900000016, 55.2876433 ], [ 37.0218844, 55.2881557 ], [ 37.021606500000011, 55.288792400000013 ], [ 37.0126627, 55.289892800000011 ], [ 37.0025673, 55.289009300000011 ], [ 36.9983397, 55.290279 ], [ 36.997740800000017, 55.291557900000015 ], [ 36.9933511, 55.2910392 ], [ 36.992736100000016, 55.2927428 ], [ 36.992308, 55.292654600000013 ], [ 36.9838119, 55.296971 ], [ 36.985524600000012, 55.2979498 ], [ 36.986079400000023, 55.2984903 ], [ 36.9873663, 55.299957 ], [ 36.985526, 55.301726200000019 ], [ 36.9846594, 55.301825 ], [ 36.9849874, 55.302611400000032 ], [ 36.987606100000015, 55.3073272 ], [ 36.9883868, 55.3083172 ], [ 36.987851100000015, 55.3091765 ], [ 36.9865387, 55.314645700000021 ], [ 36.9864415, 55.3155888 ], [ 36.983864400000016, 55.3164982 ], [ 36.9810291, 55.3175455 ], [ 36.9776942, 55.3186451 ], [ 36.9700473, 55.321621700000023 ], [ 36.9636827, 55.3240984 ], [ 36.9604066, 55.3219045 ], [ 36.94473, 55.3293694 ], [ 36.946629200000018, 55.330669900000018 ], [ 36.9442325, 55.3316 ], [ 36.942217500000012, 55.332570700000012 ], [ 36.940617200000013, 55.33426450000001 ], [ 36.9402706, 55.3342711 ], [ 36.9391706, 55.3366222 ], [ 36.9368876, 55.336592400000015 ], [ 36.936192600000012, 55.338812600000011 ], [ 36.9361867, 55.3390532 ], [ 36.9357751, 55.341159900000015 ], [ 36.936134, 55.3412569 ], [ 36.935493, 55.341563699999988 ], [ 36.919489600000013, 55.349311899999989 ], [ 36.9162405, 55.3507965 ], [ 36.9156603, 55.3517006 ], [ 36.9161441, 55.352539800000017 ], [ 36.915141900000023, 55.352625800000027 ], [ 36.915176, 55.352862900000012 ], [ 36.91557, 55.3540344 ], [ 36.912238700000017, 55.3543218 ], [ 36.909457, 55.3544928 ], [ 36.9069832, 55.3547649 ], [ 36.904729900000021, 55.3550779 ], [ 36.902943900000011, 55.3556966 ], [ 36.9031535, 55.3564134 ], [ 36.9040847, 55.35700660000002 ], [ 36.901632800000016, 55.358311500000013 ], [ 36.90140190000001, 55.358379800000023 ], [ 36.8879522, 55.3648761 ], [ 36.8721601, 55.372490800000023 ], [ 36.856056400000014, 55.3803316 ], [ 36.8629346, 55.3847874 ], [ 36.84826570000002, 55.3920817 ], [ 36.854988700000014, 55.3965523 ], [ 36.86187450000002, 55.401034700000011 ], [ 36.8455799, 55.408741300000017 ], [ 36.8342961, 55.413986800000011 ], [ 36.840391, 55.4175758 ], [ 36.8419298, 55.4186124 ], [ 36.8420879, 55.418699400000023 ], [ 36.832762800000012, 55.4203749 ], [ 36.8325854, 55.4204076 ], [ 36.829104100000016, 55.42099790000001 ], [ 36.826539700000012, 55.421431200000015 ], [ 36.8258145, 55.421434400000017 ], [ 36.824877400000013, 55.422013399999983 ], [ 36.824655900000018, 55.422254100000011 ], [ 36.824294500000015, 55.422646400000012 ], [ 36.8242744, 55.4228545 ], [ 36.8244641, 55.423106700000012 ], [ 36.8245509, 55.4233368 ], [ 36.823706099999988, 55.42349260000001 ], [ 36.8230683, 55.4236753 ], [ 36.8224488, 55.424041500000023 ], [ 36.821607100000016, 55.4247244 ], [ 36.821198800000012, 55.4252289 ], [ 36.8226024, 55.4248663 ], [ 36.8241, 55.4262054 ], [ 36.8252549, 55.427376 ], [ 36.826048400000012, 55.4281616 ], [ 36.8265865, 55.4280778 ], [ 36.8267325, 55.428241700000015 ], [ 36.827245200000014, 55.4281283 ], [ 36.82778260000002, 55.428051 ], [ 36.828236300000015, 55.428642600000011 ], [ 36.8247808, 55.42902850000003 ], [ 36.824299400000015, 55.428575100000018 ], [ 36.8239519, 55.4286686 ], [ 36.8219237, 55.429278800000013 ], [ 36.8191279, 55.426764 ], [ 36.816784800000015, 55.429926 ], [ 36.816411400000014, 55.429923 ], [ 36.816134300000023, 55.4302984 ], [ 36.812585, 55.4351069 ], [ 36.8113604, 55.436299 ], [ 36.803101200000022, 55.4408329 ], [ 36.803190300000011, 55.4416007 ], [ 36.8035692, 55.4516224 ], [ 36.804511700000013, 55.465508 ], [ 36.815207700000016, 55.4659722 ], [ 36.815916, 55.4751375 ], [ 36.816016300000015, 55.4803469 ], [ 36.8160914, 55.484244099999984 ], [ 36.816115, 55.484434700000023 ], [ 36.8162359, 55.4952805 ], [ 36.8162101, 55.5048652 ], [ 36.8162398, 55.5083513 ], [ 36.8279763, 55.5084235 ], [ 36.8278753, 55.507513 ], [ 36.844517100000019, 55.507069300000012 ], [ 36.856501600000016, 55.5068778 ], [ 36.86162130000001, 55.5066614 ], [ 36.869439900000017, 55.506501 ], [ 36.8826175, 55.5063277 ], [ 36.8991433, 55.506132400000013 ], [ 36.9194745, 55.505844900000014 ], [ 36.919753900000018, 55.5154461 ], [ 36.93227120000001, 55.512135 ], [ 36.9327962, 55.5123835 ], [ 36.937410600000014, 55.5145682 ], [ 36.9376052, 55.514483 ], [ 36.9381457, 55.5142215 ], [ 36.938241800000014, 55.5141285 ], [ 36.938535100000024, 55.513979700000021 ], [ 36.9387646, 55.51386320000001 ], [ 36.93967, 55.513477300000012 ], [ 36.939271, 55.513147700000019 ], [ 36.938212300000018, 55.51202270000001 ], [ 36.9379371, 55.5116581 ], [ 36.937360700000021, 55.51086990000001 ], [ 36.936749800000023, 55.5100033 ], [ 36.9360189, 55.50902150000001 ], [ 36.937786200000012, 55.509461800000011 ], [ 36.9371283, 55.508275600000019 ], [ 36.9379678, 55.5070078 ], [ 36.9352278, 55.505233 ], [ 36.9369095, 55.499480900000016 ], [ 36.9370871, 55.499419400000015 ], [ 36.93806570000001, 55.4990019 ], [ 36.9374458, 55.4985564 ], [ 36.9350578, 55.4961553 ], [ 36.954250900000012, 55.495099900000021 ], [ 36.9620549, 55.4946698 ], [ 36.977651200000011, 55.4937723 ], [ 36.9767632, 55.485030199999983 ], [ 36.975719900000016, 55.4760051 ], [ 36.9748424, 55.4670793 ], [ 36.9734462, 55.4554605 ], [ 36.9829592, 55.454873 ], [ 36.9839601, 55.457693 ], [ 36.986884600000018, 55.4573014 ], [ 36.9892874, 55.45685120000001 ], [ 36.9895955, 55.459224 ], [ 36.994017400000011, 55.45831840000001 ], [ 36.9933152, 55.456652199999986 ], [ 36.9943467, 55.4560351 ], [ 36.996246299999989, 55.45643560000002 ], [ 36.9975984, 55.4552006 ], [ 36.9972791, 55.4549095 ], [ 36.9980562, 55.4537817 ], [ 36.9988214, 55.4536278 ], [ 36.999686300000015, 55.452607899999983 ], [ 37.002084, 55.4525958 ], [ 37.0055731, 55.4505198 ], [ 37.0033405, 55.449499900000013 ], [ 37.0045892, 55.4471489 ], [ 37.006262100000015, 55.4461459 ], [ 37.019233700000015, 55.445128800000013 ], [ 37.020070900000015, 55.4567858 ], [ 37.032128299999989, 55.4559566 ], [ 37.035206, 55.458319500000023 ], [ 37.035576600000013, 55.4584408 ], [ 37.0368186, 55.464061 ], [ 37.044478400000024, 55.4636633 ], [ 37.060613100000012, 55.462660300000017 ], [ 37.0586117, 55.454690500000019 ], [ 37.0718057, 55.453752200000011 ], [ 37.0726524, 55.453679 ], [ 37.0743798, 55.4536543 ], [ 37.0767899, 55.45356780000003 ], [ 37.08032450000001, 55.4526986 ], [ 37.0805144, 55.4507438 ], [ 37.0786002, 55.4500415 ], [ 37.079767, 55.448935200000015 ], [ 37.0814225, 55.4482436 ], [ 37.0806183, 55.4466848 ], [ 37.0825219, 55.4454923 ], [ 37.0843169, 55.4457367 ], [ 37.087267900000015, 55.446272400000012 ], [ 37.0885776, 55.4425529 ], [ 37.0891407, 55.441512 ], [ 37.089198, 55.4413959 ], [ 37.089283400000014, 55.4412316 ], [ 37.090679, 55.4415476 ], [ 37.09291570000002, 55.442067200000011 ], [ 37.093945400000017, 55.442390200000013 ], [ 37.0949555, 55.4427189 ], [ 37.096045300000014, 55.443276800000014 ], [ 37.0970779, 55.4426935 ], [ 37.100764, 55.4451234 ], [ 37.0998691, 55.4456751 ], [ 37.09981160000001, 55.4457102 ], [ 37.1000317, 55.4457673 ], [ 37.100804, 55.445978900000014 ], [ 37.1026178, 55.446394099999985 ], [ 37.104845600000019, 55.44691 ], [ 37.1065, 55.4473077 ], [ 37.1093179, 55.448059 ], [ 37.1107738, 55.44839910000001 ], [ 37.112006100000016, 55.4489079 ], [ 37.112778400000018, 55.449226600000017 ], [ 37.1131066, 55.4482097 ], [ 37.1128382, 55.448088700000014 ], [ 37.1105305, 55.4470498 ], [ 37.107940200000016, 55.4450667 ], [ 37.1107861, 55.4431651 ], [ 37.11130210000001, 55.442623300000015 ], [ 37.1125655, 55.441292400000023 ], [ 37.1123766, 55.4412122 ], [ 37.11055, 55.44041 ], [ 37.1093022, 55.439863600000017 ], [ 37.108499100000017, 55.4395122 ], [ 37.1113948, 55.4397999 ], [ 37.1142592, 55.438838600000011 ], [ 37.115469700000013, 55.438243 ], [ 37.1170058, 55.4380571 ], [ 37.1195159, 55.439197 ], [ 37.118207, 55.4398839 ], [ 37.1210718, 55.4406023 ], [ 37.1222734, 55.441253800000013 ], [ 37.1244078, 55.441954400000014 ], [ 37.130557400000015, 55.4415681 ], [ 37.1325257, 55.4423693 ], [ 37.133994500000014, 55.443159 ], [ 37.1357377, 55.438161800000017 ], [ 37.1371055, 55.4396022 ], [ 37.1358267, 55.440636600000012 ], [ 37.1383009, 55.441535 ], [ 37.1413975, 55.442653300000011 ], [ 37.1437804, 55.44113040000002 ], [ 37.1441953, 55.4406808 ], [ 37.1444384, 55.4405306 ], [ 37.146699600000019, 55.439132 ], [ 37.148328600000013, 55.438124400000014 ], [ 37.1488482, 55.438176200000022 ], [ 37.149543700000017, 55.4384775 ], [ 37.1500939, 55.438960200000018 ], [ 37.143396400000015, 55.442290299999989 ], [ 37.1417996, 55.4430806 ], [ 37.140967, 55.443465300000014 ], [ 37.1403373, 55.4437442 ], [ 37.1328571, 55.4470072 ], [ 37.120262, 55.4523941 ], [ 37.1079635, 55.4576925 ], [ 37.095406500000024, 55.463119300000017 ], [ 37.0922795, 55.464917200000016 ], [ 37.093361100000017, 55.47040430000002 ], [ 37.1065184, 55.469550900000016 ], [ 37.1126712, 55.4689037 ], [ 37.112628800000017, 55.469838 ], [ 37.1226455, 55.4711547 ], [ 37.131927900000022, 55.4724453 ], [ 37.1398129, 55.4734087 ], [ 37.1395402, 55.475130700000022 ], [ 37.1364148, 55.4821232 ], [ 37.139517600000012, 55.4824889 ], [ 37.139337500000018, 55.4828383 ], [ 37.137501500000013, 55.483054 ], [ 37.136535, 55.4829353 ], [ 37.1338529, 55.4842194 ], [ 37.132815300000011, 55.4842301 ], [ 37.1297445, 55.4857785 ], [ 37.128586700000014, 55.4864594 ], [ 37.1270968, 55.487375900000018 ], [ 37.128928100000017, 55.48842250000002 ], [ 37.124468300000011, 55.491498500000013 ], [ 37.1253672, 55.4922144 ], [ 37.124366200000011, 55.492812200000017 ], [ 37.125207800000013, 55.49376250000001 ], [ 37.1262999, 55.494730600000018 ], [ 37.126841900000016, 55.495352 ], [ 37.1245553, 55.496233400000015 ], [ 37.1256159, 55.4972233 ], [ 37.12722440000001, 55.4976378 ], [ 37.1289256, 55.4979678 ], [ 37.12971060000001, 55.498687600000018 ], [ 37.13162, 55.498460200000011 ], [ 37.1322639, 55.499278400000016 ], [ 37.132426700000018, 55.4994278 ], [ 37.133608, 55.4994461 ], [ 37.136196499999983, 55.500021900000014 ], [ 37.138487400000017, 55.5132773 ], [ 37.138777599999983, 55.515205500000015 ], [ 37.1365525, 55.5158371 ], [ 37.136931600000018, 55.5131357 ], [ 37.1309659, 55.5130589 ], [ 37.130130700000016, 55.513636700000021 ], [ 37.129027100000016, 55.513315800000022 ], [ 37.127716800000016, 55.5131632 ], [ 37.1243858, 55.513172400000016 ], [ 37.1229019, 55.513278800000016 ], [ 37.122261300000012, 55.5130408 ], [ 37.118983, 55.5129825 ], [ 37.1186307, 55.513136900000013 ], [ 37.1185958, 55.5133284 ], [ 37.1185859, 55.513669500000027 ], [ 37.1184777, 55.5155182 ], [ 37.1185107, 55.5176212 ], [ 37.1184037, 55.5176861 ], [ 37.1175802, 55.517633500000017 ], [ 37.117443500000014, 55.5181931 ], [ 37.1173937, 55.5188677 ], [ 37.118150200000017, 55.5189464 ], [ 37.119620800000014, 55.5190951 ], [ 37.119844300000018, 55.5191229 ], [ 37.1197174, 55.5194647 ], [ 37.119659, 55.519690899999986 ], [ 37.119590200000012, 55.519956500000028 ], [ 37.1195207, 55.5202245 ], [ 37.119419600000015, 55.52061530000001 ], [ 37.1193174, 55.520979700000019 ], [ 37.1191869, 55.521445100000015 ], [ 37.119177800000017, 55.5214776 ], [ 37.1191664, 55.5215348 ], [ 37.119098, 55.5218775 ], [ 37.1190335, 55.5222011 ], [ 37.118963500000014, 55.52255250000001 ], [ 37.1189002, 55.5228697 ], [ 37.1188413, 55.523164500000014 ], [ 37.118780100000016, 55.5234716 ], [ 37.118769, 55.523527600000016 ], [ 37.1186339, 55.5237772 ], [ 37.1185476, 55.523936500000012 ], [ 37.118446100000014, 55.524124200000024 ], [ 37.1178844, 55.5251623 ], [ 37.11748350000002, 55.5260458 ], [ 37.1171433, 55.5267258 ], [ 37.116950800000019, 55.526884700000011 ], [ 37.116921300000016, 55.5272393 ], [ 37.1173789, 55.527688500000011 ], [ 37.117421900000018, 55.5279294 ], [ 37.1164938, 55.5289149 ], [ 37.1159062, 55.529998500000012 ], [ 37.1179791, 55.5303838 ], [ 37.119370500000024, 55.5311204 ], [ 37.119922, 55.5314093 ], [ 37.119982899999989, 55.531548799999989 ], [ 37.1203045, 55.5322839 ], [ 37.120380800000014, 55.532513900000019 ], [ 37.1205186, 55.5329297 ], [ 37.1203338, 55.532999600000018 ], [ 37.1208751, 55.5331455 ], [ 37.1217923, 55.5342407 ], [ 37.1222014, 55.5351442 ], [ 37.122305900000015, 55.536487500000014 ], [ 37.122465700000021, 55.5375787 ], [ 37.122508300000014, 55.538365500000012 ], [ 37.113559500000022, 55.538946 ], [ 37.115176800000015, 55.5474463 ], [ 37.124852900000015, 55.5497867 ], [ 37.1254702, 55.549963400000024 ], [ 37.125364100000013, 55.5500995 ], [ 37.1250992, 55.550366500000017 ], [ 37.124717400000023, 55.550855500000011 ], [ 37.1228743, 55.553114299999983 ], [ 37.1179814, 55.5607278 ], [ 37.1166389, 55.562561200000012 ], [ 37.115740700000018, 55.5639032 ], [ 37.1146925, 55.565551100000015 ], [ 37.110489, 55.567988900000017 ], [ 37.1086243, 55.569296799999982 ], [ 37.1051528, 55.571583 ], [ 37.1007603, 55.5745863 ], [ 37.0995047, 55.575274800000024 ], [ 37.0964945, 55.5774029 ], [ 37.087353400000019, 55.5903553 ], [ 37.0869749, 55.590360400000016 ], [ 37.0949245, 55.592530600000011 ], [ 37.0913872, 55.5961923 ], [ 37.0991754, 55.5960557 ], [ 37.0966602, 55.598673200000015 ], [ 37.09572690000001, 55.6001139 ], [ 37.0987272, 55.6012905 ], [ 37.1008922, 55.6020135 ], [ 37.1023391, 55.60240610000001 ], [ 37.103983300000024, 55.602726900000022 ], [ 37.108139300000012, 55.6037613 ], [ 37.1090685, 55.6037287 ], [ 37.116461700000016, 55.6056356 ], [ 37.1168494, 55.6055145 ], [ 37.1177472, 55.6044504 ], [ 37.118295800000013, 55.6033673 ], [ 37.1186071, 55.6017141 ], [ 37.119595, 55.6007578 ], [ 37.1214873, 55.599882900000019 ], [ 37.122742500000015, 55.5995033 ], [ 37.123926800000014, 55.5989222 ], [ 37.127159, 55.598786800000013 ], [ 37.130449600000013, 55.5988994 ], [ 37.132427, 55.5991855 ], [ 37.13442160000001, 55.600657300000016 ], [ 37.134781300000022, 55.6013166 ], [ 37.134523300000019, 55.6021888 ], [ 37.13315630000001, 55.6033527 ], [ 37.134007100000012, 55.60401 ], [ 37.1326594, 55.6055784 ], [ 37.1334428, 55.60576990000002 ], [ 37.1350031, 55.6063013 ], [ 37.1355207, 55.6064857 ], [ 37.1360051, 55.606663800000014 ], [ 37.138776100000022, 55.6075639 ], [ 37.1403342, 55.60810920000003 ], [ 37.14019, 55.608457500000021 ], [ 37.141704, 55.6089959 ], [ 37.1424864, 55.60916060000001 ], [ 37.14294630000002, 55.608936 ], [ 37.143250600000016, 55.6087875 ], [ 37.1434963, 55.6086676 ], [ 37.1435962, 55.608734400000017 ], [ 37.143922100000012, 55.6089471 ], [ 37.144240500000016, 55.6091571 ], [ 37.1446717, 55.60869240000001 ], [ 37.1448915, 55.6086884 ], [ 37.145129, 55.6086331 ], [ 37.145274200000017, 55.6083482 ], [ 37.1457541, 55.608291600000022 ], [ 37.145171, 55.6091424 ], [ 37.1461173, 55.6093796 ], [ 37.1463548, 55.6090997 ], [ 37.1470696, 55.607405 ], [ 37.1472044, 55.606901500000014 ], [ 37.1471534, 55.6068986 ], [ 37.1471654, 55.605671900000011 ], [ 37.151421500000012, 55.6043383 ], [ 37.1517971, 55.6042234 ], [ 37.1552331, 55.6041842 ], [ 37.155613100000011, 55.6041624 ], [ 37.1563029, 55.604177300000025 ], [ 37.158283900000015, 55.6041214 ], [ 37.16015680000001, 55.6042443 ], [ 37.1628276, 55.605221700000016 ], [ 37.1640134, 55.6054251 ], [ 37.1720233, 55.605184100000017 ], [ 37.1747171, 55.606510200000017 ], [ 37.177390100000011, 55.6072624 ], [ 37.1779915, 55.6078831 ], [ 37.1796117, 55.609711199999985 ], [ 37.18015, 55.6096255 ], [ 37.1814276, 55.610912100000014 ], [ 37.1821212, 55.612281900000013 ], [ 37.1822467, 55.6128981 ], [ 37.1843974, 55.6126503 ], [ 37.1845189, 55.6124445 ], [ 37.1866269, 55.612699 ], [ 37.186770300000013, 55.6127264 ], [ 37.186300700000011, 55.6152423 ], [ 37.1857538, 55.6171345 ], [ 37.18547430000001, 55.6187847 ], [ 37.187080600000016, 55.6193581 ], [ 37.1886489, 55.620173300000012 ], [ 37.191849, 55.620408400000017 ], [ 37.195768700000016, 55.6209847 ], [ 37.1994379, 55.6215735 ], [ 37.202892, 55.622127600000013 ], [ 37.206840300000017, 55.622902 ], [ 37.2073408, 55.622536600000018 ], [ 37.20986340000001, 55.621227 ], [ 37.2096504, 55.621000900000013 ], [ 37.211273300000016, 55.6201053 ], [ 37.211375300000014, 55.620161700000011 ], [ 37.2114751, 55.620173300000012 ], [ 37.211591300000023, 55.6201535 ], [ 37.212072300000017, 55.6205704 ], [ 37.211982400000018, 55.620591600000012 ], [ 37.2141215, 55.622280500000024 ], [ 37.214556100000017, 55.62275910000001 ], [ 37.2169239, 55.621861500000016 ], [ 37.2178433, 55.6223251 ], [ 37.2179836, 55.6222023 ], [ 37.2181731, 55.6219724 ], [ 37.219794300000018, 55.6212987 ], [ 37.2203137, 55.621477100000014 ], [ 37.2223769, 55.6203763 ], [ 37.224093500000016, 55.621087500000016 ], [ 37.224957, 55.621390099999985 ], [ 37.2257907, 55.6208297 ], [ 37.227021400000012, 55.6199218 ], [ 37.2275276, 55.6195407 ], [ 37.229314100000011, 55.6201572 ], [ 37.2295424, 55.6212725 ], [ 37.2285201, 55.6218161 ], [ 37.2265252, 55.6225502 ], [ 37.2259565, 55.623051500000017 ], [ 37.225965200000019, 55.623232800000011 ], [ 37.2287588, 55.623671500000022 ], [ 37.229334, 55.6244108 ], [ 37.229711100000017, 55.6245284 ], [ 37.230733400000013, 55.62478620000001 ], [ 37.232073299999989, 55.6253186 ], [ 37.233036100000021, 55.625004800000028 ], [ 37.2335621, 55.6250608 ], [ 37.2344752, 55.6253242 ], [ 37.2356861, 55.6248591 ], [ 37.2360831, 55.624937500000023 ], [ 37.2370161, 55.625968600000022 ], [ 37.2374627, 55.6264001 ], [ 37.2377604, 55.6267755 ], [ 37.237700900000021, 55.627481600000024 ], [ 37.23650210000001, 55.6281134 ], [ 37.2352488, 55.628677400000015 ], [ 37.2353551, 55.628722700000019 ], [ 37.23506110000001, 55.6289021 ], [ 37.236324099999983, 55.6295585 ], [ 37.2384595, 55.6310426 ], [ 37.240388700000018, 55.6324573 ], [ 37.2420101, 55.6328397 ], [ 37.243475500000017, 55.6333562 ], [ 37.2438889, 55.633564200000016 ], [ 37.243271, 55.6340362 ], [ 37.2418517, 55.6338074 ], [ 37.2408375, 55.6338384 ], [ 37.240717, 55.634199700000018 ], [ 37.2400519, 55.6341953 ], [ 37.2393897, 55.6353258 ], [ 37.2385718, 55.635640900000013 ], [ 37.236357500000011, 55.6359836 ], [ 37.2351277, 55.637439300000018 ], [ 37.2359854, 55.6378023 ], [ 37.235159, 55.6386402 ], [ 37.2363356, 55.6391456 ], [ 37.2381377, 55.641408 ], [ 37.2388452, 55.6420895 ], [ 37.2406147, 55.6418635 ], [ 37.241555, 55.6432245 ], [ 37.2412642, 55.643153600000012 ], [ 37.240713, 55.643688100000013 ], [ 37.242907099999989, 55.644221100000024 ], [ 37.2444648, 55.644599800000023 ], [ 37.245580500000017, 55.6448751 ], [ 37.2466964, 55.6451503 ], [ 37.248894200000016, 55.64563660000001 ], [ 37.249995500000018, 55.646423 ], [ 37.250457200000021, 55.646672 ], [ 37.252341400000013, 55.64743090000001 ], [ 37.2545878, 55.648439600000017 ], [ 37.257351599999986, 55.649298200000011 ], [ 37.2606464, 55.649621300000021 ], [ 37.2616277, 55.6495255 ], [ 37.2621335, 55.650060700000019 ], [ 37.263353100000025, 55.6500426 ], [ 37.2647668, 55.649814200000023 ], [ 37.265721500000012, 55.649482800000015 ], [ 37.2662332, 55.6503685 ], [ 37.267193, 55.6503726 ], [ 37.2673606, 55.650681200000015 ], [ 37.271434100000015, 55.651479200000011 ], [ 37.2714916, 55.6514753 ], [ 37.2715007, 55.6513833 ], [ 37.271484900000019, 55.651138100000011 ], [ 37.2714314, 55.6505101 ], [ 37.275377700000021, 55.650122300000014 ], [ 37.275391, 55.6495768 ], [ 37.2773596, 55.6496353 ], [ 37.277393100000019, 55.6494042 ], [ 37.2828129, 55.6495367 ], [ 37.2902657, 55.6484651 ], [ 37.3056825, 55.64630660000001 ], [ 37.31120330000001, 55.646572 ], [ 37.3121301, 55.6472548 ], [ 37.31259290000002, 55.648546 ], [ 37.3127913, 55.6498345 ], [ 37.311920900000011, 55.6499039 ], [ 37.3119578, 55.650664400000018 ], [ 37.311477600000018, 55.6506723 ], [ 37.3115, 55.651193900000017 ], [ 37.3220643, 55.6511066 ], [ 37.3229081, 55.650889500000012 ], [ 37.324045699999985, 55.6610045 ], [ 37.3208897, 55.6610341 ], [ 37.3189934, 55.66154310000001 ], [ 37.318995, 55.662231700000028 ], [ 37.3190714, 55.662372 ], [ 37.3190609, 55.662795300000028 ], [ 37.319139399999983, 55.663272 ], [ 37.3194864, 55.664194 ], [ 37.3195225, 55.664281 ], [ 37.3211678, 55.66403050000001 ], [ 37.32476190000002, 55.664308300000023 ], [ 37.3254413, 55.664447300000013 ], [ 37.3259715, 55.66425 ], [ 37.326042300000012, 55.6638226 ], [ 37.326485, 55.6636292 ], [ 37.3266408, 55.6634236 ], [ 37.327208500000012, 55.663365500000012 ], [ 37.3275623, 55.663224600000014 ], [ 37.3276496, 55.663226100000031 ], [ 37.327841599999985, 55.663205 ], [ 37.32799, 55.6632422 ], [ 37.3285919, 55.663022900000016 ], [ 37.330516700000011, 55.6633822 ], [ 37.3304603, 55.6638836 ], [ 37.331438700000014, 55.663877 ], [ 37.3324139, 55.66380190000001 ], [ 37.3327409, 55.6636591 ], [ 37.3333147, 55.663555600000016 ], [ 37.3344735, 55.6635373 ], [ 37.3351878, 55.6632891 ], [ 37.3364984, 55.6629702 ], [ 37.337184500000014, 55.663031600000011 ], [ 37.337527600000023, 55.6625356 ], [ 37.3368822, 55.6615442 ], [ 37.335512500000014, 55.6610889 ], [ 37.335374, 55.6610429 ], [ 37.3338658, 55.660541500000015 ], [ 37.3319963, 55.6596635 ], [ 37.333265, 55.6591087 ], [ 37.3352422, 55.658537200000012 ], [ 37.3406033, 55.657281599999983 ], [ 37.3415328, 55.6569374 ], [ 37.3414605, 55.6569981 ], [ 37.3411219, 55.65719090000001 ], [ 37.341008, 55.6573865 ], [ 37.340982900000014, 55.6574785 ], [ 37.3409501, 55.65773 ], [ 37.341108500000011, 55.657855900000023 ], [ 37.3413466, 55.657910100000031 ], [ 37.3418702, 55.6580635 ], [ 37.341740900000012, 55.6586382 ], [ 37.34154920000001, 55.658862500000012 ], [ 37.3418181, 55.659168100000016 ], [ 37.342183, 55.659294399999986 ], [ 37.342325, 55.6595461 ], [ 37.342133700000012, 55.65967160000001 ], [ 37.34226, 55.659914200000017 ], [ 37.3421483, 55.6600398 ], [ 37.34203, 55.660129100000013 ], [ 37.3422433, 55.6602251 ], [ 37.3422754, 55.660268700000024 ], [ 37.3423555, 55.66033560000001 ], [ 37.342430700000016, 55.660408300000014 ], [ 37.3425131, 55.6604974 ], [ 37.3425793, 55.6605827 ], [ 37.34262, 55.6606316 ], [ 37.342692300000017, 55.660690800000012 ], [ 37.3427485, 55.6607477 ], [ 37.3428648, 55.6608422 ], [ 37.3429892, 55.660938 ], [ 37.3430654, 55.6610017 ], [ 37.3431217, 55.6610507 ], [ 37.34315560000001, 55.6611031 ], [ 37.343175600000016, 55.6611588 ], [ 37.3431975, 55.661208800000026 ], [ 37.343227400000025, 55.6612669 ], [ 37.3432755, 55.6613341 ], [ 37.3433334, 55.6614182 ], [ 37.343357500000025, 55.6614831 ], [ 37.343387500000013, 55.661516100000014 ], [ 37.3434416, 55.6615663 ], [ 37.343485700000016, 55.6616027 ], [ 37.34353, 55.6616243 ], [ 37.3435863, 55.6616415 ], [ 37.3436225, 55.661648400000011 ], [ 37.3437089, 55.661663300000029 ], [ 37.343799600000011, 55.6616781 ], [ 37.343845600000016, 55.661705500000011 ], [ 37.343871700000015, 55.6617317 ], [ 37.3438797, 55.6617624 ], [ 37.3438615, 55.6617991 ], [ 37.3438392, 55.6618192 ], [ 37.343802900000014, 55.6618373 ], [ 37.3437585, 55.6618567 ], [ 37.3437141, 55.6618918 ], [ 37.343667600000018, 55.661961100000013 ], [ 37.3436351, 55.662022500000013 ], [ 37.343614799999983, 55.662061100000031 ], [ 37.343604500000012, 55.662100900000013 ], [ 37.3436084, 55.66214410000002 ], [ 37.343645800000012, 55.6621966 ], [ 37.3436625, 55.6622352 ], [ 37.3436925, 55.6622684 ], [ 37.34372960000001, 55.6623024 ], [ 37.3437687, 55.6623309 ], [ 37.3438128, 55.6623536 ], [ 37.3438532, 55.662370700000011 ], [ 37.34390290000001, 55.662386 ], [ 37.3439744, 55.662399900000025 ], [ 37.3440442, 55.6624091 ], [ 37.344112200000012, 55.6624184 ], [ 37.3441658, 55.662435 ], [ 37.3441803, 55.6624606 ], [ 37.344589500000012, 55.662426400000015 ], [ 37.3476527, 55.662031399999989 ], [ 37.348106700000017, 55.6628222 ], [ 37.348296199999986, 55.6627913 ], [ 37.3484908, 55.6629065 ], [ 37.3482288, 55.6639829 ], [ 37.348131600000016, 55.6641931 ], [ 37.347963200000017, 55.6657021 ], [ 37.348046600000011, 55.665828800000014 ], [ 37.349778, 55.6655648 ], [ 37.350155300000011, 55.6654285 ], [ 37.351496500000017, 55.6648907 ], [ 37.351702, 55.664877300000015 ], [ 37.352291, 55.66460390000001 ], [ 37.3529643, 55.664171400000015 ], [ 37.3535824, 55.663724300000013 ], [ 37.3505088, 55.6624102 ], [ 37.350509, 55.6620289 ], [ 37.3505549, 55.661809500000018 ], [ 37.35043120000001, 55.6617956 ], [ 37.3502376, 55.661198500000019 ], [ 37.351586500000018, 55.660820900000012 ], [ 37.352887599999988, 55.660337700000014 ], [ 37.3550293, 55.661146 ], [ 37.3584524, 55.662576099999988 ], [ 37.358244, 55.6660449 ], [ 37.3633638, 55.668662300000015 ], [ 37.3639045, 55.6689185 ], [ 37.364617400000022, 55.6691244 ], [ 37.3690415, 55.668919100000018 ], [ 37.3699988, 55.6679968 ], [ 37.3699412, 55.6669242 ], [ 37.3698343, 55.6667184 ], [ 37.369917200000017, 55.6662026 ], [ 37.3697995, 55.6642071 ], [ 37.3696052, 55.661038900000015 ], [ 37.369971400000011, 55.660543700000019 ], [ 37.3697653, 55.6595194 ], [ 37.370952, 55.659057800000021 ], [ 37.372619, 55.65906 ], [ 37.3750564, 55.6590643 ], [ 37.376991400000016, 55.659102 ], [ 37.378003300000024, 55.6594828 ], [ 37.378318, 55.659828200000014 ], [ 37.378518, 55.6604799 ], [ 37.379096, 55.662525400000021 ], [ 37.379712, 55.6640279 ], [ 37.3798883, 55.6642691 ], [ 37.380066, 55.6644295 ], [ 37.380582, 55.664479400000012 ], [ 37.3822024, 55.6645672 ], [ 37.3852339, 55.6645683 ], [ 37.3861474, 55.664539400000024 ], [ 37.386664500000016, 55.6644111 ], [ 37.386893100000016, 55.664168 ], [ 37.3880708, 55.6628389 ], [ 37.3890513, 55.661805900000019 ], [ 37.389485700000016, 55.6616991 ], [ 37.3940782, 55.660895300000021 ], [ 37.3972414, 55.6610404 ], [ 37.3999161, 55.6615243 ], [ 37.4008174, 55.661629600000012 ], [ 37.401202, 55.6616043 ], [ 37.4021647, 55.6615229 ], [ 37.404661, 55.661936200000014 ], [ 37.409480100000017, 55.6629639 ], [ 37.411983400000011, 55.663617800000011 ], [ 37.4139454, 55.664276900000011 ], [ 37.4154573, 55.664764700000013 ], [ 37.413073600000011, 55.6674098 ], [ 37.407338100000011, 55.6696825 ], [ 37.4075357, 55.669762600000013 ], [ 37.406731900000018, 55.670372900000025 ], [ 37.4059429, 55.6701039 ], [ 37.404881500000016, 55.6704097 ], [ 37.4043674, 55.6707029 ], [ 37.4042452, 55.670701500000014 ], [ 37.404032500000021, 55.671043300000022 ], [ 37.404438800000015, 55.671718200000015 ], [ 37.4045258, 55.671985 ], [ 37.4048008, 55.672828600000017 ], [ 37.4057073, 55.673281 ], [ 37.405971700000016, 55.67445780000002 ], [ 37.4078106, 55.6756199 ], [ 37.4089253, 55.6763247 ], [ 37.4098154, 55.676697 ], [ 37.4103128, 55.676959399999987 ], [ 37.410214, 55.6770209 ], [ 37.411290500000014, 55.677490900000031 ], [ 37.410585, 55.6780483 ], [ 37.411768700000017, 55.678501099999984 ], [ 37.413327200000012, 55.67909550000001 ], [ 37.4133889, 55.6791859 ], [ 37.4152729, 55.679908 ], [ 37.417481, 55.6807762 ], [ 37.4173186, 55.6808901 ], [ 37.4172142, 55.6809523 ], [ 37.417294400000017, 55.680985 ], [ 37.416143599999977, 55.68165530000001 ], [ 37.4154479, 55.6820433 ], [ 37.415334900000019, 55.682077900000017 ], [ 37.4151963, 55.682100400000024 ], [ 37.4151035, 55.6821098 ], [ 37.4148456, 55.6820183 ], [ 37.4146012, 55.681932 ], [ 37.414376, 55.681855100000028 ], [ 37.41420930000001, 55.682028100000011 ], [ 37.4143513, 55.6820786 ], [ 37.414675800000012, 55.68220010000001 ], [ 37.414879400000011, 55.682288900000017 ], [ 37.4151603, 55.6824256 ], [ 37.4151749, 55.6825086 ], [ 37.415150200000021, 55.6826121 ], [ 37.4151246, 55.6826945 ], [ 37.4150661, 55.682833800000012 ], [ 37.4149966, 55.682983 ], [ 37.41493710000001, 55.68312250000001 ], [ 37.414863400000016, 55.6832548 ], [ 37.4148219, 55.68334380000001 ], [ 37.414771400000014, 55.6834795 ], [ 37.414740900000012, 55.6835843 ], [ 37.414714, 55.6836829 ], [ 37.4146952, 55.683798 ], [ 37.41468290000001, 55.683954800000016 ], [ 37.414676600000014, 55.684104700000027 ], [ 37.414704, 55.68413330000002 ], [ 37.41485930000001, 55.6848161 ], [ 37.4148995, 55.684886100000028 ], [ 37.4149591, 55.6849736 ], [ 37.41496, 55.685267 ], [ 37.414734, 55.685951600000017 ], [ 37.41460690000001, 55.6859317 ], [ 37.4138545, 55.6879926 ], [ 37.4137834, 55.688123600000011 ], [ 37.413306800000015, 55.688900200000013 ], [ 37.4125257, 55.690231300000015 ], [ 37.412402299999989, 55.690419200000022 ], [ 37.412166500000019, 55.690708500000014 ], [ 37.4116931, 55.691286100000013 ], [ 37.4103742, 55.6926292 ], [ 37.408393200000013, 55.6942243 ], [ 37.4040926, 55.6974067 ], [ 37.402161700000015, 55.698838900000013 ], [ 37.402282600000014, 55.698922700000018 ], [ 37.403064400000012, 55.699291200000012 ], [ 37.4031642, 55.6993174 ], [ 37.4033072, 55.699332400000017 ], [ 37.4035063, 55.6993434 ], [ 37.4036023, 55.699366 ], [ 37.4037559, 55.699476900000015 ], [ 37.403831100000012, 55.6995035 ], [ 37.403898900000016, 55.6995022 ], [ 37.4039998, 55.699469 ], [ 37.4040447, 55.6994714 ], [ 37.4040938, 55.699482500000023 ], [ 37.404210100000022, 55.699562300000011 ], [ 37.4044007, 55.699664800000022 ], [ 37.404618, 55.6997898 ], [ 37.4047317, 55.6998333 ], [ 37.4049071, 55.699881800000014 ], [ 37.405649500000024, 55.70024750000001 ], [ 37.4059284, 55.7004967 ], [ 37.4059654, 55.700639099999989 ], [ 37.405967600000011, 55.700709100000019 ], [ 37.4058224, 55.7010105 ], [ 37.4057734, 55.701128200000021 ], [ 37.405691, 55.7012558 ], [ 37.4056626, 55.7013241 ], [ 37.4056528, 55.7014908 ], [ 37.40562760000001, 55.7015588 ], [ 37.405585600000023, 55.7016237 ], [ 37.4054972, 55.7017057 ], [ 37.405408800000011, 55.7017673 ], [ 37.405272199999985, 55.7018223 ], [ 37.4048242, 55.701949 ], [ 37.404765, 55.7019696 ], [ 37.4047092, 55.701999600000015 ], [ 37.404616, 55.702073300000016 ], [ 37.4045087, 55.7022335 ], [ 37.40439520000001, 55.702431 ], [ 37.4043728, 55.7024957 ], [ 37.4043704, 55.702531700000016 ], [ 37.404385400000017, 55.702574 ], [ 37.404461100000013, 55.7026775 ], [ 37.40455630000001, 55.702764500000015 ], [ 37.4046644, 55.7028244 ], [ 37.4050471, 55.7029911 ], [ 37.4053745, 55.7031001 ], [ 37.4058519, 55.703317400000024 ], [ 37.4059976, 55.7033997 ], [ 37.4061957, 55.7035079 ], [ 37.4065399, 55.703767800000016 ], [ 37.406646800000019, 55.703824500000017 ], [ 37.406812300000013, 55.703894100000014 ], [ 37.4073044, 55.7040892 ], [ 37.407695500000024, 55.7042614 ], [ 37.4080196, 55.704434300000017 ], [ 37.4086111, 55.704831800000029 ], [ 37.409156700000011, 55.705183700000021 ], [ 37.4108467, 55.7062357 ], [ 37.4110117, 55.706314400000011 ], [ 37.4112436, 55.7064305 ], [ 37.4113051, 55.7064473 ], [ 37.41141810000002, 55.7064629 ], [ 37.4115609, 55.706512100000012 ], [ 37.4118201, 55.70663830000003 ], [ 37.411953500000017, 55.706712100000018 ], [ 37.412012900000015, 55.706789100000016 ], [ 37.4120407, 55.7068651 ], [ 37.4120511, 55.706991100000032 ], [ 37.4120229, 55.7072025 ], [ 37.411971300000012, 55.707355500000013 ], [ 37.4119623, 55.7074456 ], [ 37.4119753, 55.7075276 ], [ 37.412021100000011, 55.7075676 ], [ 37.412582400000012, 55.7073519 ], [ 37.4139938, 55.7067526 ], [ 37.4158663, 55.7060564 ], [ 37.4159029, 55.7060818 ], [ 37.418768100000015, 55.705004800000012 ], [ 37.4196314, 55.7046801 ], [ 37.420288600000013, 55.70455960000001 ], [ 37.420495, 55.704552 ], [ 37.4205911, 55.7049565 ], [ 37.420626500000012, 55.7051069 ], [ 37.4208231, 55.7058865 ], [ 37.4212797, 55.7080662 ], [ 37.42394950000002, 55.7071225 ], [ 37.4240455, 55.706993800000014 ], [ 37.4305886, 55.7041643 ], [ 37.4333685, 55.7044946 ], [ 37.4355182, 55.7057383 ], [ 37.4445111, 55.706122300000018 ], [ 37.447918100000024, 55.707018800000014 ], [ 37.448694100000012, 55.7093944 ], [ 37.44873410000001, 55.7094988 ], [ 37.4492595, 55.7094717 ], [ 37.449801, 55.7094437 ], [ 37.4499459, 55.7094344 ], [ 37.4522784, 55.709283900000017 ], [ 37.453001, 55.709234 ], [ 37.453878400000015, 55.70915830000002 ], [ 37.454626600000012, 55.7090998 ], [ 37.454760900000011, 55.709099400000014 ], [ 37.4549618, 55.70910360000002 ], [ 37.4546998, 55.70995880000001 ], [ 37.4553768, 55.7099851 ], [ 37.456113500000022, 55.710066199999986 ], [ 37.4566292, 55.710052900000029 ], [ 37.457077500000018, 55.710154 ], [ 37.457374900000012, 55.7102459 ], [ 37.457715800000017, 55.7103242 ], [ 37.458050700000022, 55.7103409 ], [ 37.458393400000013, 55.7103217 ], [ 37.4586443, 55.7103123 ], [ 37.4589619, 55.710293 ], [ 37.4592709, 55.710293 ], [ 37.4597328, 55.710406200000016 ], [ 37.460077800000015, 55.7104857 ], [ 37.460431, 55.7107833 ], [ 37.46045920000001, 55.7109749 ], [ 37.460791899999982, 55.7110732 ], [ 37.461347100000019, 55.7111114 ], [ 37.4618543, 55.7111672 ], [ 37.462234, 55.711130800000014 ], [ 37.4625213, 55.7110589 ], [ 37.462882900000011, 55.710862900000024 ], [ 37.4634079, 55.7105783 ], [ 37.463715100000016, 55.710304500000014 ], [ 37.463913900000016, 55.7102468 ], [ 37.4640896, 55.710312 ], [ 37.4641324, 55.710375100000014 ], [ 37.4644022, 55.710421 ], [ 37.46471480000001, 55.710641699999982 ], [ 37.464973, 55.710825100000022 ], [ 37.465091, 55.710872 ], [ 37.4653828, 55.710916 ], [ 37.4656514, 55.711020499999989 ], [ 37.4657048, 55.711158800000021 ], [ 37.4656536, 55.7112628 ], [ 37.4655189, 55.7113232 ], [ 37.4654145, 55.7114764 ], [ 37.4655082, 55.711573800000018 ], [ 37.4657975, 55.711615400000014 ], [ 37.4660821, 55.711493100000013 ], [ 37.466228, 55.7114338 ], [ 37.4664481, 55.7114092 ], [ 37.4666612, 55.7113197 ], [ 37.4670171, 55.7114232 ], [ 37.4673647, 55.711637200000013 ], [ 37.4675817, 55.7118089 ], [ 37.467764500000015, 55.7119799 ], [ 37.4679305, 55.712117400000011 ], [ 37.4680244, 55.71223830000001 ], [ 37.4680282, 55.7124181 ], [ 37.4678703, 55.7126089 ], [ 37.467690900000015, 55.7127155 ], [ 37.467517900000011, 55.712790700000014 ], [ 37.4673707, 55.71280710000002 ], [ 37.466973300000014, 55.712811200000012 ], [ 37.466691400000023, 55.7128928 ], [ 37.466412, 55.7129718 ], [ 37.4661215, 55.7129596 ], [ 37.465774200000013, 55.7129666 ], [ 37.4653477, 55.713102300000017 ], [ 37.464943800000022, 55.7132341 ], [ 37.4648372, 55.7132675 ], [ 37.4646584, 55.713281 ], [ 37.4641811, 55.7133107 ], [ 37.4639974, 55.713330600000013 ], [ 37.4638628, 55.7133876 ], [ 37.463757, 55.7134456 ], [ 37.4636567, 55.713537799999976 ], [ 37.463622500000014, 55.7137261 ], [ 37.4636944, 55.713831500000012 ], [ 37.4638008, 55.7139221 ], [ 37.4641144, 55.714112100000015 ], [ 37.464351300000011, 55.71425090000001 ], [ 37.4645704, 55.714349100000014 ], [ 37.46471840000001, 55.714487400000017 ], [ 37.4649529, 55.714635 ], [ 37.4651249, 55.714764099999989 ], [ 37.4652373, 55.714842 ], [ 37.465328, 55.714915100000013 ], [ 37.465452100000014, 55.7150034 ], [ 37.4656123, 55.7151551 ], [ 37.4657184, 55.71521750000003 ], [ 37.4658572, 55.715269700000015 ], [ 37.465992, 55.7153365 ], [ 37.466206, 55.715428 ], [ 37.4664534, 55.7155028 ], [ 37.4666364, 55.7155649 ], [ 37.4668179, 55.715611200000012 ], [ 37.4669423, 55.715609900000018 ], [ 37.4670469, 55.715576800000015 ], [ 37.4672354, 55.715442800000012 ], [ 37.4673132, 55.7153554 ], [ 37.4675788, 55.7152406 ], [ 37.467851600000017, 55.7151619 ], [ 37.4680231, 55.715099100000018 ], [ 37.4681472, 55.715061 ], [ 37.468240200000011, 55.715007300000011 ], [ 37.468466, 55.7148809 ], [ 37.4685769, 55.7148195 ], [ 37.4686658, 55.714644 ], [ 37.4686994, 55.7145461 ], [ 37.468664, 55.7144158 ], [ 37.468517200000022, 55.714323100000016 ], [ 37.468123200000015, 55.714181100000012 ], [ 37.4679614, 55.7141009 ], [ 37.4679106, 55.713920200000011 ], [ 37.4679484, 55.7137599 ], [ 37.4680216, 55.7136655 ], [ 37.46821940000001, 55.71362 ], [ 37.468478, 55.713601599999983 ], [ 37.4690345, 55.7135922 ], [ 37.4694676, 55.7136275 ], [ 37.4699668, 55.713688200000014 ], [ 37.4700867, 55.713748 ], [ 37.4702913, 55.713892599999987 ], [ 37.4705153, 55.713917600000016 ], [ 37.470643500000016, 55.713900099999989 ], [ 37.470885200000019, 55.7137952 ], [ 37.47114710000001, 55.71372130000001 ], [ 37.4713077, 55.713748800000012 ], [ 37.471436900000015, 55.7138166 ], [ 37.471514900000017, 55.7139149 ], [ 37.4715466, 55.714124 ], [ 37.471453400000023, 55.714237700000012 ], [ 37.4712958, 55.714301400000018 ], [ 37.471071400000014, 55.7143472 ], [ 37.470995399999985, 55.7144465 ], [ 37.4707306, 55.714639900000016 ], [ 37.4706983, 55.714805800000015 ], [ 37.470729200000015, 55.7149171 ], [ 37.4708342, 55.714981699999989 ], [ 37.4709716, 55.7150116 ], [ 37.4713057, 55.7150792 ], [ 37.4714764, 55.7151857 ], [ 37.47154050000001, 55.71540550000001 ], [ 37.471539, 55.7154788 ], [ 37.4714943, 55.715556600000021 ], [ 37.471356, 55.715636800000013 ], [ 37.4711229, 55.715686600000019 ], [ 37.4709648, 55.7157213 ], [ 37.4707514, 55.7157482 ], [ 37.4706131, 55.715783800000018 ], [ 37.4705888, 55.715841 ], [ 37.4706615, 55.7159361 ], [ 37.4708017, 55.716011100000017 ], [ 37.471301100000012, 55.7160919 ], [ 37.4714656, 55.7161241 ], [ 37.4716319, 55.716188700000018 ], [ 37.4719087, 55.7163755 ], [ 37.472038200000021, 55.7166298 ], [ 37.4720821, 55.7169883 ], [ 37.471978900000025, 55.717116900000015 ], [ 37.471804100000014, 55.717271 ], [ 37.471576, 55.717388100000015 ], [ 37.4712131, 55.717541799999985 ], [ 37.470786100000012, 55.717873599999983 ], [ 37.4705921, 55.717973100000016 ], [ 37.4703397, 55.7180532 ], [ 37.4699415, 55.718086 ], [ 37.4696298, 55.7180945 ], [ 37.469445600000014, 55.718143299999987 ], [ 37.469278800000012, 55.7182412 ], [ 37.4691321, 55.7185028 ], [ 37.4691088, 55.718671 ], [ 37.469110700000016, 55.718827900000015 ], [ 37.469196599999989, 55.7190026 ], [ 37.4694273, 55.719198600000013 ], [ 37.4696365, 55.7193105 ], [ 37.4697373, 55.7193438 ], [ 37.469840100000013, 55.719362 ], [ 37.4702019, 55.719403200000023 ], [ 37.470347700000012, 55.71940450000001 ], [ 37.4705072, 55.7193792 ], [ 37.4705973, 55.71932 ], [ 37.4707544, 55.7191621 ], [ 37.4709149, 55.71900680000001 ], [ 37.471269, 55.718733100000016 ], [ 37.47144890000002, 55.7186473 ], [ 37.471834700000024, 55.7184558 ], [ 37.4720166, 55.718417 ], [ 37.4721991, 55.718415899999989 ], [ 37.4724701, 55.7185554 ], [ 37.472724900000024, 55.7187522 ], [ 37.472857500000025, 55.718800800000018 ], [ 37.4729132, 55.7190341 ], [ 37.472845700000022, 55.719313 ], [ 37.4728541, 55.7194986 ], [ 37.4729495, 55.7196562 ], [ 37.4730866, 55.719794 ], [ 37.4732445, 55.7199212 ], [ 37.473404800000019, 55.720007200000012 ], [ 37.4738013, 55.7201624 ], [ 37.4741587, 55.720374900000031 ], [ 37.474465500000015, 55.720546 ], [ 37.4749007, 55.720760500000011 ], [ 37.475373499999989, 55.720955200000027 ], [ 37.4757841, 55.7211407 ], [ 37.476317500000015, 55.721363 ], [ 37.4766089, 55.721468 ], [ 37.476760200000015, 55.721529 ], [ 37.47687650000001, 55.7215376 ], [ 37.4769359, 55.721533400000013 ], [ 37.476999600000013, 55.721476800000012 ], [ 37.4773014, 55.721379 ], [ 37.4776404, 55.72129790000001 ], [ 37.478066300000016, 55.7212097 ], [ 37.478815, 55.72110390000001 ], [ 37.47936, 55.7211681 ], [ 37.4795508, 55.72117 ], [ 37.4798359, 55.721142400000019 ], [ 37.4802062, 55.721061100000014 ], [ 37.4805281, 55.7210266 ], [ 37.480927900000012, 55.721050200000022 ], [ 37.4813846, 55.721074300000012 ], [ 37.4819182, 55.7211182 ], [ 37.4823765, 55.721155299999985 ], [ 37.4828016, 55.7211397 ], [ 37.4833852, 55.7210734 ], [ 37.4837427, 55.720970800000011 ], [ 37.4843032, 55.7208435 ], [ 37.4848935, 55.7206509 ], [ 37.485367500000024, 55.7204307 ], [ 37.485741800000021, 55.720247 ], [ 37.4860054, 55.7200717 ], [ 37.4863591, 55.7198468 ], [ 37.486563, 55.719657700000013 ], [ 37.486633500000018, 55.7194712 ], [ 37.4865736, 55.7192957 ], [ 37.4866665, 55.7190028 ], [ 37.4865501, 55.718892100000012 ], [ 37.4857428, 55.7185625 ], [ 37.484716500000012, 55.7181523 ], [ 37.484423, 55.7180254 ], [ 37.484357, 55.7179153 ], [ 37.4844564, 55.717796300000025 ], [ 37.484752200000017, 55.7176 ], [ 37.485287400000018, 55.7174469 ], [ 37.485776500000014, 55.717408100000014 ], [ 37.48600010000002, 55.717441400000013 ], [ 37.486724900000013, 55.7177983 ], [ 37.4875233, 55.7180864 ], [ 37.4878766, 55.7181431 ], [ 37.4881009, 55.71825410000001 ], [ 37.488684, 55.718358 ], [ 37.48905, 55.7184162 ], [ 37.4892229, 55.7184139 ], [ 37.489474, 55.7182956 ], [ 37.489679800000019, 55.718279400000021 ], [ 37.490359, 55.718492700000013 ], [ 37.4906596, 55.7184904 ], [ 37.49139670000001, 55.7183273 ], [ 37.4919805, 55.7181366 ], [ 37.49218530000001, 55.7180804 ], [ 37.4925076, 55.718096400000015 ], [ 37.4927364, 55.7182119 ], [ 37.4930088, 55.71860640000002 ], [ 37.493112199999985, 55.7189323 ], [ 37.493036, 55.719092899999985 ], [ 37.492789, 55.719255200000013 ], [ 37.492542, 55.719434900000024 ], [ 37.4923971, 55.7196949 ], [ 37.4926346, 55.720107300000024 ], [ 37.4930028, 55.7202102 ], [ 37.493683900000022, 55.720166800000023 ], [ 37.4939962, 55.7201842 ], [ 37.4942778, 55.720188100000016 ], [ 37.494918, 55.7201229 ], [ 37.4930927, 55.7178328 ], [ 37.493365800000014, 55.7154944 ], [ 37.492928800000016, 55.7134944 ], [ 37.4905934, 55.70928360000002 ], [ 37.4894865, 55.7083 ], [ 37.488805400000011, 55.707784800000013 ], [ 37.488149300000011, 55.707350500000011 ], [ 37.4871479, 55.7068246 ], [ 37.4860221, 55.706311800000023 ], [ 37.4837333, 55.7053912 ], [ 37.4814802, 55.70449630000001 ], [ 37.4800124, 55.7038735 ], [ 37.477160500000011, 55.702624800000017 ], [ 37.471819, 55.699548700000022 ], [ 37.4695454, 55.698199200000012 ], [ 37.4679853, 55.696802 ], [ 37.466318499999986, 55.6945259 ], [ 37.467590199999989, 55.693552 ], [ 37.468984, 55.692496 ], [ 37.4700057, 55.691714199999986 ], [ 37.473485600000011, 55.6890652 ], [ 37.477561700000017, 55.6859265 ], [ 37.47609150000001, 55.6851115 ], [ 37.4768178, 55.684237900000014 ], [ 37.4766707, 55.683419199999989 ], [ 37.476284100000015, 55.682704200000025 ], [ 37.4760454, 55.6824777 ], [ 37.4756612, 55.6823899 ], [ 37.474940500000017, 55.681927 ], [ 37.474568, 55.6815389 ], [ 37.474389, 55.6813526 ], [ 37.474266800000017, 55.6811497 ], [ 37.473970800000018, 55.6806674 ], [ 37.473939799999989, 55.680505400000015 ], [ 37.4738352, 55.6799738 ], [ 37.4738232, 55.679502499999984 ], [ 37.473779, 55.679255500000011 ], [ 37.473714700000016, 55.6788725 ], [ 37.4738232, 55.678698 ], [ 37.474205, 55.6785711 ], [ 37.4745587, 55.678523500000011 ], [ 37.4751213, 55.6785349 ], [ 37.475475, 55.6785099 ], [ 37.4760819, 55.678274300000012 ], [ 37.476208400000019, 55.6782645 ], [ 37.47636720000002, 55.6782176 ], [ 37.4773411, 55.677897099999988 ], [ 37.4776928, 55.677723600000014 ], [ 37.4780633, 55.677440300000015 ], [ 37.4785782, 55.676813600000024 ], [ 37.4787666, 55.676650700000017 ], [ 37.47995940000002, 55.6757559 ], [ 37.480572800000012, 55.6750715 ], [ 37.4814614, 55.674018599999989 ], [ 37.4816947, 55.6738026 ], [ 37.48173220000001, 55.6736578 ], [ 37.4817264, 55.673507 ], [ 37.4818804, 55.673179 ], [ 37.482328399999986, 55.6726329 ], [ 37.4824531, 55.672425100000019 ], [ 37.4824958, 55.67227 ], [ 37.4824854, 55.67209840000001 ], [ 37.4825055, 55.6718989 ], [ 37.4826501, 55.6717773 ], [ 37.4831072, 55.671721800000014 ], [ 37.48327, 55.671592300000022 ], [ 37.4834043, 55.671436100000022 ], [ 37.483753300000011, 55.6711466 ], [ 37.4838056, 55.670678600000016 ], [ 37.484147300000011, 55.670510300000025 ], [ 37.4843833, 55.670353 ], [ 37.484631300000011, 55.670218 ], [ 37.4851101, 55.670053 ], [ 37.4855383, 55.6700545 ], [ 37.485682700000012, 55.669987400000011 ], [ 37.485817500000017, 55.6698887 ], [ 37.4860171, 55.669798699999987 ], [ 37.4862089, 55.669769300000013 ], [ 37.4865315, 55.6696693 ], [ 37.4866475, 55.6696026 ], [ 37.4868426, 55.669581 ], [ 37.487176900000016, 55.669665100000017 ], [ 37.487464, 55.66968760000001 ], [ 37.487636, 55.66968 ], [ 37.488027200000012, 55.6697347 ], [ 37.488374100000016, 55.669764500000021 ], [ 37.488725500000022, 55.669701 ], [ 37.4891573, 55.6696692 ], [ 37.489444300000017, 55.669701 ], [ 37.489775599999987, 55.669603800000012 ], [ 37.4900923, 55.6696418 ], [ 37.4902667, 55.669691 ], [ 37.4904556, 55.669750400000019 ], [ 37.490655500000017, 55.66982620000001 ], [ 37.490982500000015, 55.669943 ], [ 37.49727810000001, 55.6690846 ], [ 37.4974956, 55.6690183 ], [ 37.4978432, 55.6688726 ], [ 37.4981854, 55.6688233 ], [ 37.498515, 55.6687384 ], [ 37.498822900000015, 55.6686192 ], [ 37.4991384, 55.668445 ], [ 37.4992476, 55.668349 ], [ 37.4992459, 55.6682036 ], [ 37.4993536, 55.6681624 ], [ 37.499645900000012, 55.668150599999983 ], [ 37.4997242, 55.668104500000013 ], [ 37.499750800000022, 55.6680291 ], [ 37.499893300000011, 55.667963 ], [ 37.5001527, 55.6678551 ], [ 37.500256, 55.66769750000001 ], [ 37.500363300000011, 55.6674433 ], [ 37.5002774, 55.6672618 ], [ 37.500256, 55.6670924 ], [ 37.5005564, 55.6670077 ], [ 37.50083530000002, 55.6668987 ], [ 37.5009856, 55.666814 ], [ 37.501243, 55.666801900000017 ], [ 37.501243, 55.6666809 ], [ 37.501508, 55.666557 ], [ 37.50156, 55.6664613 ], [ 37.5016058, 55.66639230000002 ], [ 37.5017604, 55.666211300000015 ], [ 37.5018009, 55.6661121 ], [ 37.501715099999984, 55.666039500000011 ], [ 37.501758, 55.665906400000011 ], [ 37.501908200000017, 55.665664300000024 ], [ 37.5022925, 55.6655738 ], [ 37.5024927, 55.665494700000018 ], [ 37.502577199999983, 55.665393 ], [ 37.502495300000021, 55.66529360000002 ], [ 37.502671, 55.6651346 ], [ 37.502881300000013, 55.6650364 ], [ 37.5030026, 55.6649139 ], [ 37.503303, 55.6649139 ], [ 37.5034932, 55.664890800000023 ], [ 37.503603400000017, 55.664780799999988 ], [ 37.50375420000001, 55.6646362 ], [ 37.5039953, 55.664635400000016 ], [ 37.5042471, 55.6644298 ], [ 37.5046119, 55.664454 ], [ 37.505084, 55.66427250000001 ], [ 37.5051913, 55.6641272 ], [ 37.505262800000011, 55.6640212 ], [ 37.5053576, 55.663957200000013 ], [ 37.5054596, 55.6639166 ], [ 37.5056317, 55.663861200000014 ], [ 37.5056633, 55.6637884 ], [ 37.5056624, 55.6636893 ], [ 37.50584, 55.663593700000014 ], [ 37.506051800000016, 55.6634355 ], [ 37.5061557, 55.663264600000012 ], [ 37.50636020000001, 55.663055900000025 ], [ 37.5067089, 55.662934900000025 ], [ 37.5065428, 55.661778400000017 ], [ 37.5016534, 55.658524599999986 ], [ 37.4956144, 55.655631200000016 ], [ 37.4826333, 55.649537 ], [ 37.482466200000012, 55.649460500000011 ], [ 37.4782007, 55.6475145 ], [ 37.4637211, 55.640704300000024 ], [ 37.455718700000013, 55.6370488 ], [ 37.456002700000013, 55.636875 ], [ 37.4562889, 55.636995300000017 ], [ 37.456594400000021, 55.6371251 ], [ 37.4568828, 55.6372406 ], [ 37.4570076, 55.63726860000002 ], [ 37.4571115, 55.6372918 ], [ 37.457323600000016, 55.63733770000001 ], [ 37.4575212, 55.6373642 ], [ 37.4577812, 55.637382400000014 ], [ 37.4579587, 55.637385 ], [ 37.458152500000011, 55.6373762 ], [ 37.4584737, 55.6373417 ], [ 37.4588143, 55.6373061 ], [ 37.459130500000015, 55.6372796 ], [ 37.4594533, 55.637244900000013 ], [ 37.45983140000002, 55.6372088 ], [ 37.4602096, 55.637172800000016 ], [ 37.460406800000023, 55.63714330000002 ], [ 37.460611699999987, 55.637094 ], [ 37.460782299999984, 55.637063799999986 ], [ 37.461896600000017, 55.636115400000016 ], [ 37.4620363, 55.6361223 ], [ 37.4621028, 55.6359528 ], [ 37.46208870000001, 55.635951900000016 ], [ 37.4638722, 55.634433500000014 ], [ 37.463774, 55.6343524 ], [ 37.4637652, 55.634342300000014 ], [ 37.4637679, 55.6343307 ], [ 37.46448250000001, 55.6336958 ], [ 37.4646666, 55.633757 ], [ 37.4659737, 55.633139 ], [ 37.466833, 55.6323657 ], [ 37.4674921, 55.6313616 ], [ 37.4693924, 55.629715300000015 ], [ 37.473729, 55.625999200000024 ], [ 37.4776022, 55.622674500000016 ], [ 37.481533, 55.619308100000012 ], [ 37.4854513, 55.6161843 ], [ 37.486207, 55.61559440000002 ], [ 37.487522, 55.61448170000002 ], [ 37.4876936, 55.6143544 ], [ 37.48889530000001, 55.6132759 ], [ 37.488805400000011, 55.613030300000013 ], [ 37.488887900000016, 55.6128841 ], [ 37.4889726, 55.6127042 ], [ 37.489019100000021, 55.612444300000014 ], [ 37.48904, 55.612242 ], [ 37.489049200000011, 55.6120653 ], [ 37.4890529, 55.6118944 ], [ 37.4890601, 55.6117667 ], [ 37.4890697, 55.6117244 ], [ 37.489063, 55.6117074 ], [ 37.489066200000025, 55.611481500000011 ], [ 37.489023, 55.6113146 ], [ 37.4890793, 55.611216400000011 ], [ 37.489156800000011, 55.6107185 ], [ 37.488875, 55.610077100000019 ], [ 37.488827900000011, 55.6099819 ], [ 37.488775200000013, 55.609837900000016 ], [ 37.4886365, 55.609614 ], [ 37.488512500000013, 55.609384 ], [ 37.4884303, 55.60926480000002 ], [ 37.488398700000019, 55.6092197 ], [ 37.488396100000024, 55.609216 ], [ 37.4883074, 55.609089500000024 ], [ 37.488140600000023, 55.60885360000001 ], [ 37.4880311, 55.6086858 ], [ 37.487842, 55.6083904 ], [ 37.4883331, 55.608273 ], [ 37.488789300000022, 55.608164 ], [ 37.4890365, 55.608591800000013 ], [ 37.489168400000011, 55.6087682 ], [ 37.4893115, 55.608948900000023 ], [ 37.489405, 55.609103800000021 ], [ 37.489495400000017, 55.6092503 ], [ 37.489634100000011, 55.609378 ], [ 37.4897449, 55.609475900000014 ], [ 37.4897741, 55.609500800000013 ], [ 37.489845400000021, 55.609611 ], [ 37.489949800000012, 55.6096758 ], [ 37.4899682, 55.609661600000024 ], [ 37.4902124, 55.6098469 ], [ 37.4904453, 55.6099616 ], [ 37.490698400000014, 55.6100624 ], [ 37.4909461, 55.610174400000012 ], [ 37.491179, 55.6101003 ], [ 37.491335, 55.6100001 ], [ 37.49136110000002, 55.609978 ], [ 37.4913686, 55.609982100000025 ], [ 37.4915133, 55.6099289 ], [ 37.4917073, 55.6097679 ], [ 37.4919198, 55.609584400000024 ], [ 37.4921882, 55.6093511 ], [ 37.492398300000019, 55.609115 ], [ 37.4925196, 55.608995799999988 ], [ 37.4926253, 55.60889330000002 ], [ 37.4927469, 55.6087716 ], [ 37.492925200000016, 55.6086866 ], [ 37.4930981, 55.608631800000019 ], [ 37.493361300000011, 55.608621200000016 ], [ 37.493706, 55.608625500000016 ], [ 37.4940943, 55.6085746 ], [ 37.494097500000017, 55.608573600000014 ], [ 37.497522700000012, 55.6056014 ], [ 37.498249800000011, 55.604971 ], [ 37.501483100000016, 55.602206100000011 ], [ 37.501536100000024, 55.602160900000023 ], [ 37.502182500000018, 55.6016081 ], [ 37.5025207, 55.6013483 ], [ 37.503467, 55.600621500000017 ], [ 37.5065527, 55.598249400000014 ], [ 37.5087153, 55.5971727 ], [ 37.5111936, 55.595937900000017 ], [ 37.5115487, 55.5957609 ], [ 37.5118794, 55.5955961 ], [ 37.5180898, 55.5936478 ], [ 37.5262872, 55.59162030000001 ], [ 37.5262906, 55.5916192 ], [ 37.526305300000011, 55.591607200000013 ], [ 37.52648, 55.591481300000019 ], [ 37.526577600000024, 55.5914002 ], [ 37.526698600000017, 55.5912998 ], [ 37.5268588, 55.5911601 ], [ 37.526885, 55.591139 ], [ 37.5270118, 55.5909946 ], [ 37.5273598, 55.590466 ], [ 37.5274129, 55.590362 ], [ 37.5274736, 55.5901937 ], [ 37.52747870000001, 55.5900325 ], [ 37.527417, 55.589867 ], [ 37.5272405, 55.589663100000017 ], [ 37.5277138, 55.5895463 ], [ 37.5278016, 55.5895866 ], [ 37.52790490000001, 55.5896069 ], [ 37.5281377, 55.589569600000019 ], [ 37.5283788, 55.589508800000019 ], [ 37.5288024, 55.58947 ], [ 37.5290791, 55.5895265 ], [ 37.5292541, 55.589608 ], [ 37.529335199999984, 55.5896791 ], [ 37.5298222, 55.590302200000018 ], [ 37.5300407, 55.5905349 ], [ 37.530156900000016, 55.5906626 ], [ 37.5302736, 55.590694400000011 ], [ 37.5304243, 55.5906958 ], [ 37.5387179, 55.5887076 ], [ 37.547270300000015, 55.586663 ], [ 37.5471978, 55.586600900000022 ], [ 37.547055700000016, 55.5864811 ], [ 37.5458313, 55.58569450000001 ], [ 37.545675800000012, 55.585582600000023 ], [ 37.5457521, 55.585531 ], [ 37.545773, 55.585498900000012 ], [ 37.5457657, 55.585439600000015 ], [ 37.545764600000012, 55.5854285 ], [ 37.545764500000011, 55.585423300000016 ], [ 37.545764500000011, 55.5854181 ], [ 37.5457616, 55.585407700000012 ], [ 37.545754900000013, 55.5853946 ], [ 37.5457199, 55.5853547 ], [ 37.545686400000015, 55.5853302 ], [ 37.5456455, 55.585302600000013 ], [ 37.545615200000015, 55.58528350000001 ], [ 37.5455873, 55.5852662 ], [ 37.5455604, 55.5852472 ], [ 37.5455396, 55.5852282 ], [ 37.545526700000011, 55.585214600000022 ], [ 37.5455045, 55.585194600000023 ], [ 37.5454785, 55.585162700000012 ], [ 37.5454513, 55.5851274 ], [ 37.5454369, 55.5851047 ], [ 37.545433100000011, 55.5850894 ], [ 37.545430800000013, 55.5850791 ], [ 37.545430400000015, 55.5850757 ], [ 37.54543060000001, 55.585063 ], [ 37.545435300000015, 55.585052200000021 ], [ 37.5454414, 55.585042900000012 ], [ 37.5454466, 55.5850385 ], [ 37.545457500000019, 55.585031300000011 ], [ 37.5454665, 55.5850249 ], [ 37.545516700000022, 55.5850176 ], [ 37.545536900000016, 55.585014 ], [ 37.545536900000016, 55.5850059 ], [ 37.5455243, 55.585004900000015 ], [ 37.545514800000014, 55.5850031 ], [ 37.545496599999986, 55.5849998 ], [ 37.5454798, 55.584996 ], [ 37.5454589, 55.5849923 ], [ 37.54544150000001, 55.5849842 ], [ 37.545427100000012, 55.5849761 ], [ 37.5454207, 55.584965200000013 ], [ 37.5454144, 55.5849516 ], [ 37.5454191, 55.5849398 ], [ 37.5454254, 55.5849365 ], [ 37.5454351, 55.5849216 ], [ 37.545445700000023, 55.5849082 ], [ 37.545462300000011, 55.584895200000012 ], [ 37.5457814, 55.5848443 ], [ 37.545823700000014, 55.584844100000012 ], [ 37.5458804, 55.584840600000021 ], [ 37.545916, 55.5848254 ], [ 37.5459485, 55.5847902 ], [ 37.545969, 55.5847347 ], [ 37.5460138, 55.5846916 ], [ 37.546082, 55.5846471 ], [ 37.5461145, 55.584618500000012 ], [ 37.5461439, 55.584584800000016 ], [ 37.5461651, 55.5845201 ], [ 37.5462169, 55.5843427 ], [ 37.5462358, 55.584260200000024 ], [ 37.5462422, 55.584207899999988 ], [ 37.5462361, 55.584128900000017 ], [ 37.546250800000017, 55.584112200000021 ], [ 37.5463097, 55.5840964 ], [ 37.5464525, 55.5840802 ], [ 37.5466448, 55.584056 ], [ 37.546829699999989, 55.5840171 ], [ 37.546986400000016, 55.5839672 ], [ 37.5471218, 55.5839308 ], [ 37.5472791, 55.583894800000017 ], [ 37.547360300000015, 55.5838511 ], [ 37.547413400000025, 55.5838088 ], [ 37.5474617, 55.583785200000015 ], [ 37.547523900000016, 55.58377140000001 ], [ 37.547573700000015, 55.583757300000016 ], [ 37.547619800000014, 55.5837401 ], [ 37.5476413, 55.583702900000013 ], [ 37.547662700000011, 55.5836444 ], [ 37.547684, 55.583614100000013 ], [ 37.5478263, 55.583507199999985 ], [ 37.547993400000017, 55.5833942 ], [ 37.548078900000021, 55.5833519 ], [ 37.548182100000012, 55.58330950000002 ], [ 37.5482426, 55.5832733 ], [ 37.548295900000014, 55.583245 ], [ 37.5483423, 55.583228800000022 ], [ 37.5483992, 55.583214700000013 ], [ 37.5484669, 55.5832167 ], [ 37.548538100000023, 55.5832287 ], [ 37.548602200000019, 55.58324080000002 ], [ 37.5487098, 55.583249 ], [ 37.5487286, 55.5832059 ], [ 37.548734900000021, 55.5831875 ], [ 37.548756200000021, 55.5831752 ], [ 37.548763500000014, 55.5831659 ], [ 37.5487675, 55.5831519 ], [ 37.5487666, 55.583118 ], [ 37.548760900000019, 55.583081100000022 ], [ 37.548767, 55.583061 ], [ 37.548784400000024, 55.5830392 ], [ 37.5488008, 55.5830245 ], [ 37.5488394, 55.5829973 ], [ 37.5488756, 55.5829745 ], [ 37.548898, 55.582963100000015 ], [ 37.5489421, 55.582943700000015 ], [ 37.548959700000012, 55.582938 ], [ 37.548969400000011, 55.582937800000018 ], [ 37.5489854, 55.5829432 ], [ 37.5490034, 55.5829594 ], [ 37.5490134, 55.582972600000019 ], [ 37.549040200000015, 55.582981699999984 ], [ 37.5490564, 55.5829856 ], [ 37.549085200000015, 55.5829884 ], [ 37.5490982, 55.582987700000011 ], [ 37.54912130000001, 55.582982800000025 ], [ 37.549141400000011, 55.5829742 ], [ 37.549175400000017, 55.5829504 ], [ 37.549208299999989, 55.582921200000015 ], [ 37.54922730000002, 55.582902 ], [ 37.5492562, 55.582866600000024 ], [ 37.5492696, 55.58284470000001 ], [ 37.54927480000002, 55.5828318 ], [ 37.549279300000023, 55.582807800000012 ], [ 37.549278, 55.58278390000001 ], [ 37.54927480000002, 55.5827726 ], [ 37.5492659, 55.582758 ], [ 37.5492521, 55.5827467 ], [ 37.5492333, 55.5827337 ], [ 37.54922730000002, 55.5827263 ], [ 37.54922490000002, 55.582714 ], [ 37.549229, 55.582689200000011 ], [ 37.549235, 55.5826781 ], [ 37.5492549, 55.58266040000003 ], [ 37.549283, 55.582646500000017 ], [ 37.5493264, 55.5826295 ], [ 37.549348300000013, 55.5826199 ], [ 37.549388700000016, 55.5825964 ], [ 37.549407, 55.5825811 ], [ 37.5494322, 55.582555500000012 ], [ 37.5494651, 55.5825086 ], [ 37.5494923, 55.582452400000022 ], [ 37.549506900000011, 55.5824129 ], [ 37.549525, 55.58234 ], [ 37.5495278, 55.5823022 ], [ 37.5495261, 55.582287 ], [ 37.5495198, 55.5822685 ], [ 37.5495148, 55.5822613 ], [ 37.549501200000016, 55.582250200000018 ], [ 37.549492600000015, 55.582246500000018 ], [ 37.5494726, 55.582241900000014 ], [ 37.549451, 55.582240600000013 ], [ 37.549411800000016, 55.582244100000011 ], [ 37.5493926, 55.582249 ], [ 37.549370900000014, 55.5822622 ], [ 37.5493301, 55.582291 ], [ 37.5492911, 55.5823204 ], [ 37.5492737, 55.5823359 ], [ 37.549241, 55.5823774 ], [ 37.5492023, 55.582419400000013 ], [ 37.549161, 55.5824624 ], [ 37.5491276, 55.5824981 ], [ 37.549117099999982, 55.5825087 ], [ 37.5491098, 55.5825131 ], [ 37.5490943, 55.582517500000023 ], [ 37.549071200000014, 55.5825178 ], [ 37.5490557, 55.5825159 ], [ 37.5490292, 55.582509 ], [ 37.5490162, 55.5825033 ], [ 37.549000500000012, 55.5824895 ], [ 37.548996900000013, 55.582481699999988 ], [ 37.548996600000017, 55.5824649 ], [ 37.5490031, 55.582447600000016 ], [ 37.54902520000001, 55.5824152 ], [ 37.549047800000011, 55.582388100000024 ], [ 37.549088100000013, 55.5823468 ], [ 37.5491488, 55.582292600000017 ], [ 37.549189500000018, 55.5822621 ], [ 37.5492545, 55.5822231 ], [ 37.5492911, 55.5822054 ], [ 37.549350600000011, 55.582182500000023 ], [ 37.549473600000013, 55.582145399999987 ], [ 37.549507899999988, 55.5821299 ], [ 37.549522700000011, 55.582120600000025 ], [ 37.549535300000016, 55.58211 ], [ 37.54955540000001, 55.5820858 ], [ 37.549570100000011, 55.5820601 ], [ 37.5495904, 55.5820068 ], [ 37.549606, 55.5819641 ], [ 37.5496092, 55.581944600000014 ], [ 37.5496068, 55.581924300000011 ], [ 37.549603100000013, 55.5819135 ], [ 37.5495811, 55.5818772 ], [ 37.5495431, 55.5818249 ], [ 37.549528, 55.5817993 ], [ 37.5495174, 55.5817639 ], [ 37.5495176, 55.581742 ], [ 37.5495203, 55.5817281 ], [ 37.5495301, 55.58170150000003 ], [ 37.5495751, 55.5816243 ], [ 37.5495832, 55.581604400000025 ], [ 37.5495924, 55.581564900000011 ], [ 37.5496151, 55.5814869 ], [ 37.549631300000016, 55.581436300000014 ], [ 37.5496452, 55.5814151 ], [ 37.5496663, 55.5813974 ], [ 37.549721, 55.581367900000018 ], [ 37.549776700000024, 55.581340500000024 ], [ 37.5498038, 55.5813306 ], [ 37.5498299, 55.5813248 ], [ 37.5498602, 55.5813191 ], [ 37.549871800000012, 55.581315 ], [ 37.549884599999984, 55.5813057 ], [ 37.549900100000016, 55.5812923 ], [ 37.549912100000014, 55.5812878 ], [ 37.5499253, 55.5812854 ], [ 37.5499492, 55.5812823 ], [ 37.5499624, 55.581279 ], [ 37.5499825, 55.5812695 ], [ 37.549992300000014, 55.581262 ], [ 37.5500214, 55.5812274 ], [ 37.5500629, 55.581161200000011 ], [ 37.5500878, 55.581123800000022 ], [ 37.5501306, 55.5810678 ], [ 37.550186300000021, 55.5810023 ], [ 37.550207, 55.580977300000015 ], [ 37.5502239, 55.580952400000015 ], [ 37.550226800000019, 55.5809422 ], [ 37.5502043, 55.580922600000015 ], [ 37.5502192, 55.580929500000018 ], [ 37.5502048, 55.5809166 ], [ 37.5502014, 55.580907 ], [ 37.550204400000013, 55.58089360000001 ], [ 37.5502093, 55.5808852 ], [ 37.550226500000015, 55.580864900000016 ], [ 37.5502605, 55.5808346 ], [ 37.55028020000001, 55.5808201 ], [ 37.5503249, 55.580794100000013 ], [ 37.5503385, 55.580789100000011 ], [ 37.5503634, 55.5807823 ], [ 37.5504049, 55.580777200000014 ], [ 37.5504227, 55.5807727 ], [ 37.5504391, 55.580764100000017 ], [ 37.550434300000013, 55.580733 ], [ 37.5504613, 55.580738200000013 ], [ 37.550463700000016, 55.580724 ], [ 37.5504621, 55.5807173 ], [ 37.5504584, 55.580711100000016 ], [ 37.550446700000023, 55.580699900000027 ], [ 37.550422200000014, 55.5806797 ], [ 37.550418900000011, 55.580669100000016 ], [ 37.550425400000016, 55.5806593 ], [ 37.550432500000021, 55.5806547 ], [ 37.550448300000014, 55.5806489 ], [ 37.550470800000014, 55.5806452 ], [ 37.5504846, 55.5806444 ], [ 37.550517700000022, 55.580645600000018 ], [ 37.550537, 55.580647800000015 ], [ 37.550569900000013, 55.5806533 ], [ 37.5505807, 55.5806567 ], [ 37.5506024, 55.5806604 ], [ 37.550623500000015, 55.5806602 ], [ 37.5506373, 55.580658 ], [ 37.550664800000021, 55.5806497 ], [ 37.550685100000017, 55.5806403 ], [ 37.5507043, 55.580600300000022 ], [ 37.550833200000014, 55.5804999 ], [ 37.5508687, 55.580476 ], [ 37.550941900000019, 55.580433 ], [ 37.5510146, 55.5803966 ], [ 37.5511392, 55.5803414 ], [ 37.5511832, 55.580321300000023 ], [ 37.5510286, 55.5802794 ], [ 37.547934800000014, 55.578997 ], [ 37.545746500000021, 55.5783573 ], [ 37.544256100000013, 55.5785155 ], [ 37.5429378, 55.578436200000013 ], [ 37.5424783, 55.578520400000016 ], [ 37.5419061, 55.578553499999984 ], [ 37.5409175, 55.5788372 ], [ 37.5407922, 55.579054500000019 ], [ 37.541074900000012, 55.5791878 ], [ 37.5410279, 55.5792324 ], [ 37.5405152, 55.579304200000017 ], [ 37.5387926, 55.5795409 ], [ 37.538655, 55.5795598 ], [ 37.5368507, 55.577289 ], [ 37.539297500000018, 55.5767215 ], [ 37.539300900000015, 55.5767203 ], [ 37.5387291, 55.575920600000011 ], [ 37.5399481, 55.5760443 ], [ 37.5399515, 55.5760432 ], [ 37.5395076, 55.574401500000015 ], [ 37.539546200000011, 55.573325900000029 ], [ 37.5395468, 55.573263 ], [ 37.5379704, 55.5731965 ], [ 37.5376894, 55.5731846 ], [ 37.5369156, 55.573152 ], [ 37.536888, 55.573096200000016 ], [ 37.5372403, 55.57238670000001 ], [ 37.538058, 55.572298300000021 ], [ 37.5389087, 55.572206400000013 ], [ 37.5389122, 55.5722054 ], [ 37.5403244, 55.5716706 ], [ 37.540690800000021, 55.5711273 ], [ 37.5436835, 55.5707527 ], [ 37.54368680000001, 55.5707516 ], [ 37.5445136, 55.57022 ], [ 37.546120600000016, 55.5699389 ], [ 37.546953100000017, 55.5704487 ], [ 37.5475043, 55.570400600000013 ], [ 37.5475078, 55.5703996 ], [ 37.5488828, 55.5699379 ], [ 37.547889600000019, 55.5689233 ], [ 37.5501395, 55.568316499999987 ], [ 37.553499, 55.5676245 ], [ 37.553771600000019, 55.5660436 ], [ 37.553453200000014, 55.5649232 ], [ 37.553162, 55.5640597 ], [ 37.5525113, 55.5636521 ], [ 37.551739700000013, 55.563518300000013 ], [ 37.5505919, 55.563603500000013 ], [ 37.550494, 55.56331560000001 ], [ 37.5503587, 55.562928700000015 ], [ 37.552016700000024, 55.561846 ], [ 37.5548035, 55.5614779 ], [ 37.5544666, 55.560264600000011 ], [ 37.554199200000014, 55.5593015 ], [ 37.552968700000022, 55.5562265 ], [ 37.552373500000016, 55.55522 ], [ 37.55214740000001, 55.554869 ], [ 37.551880900000015, 55.554788600000016 ], [ 37.551407200000014, 55.5546429 ], [ 37.5495264, 55.5541474 ], [ 37.5494658, 55.554131400000024 ], [ 37.549067600000015, 55.553199600000013 ], [ 37.548822500000021, 55.5526259 ], [ 37.544878, 55.55202 ], [ 37.5365076, 55.553672100000021 ], [ 37.5291881, 55.5552455 ], [ 37.528579, 55.5548647 ], [ 37.525352500000011, 55.553438 ], [ 37.5233071, 55.552549700000014 ], [ 37.5216115, 55.5518187 ], [ 37.5213726, 55.5517156 ], [ 37.520269300000017, 55.55124 ], [ 37.5181868, 55.550323300000024 ], [ 37.517978, 55.5502155 ], [ 37.514496100000017, 55.548505 ], [ 37.511115, 55.544986 ], [ 37.5077676, 55.5429454 ], [ 37.507505, 55.5428807 ], [ 37.500665, 55.5413068 ], [ 37.4947999, 55.539977300000011 ], [ 37.4936293, 55.5396872 ], [ 37.493449400000017, 55.5396458 ], [ 37.491028700000015, 55.539433 ], [ 37.4887675, 55.5396281 ], [ 37.4886776, 55.5396752 ], [ 37.4878655, 55.5397681 ], [ 37.4878006, 55.5398365 ], [ 37.48774, 55.539868900000023 ], [ 37.487755900000018, 55.5399736 ], [ 37.4877435, 55.539974500000014 ], [ 37.4877481, 55.540086700000025 ], [ 37.48748040000001, 55.540092 ], [ 37.4874673, 55.5399085 ], [ 37.4861751, 55.539793 ], [ 37.485735, 55.5396913 ], [ 37.485103700000018, 55.5395247 ], [ 37.4841155, 55.5392638 ], [ 37.482198600000011, 55.5388118 ], [ 37.4821506, 55.5388472 ], [ 37.4776169, 55.537785200000016 ], [ 37.47761490000002, 55.537786700000012 ], [ 37.476310600000012, 55.537481200000016 ], [ 37.476312, 55.537479500000018 ], [ 37.4762945, 55.537475400000012 ], [ 37.476193300000013, 55.5374537 ], [ 37.4755165, 55.537295100000023 ], [ 37.475709, 55.5353874 ], [ 37.4757124, 55.535388500000025 ], [ 37.475753, 55.5349964 ], [ 37.475762400000015, 55.5347785 ], [ 37.475165, 55.5341149 ], [ 37.4749516, 55.533493200000024 ], [ 37.475033900000021, 55.5329054 ], [ 37.4751577, 55.5326672 ], [ 37.4753511, 55.532382700000021 ], [ 37.4759296, 55.5318567 ], [ 37.4759686, 55.5311326 ], [ 37.47599180000001, 55.530899400000017 ], [ 37.476104300000017, 55.529768700000012 ], [ 37.4761216, 55.529596400000024 ], [ 37.4761012, 55.529029900000012 ], [ 37.476162, 55.527865400000024 ], [ 37.4762491, 55.5266243 ], [ 37.4762798, 55.526560300000014 ], [ 37.4763357, 55.526534800000022 ], [ 37.476359, 55.5265001 ], [ 37.4763536, 55.526442 ], [ 37.47637880000002, 55.5264205 ], [ 37.4764798, 55.526399200000014 ], [ 37.4765523, 55.526399200000014 ], [ 37.476612, 55.526422599999989 ], [ 37.476660700000018, 55.526434 ], [ 37.476706799999988, 55.526430400000024 ], [ 37.476780300000016, 55.526417 ], [ 37.4768403, 55.5264008 ], [ 37.476873800000021, 55.5263839 ], [ 37.4769175, 55.52634710000001 ], [ 37.4770615, 55.5262822 ], [ 37.4771636, 55.52624 ], [ 37.4772689, 55.526215900000011 ], [ 37.4773365, 55.5261747 ], [ 37.477389, 55.5261563 ], [ 37.4774948, 55.526143600000012 ], [ 37.477612, 55.526142200000017 ], [ 37.477690500000023, 55.5261522 ], [ 37.4777546, 55.5261521 ], [ 37.47782260000001, 55.526139500000014 ], [ 37.4778725, 55.526130400000014 ], [ 37.4779211, 55.5261261 ], [ 37.47803, 55.5261536 ], [ 37.4781702, 55.526162100000015 ], [ 37.4782102, 55.526169 ], [ 37.478242900000012, 55.5261806 ], [ 37.4782533, 55.5261956 ], [ 37.4782485, 55.526210700000021 ], [ 37.478228300000012, 55.5262383 ], [ 37.4782234, 55.526260900000011 ], [ 37.478240200000016, 55.5262856 ], [ 37.478280300000016, 55.526314 ], [ 37.478347900000017, 55.526348 ], [ 37.478387, 55.526371500000025 ], [ 37.478415500000018, 55.526409100000023 ], [ 37.478455500000024, 55.526424699999986 ], [ 37.478508, 55.52644040000002 ], [ 37.4785405, 55.5264574 ], [ 37.4785757, 55.5264929 ], [ 37.4786081, 55.526505700000016 ], [ 37.4786509, 55.5265073 ], [ 37.4788043, 55.5265068 ], [ 37.4789075, 55.5265167 ], [ 37.4789452, 55.5265136 ], [ 37.47901130000001, 55.526494300000024 ], [ 37.4791013, 55.526458900000023 ], [ 37.479144, 55.526424800000022 ], [ 37.479164, 55.526397900000013 ], [ 37.4791764, 55.5263595 ], [ 37.479194, 55.526345300000024 ], [ 37.4792665, 55.5263269 ], [ 37.4793516, 55.52631250000001 ], [ 37.4794369, 55.5263015 ], [ 37.4795296, 55.52629 ], [ 37.4795821, 55.526283 ], [ 37.4796898, 55.5262518 ], [ 37.4797349, 55.5262418 ], [ 37.47979990000001, 55.5262376 ], [ 37.4798951, 55.526237700000017 ], [ 37.479965200000017, 55.52623340000001 ], [ 37.4800404, 55.5262221 ], [ 37.48013610000001, 55.5262061 ], [ 37.480173, 55.526205 ], [ 37.4802018, 55.526207900000024 ], [ 37.4802381, 55.5262192 ], [ 37.4802715, 55.52623150000003 ], [ 37.4803012, 55.526241300000017 ], [ 37.4803482, 55.5262476 ], [ 37.4804159, 55.5262448 ], [ 37.4804759, 55.5262562 ], [ 37.4805335, 55.526278900000015 ], [ 37.480603600000016, 55.526303 ], [ 37.480653600000011, 55.52633 ], [ 37.4807011, 55.5263683 ], [ 37.4807462, 55.5264138 ], [ 37.48080130000001, 55.526452100000014 ], [ 37.48097640000001, 55.5265146 ], [ 37.481055800000014, 55.5265361 ], [ 37.481124600000015, 55.5265392 ], [ 37.4811843, 55.5265472 ], [ 37.481239500000015, 55.5265685 ], [ 37.4812922, 55.5265938 ], [ 37.4813995, 55.5266196 ], [ 37.4814721, 55.5266424 ], [ 37.4815722, 55.52668640000001 ], [ 37.481675, 55.5267418 ], [ 37.4817676, 55.5268042 ], [ 37.481850100000017, 55.5268752 ], [ 37.4818826, 55.526905 ], [ 37.4819326, 55.5269432 ], [ 37.4819903, 55.5269731 ], [ 37.4820355, 55.5269887 ], [ 37.482087900000018, 55.526994300000013 ], [ 37.482163, 55.526993 ], [ 37.4822532, 55.526988800000012 ], [ 37.4823728, 55.5269748 ], [ 37.4824166, 55.5269712 ], [ 37.4824558, 55.5269749 ], [ 37.482521400000017, 55.52698980000001 ], [ 37.482606500000017, 55.5270183 ], [ 37.482798900000013, 55.527093800000024 ], [ 37.482899300000014, 55.5271372 ], [ 37.4829393, 55.527158900000025 ], [ 37.482964700000011, 55.5271865 ], [ 37.482969300000015, 55.527219 ], [ 37.4829672, 55.5272518 ], [ 37.482952600000012, 55.5272847 ], [ 37.4829332, 55.5273123 ], [ 37.4828927, 55.5273477 ], [ 37.4828205, 55.5274592 ], [ 37.4828052, 55.5275088 ], [ 37.482798700000018, 55.5275583 ], [ 37.482798600000017, 55.5276178 ], [ 37.4828051, 55.527680900000021 ], [ 37.4827942, 55.5277714 ], [ 37.482796300000011, 55.527814800000023 ], [ 37.482829099999989, 55.527944799999986 ], [ 37.482877, 55.528035099999983 ], [ 37.482909800000016, 55.5280785 ], [ 37.482990600000015, 55.528130599999983 ], [ 37.4831068, 55.5282151 ], [ 37.4831618, 55.5282629 ], [ 37.483165500000013, 55.5282737 ], [ 37.4831625, 55.5282836 ], [ 37.4831082, 55.5283268 ], [ 37.4830976, 55.5283449 ], [ 37.4830953, 55.5283907 ], [ 37.4830933, 55.5284303 ], [ 37.4830976, 55.5285282 ], [ 37.4831153, 55.52860470000001 ], [ 37.48314340000001, 55.528627300000011 ], [ 37.4832089, 55.5286397 ], [ 37.4833072, 55.5286408 ], [ 37.483388, 55.5286409 ], [ 37.483429800000017, 55.528649600000023 ], [ 37.4834953, 55.528680600000015 ], [ 37.4836596, 55.5287218 ], [ 37.4837878, 55.52876220000001 ], [ 37.4838964, 55.5287942 ], [ 37.4839909, 55.5288296 ], [ 37.4840793, 55.5288684 ], [ 37.48415780000002, 55.528909400000011 ], [ 37.4842341, 55.5289402 ], [ 37.484375, 55.528995 ], [ 37.4845217, 55.529041800000016 ], [ 37.484638400000016, 55.5290658 ], [ 37.4848676, 55.52914 ], [ 37.48495, 55.52916960000001 ], [ 37.4849943, 55.529194700000012 ], [ 37.4851089, 55.529272300000024 ], [ 37.485151100000017, 55.5293156 ], [ 37.4852195, 55.529421700000015 ], [ 37.4852677, 55.529489100000013 ], [ 37.4853059, 55.529529 ], [ 37.485356100000011, 55.5295655 ], [ 37.485480700000011, 55.5296237 ], [ 37.4855513, 55.5296431 ], [ 37.485672, 55.5296637 ], [ 37.4857866, 55.529677300000017 ], [ 37.485943300000017, 55.5297002 ], [ 37.4863233, 55.5297698 ], [ 37.4864341, 55.5297858 ], [ 37.4865265, 55.5297949 ], [ 37.486603, 55.52980070000001 ], [ 37.486665300000013, 55.52980070000001 ], [ 37.4867639, 55.52979040000001 ], [ 37.486832300000017, 55.529779 ], [ 37.4869026, 55.5297596 ], [ 37.486963, 55.52973570000001 ], [ 37.48702530000002, 55.5297026 ], [ 37.4871794, 55.529596 ], [ 37.487219, 55.5295843 ], [ 37.4872664, 55.529587 ], [ 37.487318700000024, 55.5295923 ], [ 37.487379299999986, 55.5296011 ], [ 37.4874357, 55.529618300000017 ], [ 37.4874881, 55.52963130000002 ], [ 37.4875624, 55.5296434 ], [ 37.487626700000021, 55.5296445 ], [ 37.487689, 55.5296399 ], [ 37.487791500000014, 55.529621700000021 ], [ 37.4878521, 55.5296046 ], [ 37.487892100000018, 55.5295875 ], [ 37.487938600000014, 55.5295533 ], [ 37.488033100000017, 55.529494 ], [ 37.4880752, 55.529473500000016 ], [ 37.4881296, 55.529459700000011 ], [ 37.4881838, 55.5294552 ], [ 37.488232100000012, 55.5294575 ], [ 37.488304500000012, 55.52947 ], [ 37.4883849, 55.52948940000001 ], [ 37.48863020000001, 55.529572700000031 ], [ 37.4887107, 55.5296081 ], [ 37.4887449, 55.529632 ], [ 37.488759, 55.5296526 ], [ 37.488764900000014, 55.529681100000012 ], [ 37.488781, 55.529718800000012 ], [ 37.488839300000016, 55.5297678 ], [ 37.48895, 55.529845400000013 ], [ 37.489040500000016, 55.529904600000016 ], [ 37.4891571, 55.52996060000001 ], [ 37.48921940000001, 55.529983399999985 ], [ 37.4892777, 55.529993700000013 ], [ 37.489364200000011, 55.529997100000017 ], [ 37.4894306, 55.52999040000001 ], [ 37.489479, 55.529979099999984 ], [ 37.489499800000019, 55.5299595 ], [ 37.4894843, 55.529933200000016 ], [ 37.4894617, 55.529911700000014 ], [ 37.4894181, 55.5298851 ], [ 37.48938380000002, 55.529856200000019 ], [ 37.4893778, 55.5298247 ], [ 37.4893851, 55.5297841 ], [ 37.489363, 55.5296958 ], [ 37.489367400000013, 55.5296728 ], [ 37.4893942, 55.5296491 ], [ 37.4895575, 55.5295794 ], [ 37.4895919, 55.5295718 ], [ 37.4896354, 55.529574300000014 ], [ 37.4896714, 55.529598200000017 ], [ 37.489720100000014, 55.529627 ], [ 37.4897477, 55.52963290000001 ], [ 37.489825600000017, 55.5296253 ], [ 37.489909500000017, 55.529603200000011 ], [ 37.489984400000012, 55.529559100000014 ], [ 37.490080300000017, 55.52947850000001 ], [ 37.490176200000015, 55.529425 ], [ 37.4902301, 55.52938 ], [ 37.4902945, 55.5293308 ], [ 37.4903304, 55.52931980000001 ], [ 37.490430700000012, 55.5293105 ], [ 37.4904846, 55.5293155 ], [ 37.4905221, 55.52932910000002 ], [ 37.490585, 55.5293342 ], [ 37.490688400000025, 55.5293224 ], [ 37.490730400000011, 55.529313 ], [ 37.4907513, 55.5293029 ], [ 37.4907603, 55.5292901 ], [ 37.490746900000012, 55.5292569 ], [ 37.4907439, 55.5292392 ], [ 37.49075730000002, 55.5292204 ], [ 37.490791700000017, 55.5292009 ], [ 37.4908562, 55.529178900000019 ], [ 37.4909416, 55.5291662 ], [ 37.49107930000001, 55.529156 ], [ 37.4911229, 55.529143300000023 ], [ 37.4912171, 55.529099 ], [ 37.491275600000016, 55.5290719 ], [ 37.4913296, 55.5290609 ], [ 37.4914613, 55.529047400000017 ], [ 37.4916696, 55.5290159 ], [ 37.4917189, 55.529004900000018 ], [ 37.4917548, 55.5289947 ], [ 37.4917788, 55.5289921 ], [ 37.491798300000013, 55.528999 ], [ 37.491948100000023, 55.529092300000023 ], [ 37.492000400000023, 55.529117 ], [ 37.492029, 55.529125500000021 ], [ 37.4921517, 55.529151800000015 ], [ 37.4922295, 55.529162 ], [ 37.4922671, 55.5291595 ], [ 37.4922971, 55.529151800000015 ], [ 37.492316600000017, 55.529137300000023 ], [ 37.492316499999987, 55.5291144 ], [ 37.492295600000013, 55.529061 ], [ 37.4922985, 55.5290126 ], [ 37.492327, 55.5289633 ], [ 37.4923449, 55.5289498 ], [ 37.4923824, 55.5289378 ], [ 37.492497800000017, 55.5289175 ], [ 37.4925472, 55.5289048 ], [ 37.4925682, 55.5288921 ], [ 37.492575700000017, 55.5288657 ], [ 37.4925729, 55.5288399 ], [ 37.4925246, 55.5288004 ], [ 37.4925068, 55.5287833 ], [ 37.492509800000015, 55.528764700000011 ], [ 37.4925652, 55.5287163 ], [ 37.4926131, 55.5286892 ], [ 37.4926506, 55.5286789 ], [ 37.492694, 55.528675600000021 ], [ 37.4927883, 55.528684900000016 ], [ 37.4928962, 55.5286917 ], [ 37.4929487, 55.5286892 ], [ 37.4929919, 55.52867470000001 ], [ 37.493011400000022, 55.528655199999989 ], [ 37.4930266, 55.528594900000023 ], [ 37.493043, 55.528576300000012 ], [ 37.493068500000021, 55.528564300000014 ], [ 37.4930923, 55.528561 ], [ 37.4931223, 55.528564400000015 ], [ 37.4931733, 55.528585600000021 ], [ 37.49331710000002, 55.5286535 ], [ 37.493350100000022, 55.528663700000017 ], [ 37.493419, 55.5286646 ], [ 37.493508700000014, 55.5286535 ], [ 37.493556600000012, 55.528637400000029 ], [ 37.493639100000017, 55.528564300000014 ], [ 37.493691400000017, 55.528531300000012 ], [ 37.4937273, 55.5285177 ], [ 37.493871100000014, 55.52847950000001 ], [ 37.493967099999985, 55.52846 ], [ 37.494018, 55.528441400000013 ], [ 37.4940509, 55.5284108 ], [ 37.494046500000017, 55.5283887 ], [ 37.4940344, 55.528378400000022 ], [ 37.4939881, 55.5283572 ], [ 37.4939537, 55.528339400000014 ], [ 37.4939071, 55.5282948 ], [ 37.493893800000016, 55.5282724 ], [ 37.4938967, 55.52824360000001 ], [ 37.49392970000001, 55.528216400000012 ], [ 37.493994200000017, 55.5281773 ], [ 37.494024, 55.5281433 ], [ 37.494058500000015, 55.5281187 ], [ 37.494091600000012, 55.5281068 ], [ 37.4941184, 55.5281052 ], [ 37.494144, 55.5281086 ], [ 37.4941635, 55.528120400000013 ], [ 37.4942024, 55.528159500000015 ], [ 37.494227600000016, 55.5281696 ], [ 37.4942773, 55.528171400000012 ], [ 37.494328100000018, 55.5281603 ], [ 37.494379, 55.528137300000012 ], [ 37.494403, 55.528111 ], [ 37.4944284, 55.5280559 ], [ 37.4944554, 55.528024500000015 ], [ 37.4945783, 55.5279354 ], [ 37.4946067, 55.5279116 ], [ 37.4946202, 55.527892100000017 ], [ 37.494621700000025, 55.5278691 ], [ 37.4946067, 55.52784960000001 ], [ 37.494584200000013, 55.527832600000018 ], [ 37.4945573, 55.5278165 ], [ 37.494543800000017, 55.527799500000015 ], [ 37.4945513, 55.5277655 ], [ 37.4945619, 55.5277342 ], [ 37.4945993, 55.5276917 ], [ 37.494707100000021, 55.5276085 ], [ 37.494746, 55.5275729 ], [ 37.494779, 55.527544900000024 ], [ 37.494803, 55.5275321 ], [ 37.494831400000017, 55.5275287 ], [ 37.4948523, 55.527533900000023 ], [ 37.4948689, 55.527553300000015 ], [ 37.494889900000011, 55.527576299999986 ], [ 37.494931800000025, 55.5275958 ], [ 37.495000600000012, 55.527606800000015 ], [ 37.495069600000015, 55.5276034 ], [ 37.4951399, 55.5275848 ], [ 37.4953316, 55.5275169 ], [ 37.495384100000024, 55.52750240000001 ], [ 37.495426, 55.5274974 ], [ 37.4955129, 55.5274982 ], [ 37.49562820000002, 55.5274982 ], [ 37.495721, 55.527481200000018 ], [ 37.495776500000012, 55.527463300000015 ], [ 37.495867800000013, 55.527415 ], [ 37.4959652, 55.5273844 ], [ 37.4960206, 55.527377600000023 ], [ 37.4960835, 55.527383599999986 ], [ 37.4961644, 55.527397100000016 ], [ 37.4962198, 55.5273997 ], [ 37.496272300000022, 55.527389600000021 ], [ 37.4963607, 55.5273505 ], [ 37.496645200000017, 55.5272241 ], [ 37.4967036, 55.5272062 ], [ 37.4967591, 55.527199400000015 ], [ 37.4968205, 55.527207900000015 ], [ 37.4969627, 55.527251200000023 ], [ 37.497115400000013, 55.52729870000001 ], [ 37.4972142, 55.5273192 ], [ 37.4972607, 55.527319900000016 ], [ 37.4973117, 55.5273089 ], [ 37.497352100000015, 55.5272885 ], [ 37.4973624, 55.5272614 ], [ 37.497353600000011, 55.5272223 ], [ 37.497319200000014, 55.5271866 ], [ 37.497307100000022, 55.52716370000001 ], [ 37.4973161, 55.527137500000023 ], [ 37.4973865, 55.527077100000021 ], [ 37.4974165, 55.52705 ], [ 37.497465900000016, 55.52702450000001 ], [ 37.4974884, 55.527010100000012 ], [ 37.4975019, 55.5269855 ], [ 37.4975018, 55.526881900000021 ], [ 37.4975094, 55.526844600000011 ], [ 37.4975213, 55.526828400000028 ], [ 37.4975663, 55.526803700000016 ], [ 37.497635300000013, 55.5267808 ], [ 37.497718900000024, 55.5267656 ], [ 37.497752100000021, 55.5267639 ], [ 37.497785, 55.526771500000024 ], [ 37.4977969, 55.5267818 ], [ 37.4977968, 55.526831 ], [ 37.4978179, 55.526866600000012 ], [ 37.4978584, 55.526908200000015 ], [ 37.4978838, 55.526924399999984 ], [ 37.4979047, 55.526929400000014 ], [ 37.49792570000001, 55.526926900000021 ], [ 37.497952600000012, 55.5269014 ], [ 37.4979736, 55.5268777 ], [ 37.49800350000001, 55.5268674 ], [ 37.4980679, 55.5268564 ], [ 37.4981204, 55.5268471 ], [ 37.498156300000012, 55.5268344 ], [ 37.49817740000001, 55.526828500000022 ], [ 37.498207400000013, 55.5268258 ], [ 37.4982396, 55.5268252 ], [ 37.4982658, 55.52683320000002 ], [ 37.4982737, 55.5268515 ], [ 37.498267700000014, 55.5268881 ], [ 37.4982798, 55.5269075 ], [ 37.498318200000021, 55.5269222 ], [ 37.498358400000022, 55.526924500000014 ], [ 37.498414600000011, 55.526917700000013 ], [ 37.4984629, 55.526904 ], [ 37.498515100000013, 55.5268801 ], [ 37.498575400000014, 55.5268458 ], [ 37.4986297, 55.5268081 ], [ 37.4986679, 55.5267888 ], [ 37.4987243, 55.5267796 ], [ 37.498816800000014, 55.526774 ], [ 37.4989676, 55.5267694 ], [ 37.499078300000015, 55.5267523 ], [ 37.4991204, 55.5267512 ], [ 37.4991688, 55.5267545 ], [ 37.499214900000013, 55.5267648 ], [ 37.4992672, 55.526782 ], [ 37.4993276, 55.5268058 ], [ 37.49939, 55.526835600000013 ], [ 37.4994704, 55.526864 ], [ 37.4996092, 55.5269075 ], [ 37.49975790000002, 55.526961100000015 ], [ 37.499948900000014, 55.527026 ], [ 37.5002326, 55.527131 ], [ 37.5005425, 55.5272392 ], [ 37.5009444, 55.5273774 ], [ 37.5010375, 55.5274048 ], [ 37.5011515, 55.527447 ], [ 37.5013024, 55.527513100000014 ], [ 37.501457100000017, 55.527575900000016 ], [ 37.5015927, 55.527614 ], [ 37.5017429, 55.5276558 ], [ 37.5018615, 55.5276819 ], [ 37.501919700000016, 55.5276842 ], [ 37.5020471, 55.5276659 ], [ 37.5021363, 55.5276605 ], [ 37.502203300000012, 55.5276523 ], [ 37.502275, 55.527634900000017 ], [ 37.5022977, 55.5276079 ], [ 37.502286900000023, 55.5275682 ], [ 37.5022757, 55.5274994 ], [ 37.502274800000016, 55.5274549 ], [ 37.5022736, 55.527393400000022 ], [ 37.5022734, 55.527368300000013 ], [ 37.5022761, 55.5273533 ], [ 37.5022947, 55.527321100000016 ], [ 37.5023066, 55.5272871 ], [ 37.5023067, 55.5272538 ], [ 37.50228820000001, 55.527212500000012 ], [ 37.502229400000012, 55.5271115 ], [ 37.5022238, 55.5270756 ], [ 37.5022313, 55.5270505 ], [ 37.502242300000013, 55.5270343 ], [ 37.502260700000022, 55.527018100000021 ], [ 37.5022819, 55.5270077 ], [ 37.5023141, 55.527000400000013 ], [ 37.5023656, 55.5269905 ], [ 37.5023987, 55.526984700000014 ], [ 37.502503, 55.5269547 ], [ 37.5025518, 55.5269344 ], [ 37.502579400000016, 55.526914 ], [ 37.5025887, 55.5268958 ], [ 37.50258680000001, 55.5268781 ], [ 37.5025684, 55.526854600000021 ], [ 37.5025435, 55.5268343 ], [ 37.5025151, 55.5268128 ], [ 37.5024876, 55.526785900000014 ], [ 37.5024775, 55.5267531 ], [ 37.5024796, 55.5267186 ], [ 37.5024995, 55.5266936 ], [ 37.5025317, 55.5266753 ], [ 37.502571300000014, 55.5266597 ], [ 37.5026036, 55.5266555 ], [ 37.5026366, 55.526653500000016 ], [ 37.502676, 55.5266592 ], [ 37.502715800000011, 55.5266717 ], [ 37.5027811, 55.5266936 ], [ 37.5028845, 55.5267373 ], [ 37.5029406, 55.52676850000001 ], [ 37.502971, 55.5267889 ], [ 37.502989400000011, 55.5268129 ], [ 37.502997600000015, 55.5268364 ], [ 37.5029986, 55.5268573 ], [ 37.502998700000013, 55.526884400000014 ], [ 37.503002200000019, 55.52690680000002 ], [ 37.5030198, 55.5269314 ], [ 37.503039, 55.526942300000023 ], [ 37.5030695, 55.526947100000015 ], [ 37.503109, 55.52694850000001 ], [ 37.5031514, 55.526946 ], [ 37.503179900000013, 55.5269465 ], [ 37.5032266, 55.5269585 ], [ 37.5032551, 55.5269653 ], [ 37.5032873, 55.5269678 ], [ 37.5033177, 55.5269621 ], [ 37.50334070000001, 55.5269496 ], [ 37.5033582, 55.5269323 ], [ 37.5033684, 55.5269125 ], [ 37.5033756, 55.526889600000011 ], [ 37.503385800000018, 55.526873400000021 ], [ 37.503394900000025, 55.526864 ], [ 37.5034134, 55.5268541 ], [ 37.5034337, 55.526852500000018 ], [ 37.503464, 55.52685360000001 ], [ 37.5034898, 55.526857 ], [ 37.50351830000001, 55.526864 ], [ 37.5035652, 55.526881200000012 ], [ 37.503600200000015, 55.5268943 ], [ 37.5036269, 55.5268974 ], [ 37.5036527, 55.526896300000011 ], [ 37.5036729, 55.526892700000019 ], [ 37.503686800000011, 55.526887 ], [ 37.5037025, 55.526868700000023 ], [ 37.5037097, 55.526844100000019 ], [ 37.50371160000001, 55.526819100000019 ], [ 37.5037144, 55.526802400000015 ], [ 37.5037213, 55.5267748 ], [ 37.5037443, 55.5267403 ], [ 37.503752600000013, 55.526730400000012 ], [ 37.5037775, 55.5267247 ], [ 37.5037986, 55.526721100000017 ], [ 37.503829900000014, 55.5267236 ], [ 37.5038493, 55.526727800000025 ], [ 37.5038732, 55.5267346 ], [ 37.503887, 55.5267471 ], [ 37.5039063, 55.5267664 ], [ 37.5039358, 55.5268014 ], [ 37.5039606, 55.5268222 ], [ 37.504000199999986, 55.526849900000023 ], [ 37.5040461, 55.5268603 ], [ 37.5040803, 55.526864 ], [ 37.5041282, 55.5268588 ], [ 37.5042377, 55.5268368 ], [ 37.504326899999988, 55.5268107 ], [ 37.5044259, 55.526778600000021 ], [ 37.5044506, 55.5267655 ], [ 37.504468100000011, 55.526754600000011 ], [ 37.5044811, 55.5267416 ], [ 37.5044838, 55.5267218 ], [ 37.5044791, 55.526705 ], [ 37.5044663, 55.5266758 ], [ 37.5044405, 55.5266346 ], [ 37.50441750000001, 55.5265973 ], [ 37.504415600000016, 55.52657330000001 ], [ 37.5044211, 55.5265498 ], [ 37.5044332, 55.5265336 ], [ 37.5044496, 55.52651740000001 ], [ 37.50446250000001, 55.5264955 ], [ 37.5044736, 55.5264705 ], [ 37.5044902, 55.5264183 ], [ 37.5044957, 55.526409500000014 ], [ 37.50453, 55.5264157 ], [ 37.50476860000002, 55.5264773 ], [ 37.5049972, 55.5265405 ], [ 37.5054486, 55.5267049 ], [ 37.5056018, 55.526751 ], [ 37.5057351, 55.526771599999989 ], [ 37.505993200000013, 55.5268103 ], [ 37.506205200000011, 55.5268343 ], [ 37.506344599999984, 55.5268542 ], [ 37.50646230000001, 55.5268816 ], [ 37.5066387, 55.5269794 ], [ 37.506754200000017, 55.5269495 ], [ 37.5068085, 55.5269666 ], [ 37.5068319, 55.5269869 ], [ 37.506833, 55.5270259 ], [ 37.50682860000002, 55.527059 ], [ 37.5068447, 55.527086400000016 ], [ 37.506880900000013, 55.527105800000015 ], [ 37.506933100000012, 55.5271171 ], [ 37.506987500000015, 55.5271182 ], [ 37.5070447, 55.5271123 ], [ 37.507078, 55.527102200000016 ], [ 37.507096, 55.5270852 ], [ 37.507112900000017, 55.5270447 ], [ 37.5071221, 55.52700870000001 ], [ 37.507138, 55.526989 ], [ 37.5071663, 55.526976800000014 ], [ 37.5072074, 55.5269665 ], [ 37.5072615, 55.526964 ], [ 37.507304, 55.526967 ], [ 37.50733080000002, 55.526977500000022 ], [ 37.507337800000023, 55.52699 ], [ 37.5073335, 55.5270054 ], [ 37.507301300000016, 55.527030100000012 ], [ 37.507283100000024, 55.527051 ], [ 37.5072852, 55.527076 ], [ 37.507301200000015, 55.52710110000001 ], [ 37.507329800000015, 55.52711450000001 ], [ 37.507367500000015, 55.527116 ], [ 37.507396900000018, 55.5271102 ], [ 37.5074167, 55.5270923 ], [ 37.50744, 55.527027 ], [ 37.507466799999989, 55.526992100000015 ], [ 37.5075305, 55.5269476 ], [ 37.50757870000001, 55.5269243 ], [ 37.50762690000002, 55.5269083 ], [ 37.5076606, 55.52690430000002 ], [ 37.5076972, 55.5269037 ], [ 37.5077657, 55.5269072 ], [ 37.5078291, 55.5269037 ], [ 37.5078902, 55.52689010000001 ], [ 37.50793250000001, 55.526883200000015 ], [ 37.5079648, 55.526885500000013 ], [ 37.50798480000001, 55.5268912 ], [ 37.507997, 55.5269014 ], [ 37.50800490000001, 55.526922100000014 ], [ 37.5080092, 55.5270033 ], [ 37.5080212, 55.5270327 ], [ 37.5080372, 55.5270544 ], [ 37.5080634, 55.527072500000024 ], [ 37.508101600000018, 55.527084 ], [ 37.5081558, 55.5270885 ], [ 37.5082003, 55.527086700000012 ], [ 37.508254, 55.527079700000016 ], [ 37.508381, 55.527055500000031 ], [ 37.5084112, 55.527044 ], [ 37.508430800000014, 55.5270283 ], [ 37.508433300000014, 55.5270109 ], [ 37.5084253, 55.5269995 ], [ 37.5084032, 55.526976700000013 ], [ 37.5083971, 55.5269608 ], [ 37.508404, 55.526943600000017 ], [ 37.5084233, 55.5269266 ], [ 37.5084977, 55.5268696 ], [ 37.5085379, 55.526841 ], [ 37.508564, 55.5268342 ], [ 37.50859220000001, 55.52683530000003 ], [ 37.5086184, 55.5268421 ], [ 37.508640600000014, 55.526857 ], [ 37.5086826, 55.526904 ], [ 37.5087165, 55.526917400000016 ], [ 37.5087536, 55.52692320000002 ], [ 37.5088696, 55.5269242 ], [ 37.508944, 55.526917400000016 ], [ 37.5089964, 55.5269026 ], [ 37.50905, 55.526878400000015 ], [ 37.509109100000018, 55.5268506 ], [ 37.509191300000012, 55.5268045 ], [ 37.5092498, 55.5267771 ], [ 37.509294, 55.5267634 ], [ 37.5093503, 55.5267531 ], [ 37.509414600000014, 55.5267543 ], [ 37.509471, 55.5267593 ], [ 37.5095132, 55.5267702 ], [ 37.5095473, 55.526786100000017 ], [ 37.5095892, 55.5268208 ], [ 37.509617900000023, 55.526852300000016 ], [ 37.5096721, 55.5268991 ], [ 37.509712700000023, 55.526922400000011 ], [ 37.5097617, 55.5269356 ], [ 37.5098048, 55.5269379 ], [ 37.5098512, 55.5269345 ], [ 37.5099272, 55.5269222 ], [ 37.510028, 55.5268957 ], [ 37.5100903, 55.52686940000001 ], [ 37.5101125, 55.526848800000018 ], [ 37.5101125, 55.5268283 ], [ 37.5101081, 55.526814400000021 ], [ 37.5100904, 55.526802 ], [ 37.5100457, 55.5267851 ], [ 37.509961600000011, 55.5267599 ], [ 37.509933600000011, 55.526745 ], [ 37.5099134, 55.526726800000013 ], [ 37.5099054, 55.5267074 ], [ 37.5099061, 55.5266843 ], [ 37.50992140000001, 55.5266562 ], [ 37.5099495, 55.526632100000015 ], [ 37.509981599999989, 55.5266161 ], [ 37.5100239, 55.526602400000016 ], [ 37.5100607, 55.5266 ], [ 37.510100400000013, 55.5266076 ], [ 37.510202900000024, 55.526632100000015 ], [ 37.5102379, 55.526635900000016 ], [ 37.510267100000021, 55.5266298 ], [ 37.5102894, 55.5266161 ], [ 37.5103174, 55.526591 ], [ 37.510388, 55.526511200000023 ], [ 37.510416100000022, 55.5264929 ], [ 37.5104543, 55.5264815 ], [ 37.5104908, 55.5264781 ], [ 37.5105522, 55.5264781 ], [ 37.5106477, 55.5264955 ], [ 37.5107016, 55.526499800000011 ], [ 37.5108431, 55.526503 ], [ 37.5109604, 55.526507 ], [ 37.511041500000019, 55.526511200000023 ], [ 37.5111038, 55.526506600000012 ], [ 37.5111722, 55.526494 ], [ 37.511268600000022, 55.526472300000016 ], [ 37.5113511, 55.5264587 ], [ 37.511473800000012, 55.526444900000023 ], [ 37.511668900000011, 55.52643350000001 ], [ 37.5118256, 55.5264164 ], [ 37.5119866, 55.5263924 ], [ 37.5121294, 55.5263673 ], [ 37.512213700000011, 55.526347900000012 ], [ 37.5123045, 55.526327 ], [ 37.51236040000002, 55.5263246 ], [ 37.512394700000016, 55.526328800000016 ], [ 37.512425, 55.5263376 ], [ 37.5124652, 55.526356900000025 ], [ 37.5125098, 55.5263808 ], [ 37.512561400000024, 55.5263939 ], [ 37.51261, 55.5264003 ], [ 37.5126784, 55.526401500000013 ], [ 37.5127427, 55.526399200000014 ], [ 37.512803100000014, 55.526391100000012 ], [ 37.512869400000014, 55.52637290000002 ], [ 37.512941900000015, 55.526344400000021 ], [ 37.512992, 55.52632950000001 ], [ 37.513044500000014, 55.5263182 ], [ 37.5130957, 55.5263153 ], [ 37.5131375, 55.5263214 ], [ 37.5131589, 55.5263364 ], [ 37.5131831, 55.5263797 ], [ 37.513203300000015, 55.52639 ], [ 37.5132255, 55.5263957 ], [ 37.513255600000015, 55.5263957 ], [ 37.513362, 55.526374 ], [ 37.5134466, 55.5263661 ], [ 37.5134767, 55.5263558 ], [ 37.513492500000012, 55.5263412 ], [ 37.513468700000011, 55.526313600000023 ], [ 37.51343450000001, 55.5262884 ], [ 37.5134265, 55.5262702 ], [ 37.513434400000016, 55.526246200000017 ], [ 37.5134606, 55.5262314 ], [ 37.513500700000016, 55.52622 ], [ 37.513555, 55.52620850000001 ], [ 37.5136496, 55.5261995 ], [ 37.5137702, 55.526189100000025 ], [ 37.513822500000018, 55.526189100000025 ], [ 37.5138647, 55.526192499999986 ], [ 37.513915200000014, 55.5262005 ], [ 37.5139632, 55.526210900000017 ], [ 37.514041700000014, 55.5262311 ], [ 37.5140885, 55.5262397 ], [ 37.5141301, 55.526245 ], [ 37.5141904, 55.5262494 ], [ 37.51426330000001, 55.526255200000023 ], [ 37.5142891, 55.526255200000023 ], [ 37.514309200000021, 55.5262546 ], [ 37.5143238, 55.5262526 ], [ 37.5143676, 55.5262393 ], [ 37.514388700000012, 55.5262285 ], [ 37.5144258, 55.526216400000017 ], [ 37.51444690000001, 55.5262063 ], [ 37.514476199999983, 55.5261885 ], [ 37.5144849, 55.5261832 ], [ 37.5144906, 55.526179700000021 ], [ 37.5145232, 55.526175200000012 ], [ 37.5145701, 55.5261675 ], [ 37.5146037, 55.5261618 ], [ 37.5146284, 55.526160500000024 ], [ 37.514677700000014, 55.526163100000026 ], [ 37.514703500000017, 55.526165 ], [ 37.514725900000023, 55.526170200000017 ], [ 37.5147506, 55.526176300000017 ], [ 37.5147752, 55.526179600000027 ], [ 37.5147953, 55.5261802 ], [ 37.514804200000015, 55.526179600000027 ], [ 37.5148244, 55.52617510000001 ], [ 37.514844500000017, 55.5261688 ], [ 37.514867, 55.526160500000024 ], [ 37.5148984, 55.526147799999983 ], [ 37.514931900000015, 55.526137 ], [ 37.5149565, 55.5261332 ], [ 37.5149979, 55.52613070000001 ], [ 37.5150316, 55.526128100000015 ], [ 37.515064500000022, 55.5261285 ], [ 37.5151319, 55.526129800000028 ], [ 37.515221100000012, 55.5261174 ], [ 37.515253700000024, 55.52610390000001 ], [ 37.5152629, 55.5260912 ], [ 37.515269399999987, 55.526077300000011 ], [ 37.5152651, 55.5260264 ], [ 37.5152645, 55.526011700000019 ], [ 37.515271, 55.5259978 ], [ 37.515296300000017, 55.525974900000016 ], [ 37.5153045, 55.5259625 ], [ 37.515320700000011, 55.525947900000013 ], [ 37.5153428, 55.5259388 ], [ 37.515408100000016, 55.5259177 ], [ 37.51548420000001, 55.5258942 ], [ 37.5155196, 55.5258822 ], [ 37.5155416, 55.525878100000014 ], [ 37.515573600000018, 55.5258774 ], [ 37.5156147, 55.5258752 ], [ 37.5156776, 55.5258634 ], [ 37.515756200000013, 55.525851699999983 ], [ 37.5158002, 55.525851 ], [ 37.51583, 55.5258548 ], [ 37.516004, 55.5258769 ], [ 37.516065099999985, 55.5258829 ], [ 37.516106200000024, 55.525881600000019 ], [ 37.516193200000011, 55.5258791 ], [ 37.516257, 55.525883700000023 ], [ 37.516292700000015, 55.5258823 ], [ 37.5163179, 55.525874100000017 ], [ 37.5163442, 55.5258669 ], [ 37.516388, 55.5258637 ], [ 37.5164399, 55.525860100000024 ], [ 37.5164955, 55.5258572 ], [ 37.5165608, 55.5258559 ], [ 37.516615, 55.52585220000001 ], [ 37.5166455, 55.525848500000016 ], [ 37.5166648, 55.5258445 ], [ 37.5166875, 55.525841 ], [ 37.516706800000016, 55.525828 ], [ 37.5167164, 55.5258133 ], [ 37.51671260000002, 55.525798 ], [ 37.5166939, 55.52578190000002 ], [ 37.51664310000001, 55.5257599 ], [ 37.5165961, 55.525739200000025 ], [ 37.5165728, 55.525726099999986 ], [ 37.516567300000013, 55.5257115 ], [ 37.516572900000014, 55.5256997 ], [ 37.5165985, 55.5256884 ], [ 37.516644400000011, 55.525675 ], [ 37.516698600000012, 55.525661 ], [ 37.516741400000015, 55.525658 ], [ 37.516764600000023, 55.5256617 ], [ 37.5168094, 55.5256818 ], [ 37.5168412, 55.525689 ], [ 37.516874200000011, 55.525686400000012 ], [ 37.516903600000013, 55.525671 ], [ 37.5169354, 55.525656300000023 ], [ 37.516972099999983, 55.5256476 ], [ 37.517031, 55.5256416 ], [ 37.517098, 55.5256316 ], [ 37.517154700000013, 55.5256142 ], [ 37.5171912, 55.5255968 ], [ 37.5172277, 55.5255787 ], [ 37.517244199999986, 55.5255587 ], [ 37.517257100000023, 55.525536599999988 ], [ 37.5172724, 55.5255126 ], [ 37.5172844, 55.525494800000011 ], [ 37.5173003, 55.52548130000001 ], [ 37.517316, 55.5254724 ], [ 37.5173339, 55.525471800000012 ], [ 37.51735020000001, 55.5254799 ], [ 37.517398600000014, 55.5255008 ], [ 37.5174496, 55.5255076 ], [ 37.5175033, 55.5255046 ], [ 37.517548600000019, 55.525488 ], [ 37.5176531, 55.5254236 ], [ 37.5176802, 55.525401200000012 ], [ 37.517711, 55.5253811 ], [ 37.5177562, 55.525362200000011 ], [ 37.517785400000015, 55.525355500000011 ], [ 37.5178227, 55.525345300000012 ], [ 37.51785390000002, 55.5253444 ], [ 37.5178832, 55.5253505 ], [ 37.5179016, 55.5253609 ], [ 37.517921, 55.5253798 ], [ 37.517932200000011, 55.5254061 ], [ 37.517941900000011, 55.5254307 ], [ 37.5179587, 55.525447 ], [ 37.5179922, 55.525459800000021 ], [ 37.518040100000015, 55.525478800000016 ], [ 37.5180655, 55.5254902 ], [ 37.5180829, 55.5254974 ], [ 37.5180974, 55.5254998 ], [ 37.5181141, 55.525497 ], [ 37.518144200000016, 55.52548620000001 ], [ 37.518208300000012, 55.5254604 ], [ 37.5182885, 55.5254235 ], [ 37.51837410000001, 55.525386600000012 ], [ 37.518422200000025, 55.525365400000013 ], [ 37.5184418, 55.52535730000001 ], [ 37.5184597, 55.5253587 ], [ 37.5184764, 55.5253683 ], [ 37.518506, 55.5253902 ], [ 37.518526700000017, 55.5254112 ], [ 37.518549300000011, 55.5254263 ], [ 37.518590900000014, 55.5254348 ], [ 37.51864, 55.5254367 ], [ 37.51866540000001, 55.525428900000023 ], [ 37.518677, 55.525409900000021 ], [ 37.5186753, 55.525366 ], [ 37.51866540000001, 55.525321300000016 ], [ 37.5186685, 55.5252958 ], [ 37.518685600000012, 55.5252696 ], [ 37.518706, 55.5252459 ], [ 37.5187203, 55.5252236 ], [ 37.5187298, 55.525211500000012 ], [ 37.518743400000012, 55.5252078 ], [ 37.5187566, 55.5252107 ], [ 37.5187822, 55.525218500000015 ], [ 37.518813400000013, 55.5252191 ], [ 37.518857, 55.5252035 ], [ 37.518928200000012, 55.525187900000013 ], [ 37.5189775, 55.5251728 ], [ 37.5190383, 55.525150100000012 ], [ 37.5190739, 55.525140400000012 ], [ 37.5191072, 55.525144800000021 ], [ 37.5191452, 55.5251689 ], [ 37.5191773, 55.52520670000002 ], [ 37.5191915, 55.525241100000017 ], [ 37.5191797, 55.525276400000024 ], [ 37.5191621, 55.525312800000016 ], [ 37.5191597, 55.5253528 ], [ 37.519169399999988, 55.525402800000016 ], [ 37.51919, 55.525435 ], [ 37.519217800000014, 55.5254659 ], [ 37.519247, 55.5254809 ], [ 37.5192966, 55.5254939 ], [ 37.519341200000021, 55.52550020000001 ], [ 37.519368700000015, 55.525496700000012 ], [ 37.519386, 55.5254896 ], [ 37.5193948, 55.525478900000017 ], [ 37.519401900000013, 55.5254614 ], [ 37.5194089, 55.5253569 ], [ 37.5194034, 55.525302800000013 ], [ 37.5194226, 55.525236400000011 ], [ 37.5194306, 55.525200599999984 ], [ 37.51939440000001, 55.5250819 ], [ 37.5193984, 55.5250295 ], [ 37.5194014, 55.524994 ], [ 37.5194125, 55.5249884 ], [ 37.5194305, 55.524983800000015 ], [ 37.51944670000001, 55.5249752 ], [ 37.5194731, 55.5249584 ], [ 37.519492900000017, 55.524945 ], [ 37.5195913, 55.5248447 ], [ 37.5196436, 55.524786400000011 ], [ 37.5196497, 55.524763600000014 ], [ 37.5196496, 55.524742400000022 ], [ 37.5196494, 55.5247371 ], [ 37.5196456, 55.524704400000019 ], [ 37.5196555, 55.5246655 ], [ 37.5196816, 55.5246176 ], [ 37.5197119, 55.5245834 ], [ 37.519746100000013, 55.52455710000001 ], [ 37.519758100000018, 55.524543500000014 ], [ 37.5197661, 55.5245275 ], [ 37.51978620000002, 55.524516 ], [ 37.519876600000011, 55.524459 ], [ 37.5198888, 55.5244453 ], [ 37.5199008, 55.524425899999983 ], [ 37.519927, 55.524346100000017 ], [ 37.519933, 55.524327800000016 ], [ 37.5199571, 55.52429470000002 ], [ 37.5200274, 55.524229800000015 ], [ 37.5200716, 55.5241841 ], [ 37.5200937, 55.5241521 ], [ 37.520103900000016, 55.5241259 ], [ 37.520105800000017, 55.524106500000023 ], [ 37.5200938, 55.524034700000016 ], [ 37.5200975, 55.524002700000011 ], [ 37.5201078, 55.5239787 ], [ 37.5201257, 55.523957 ], [ 37.520168, 55.5239366 ], [ 37.5201934, 55.523901500000029 ], [ 37.520202200000014, 55.5238681 ], [ 37.5202099, 55.5237997 ], [ 37.5202854, 55.522889199999987 ], [ 37.5201102, 55.522479799999985 ], [ 37.5222995, 55.52185 ], [ 37.5228099, 55.5216342 ], [ 37.5274982, 55.521192900000017 ], [ 37.529579099999985, 55.520545200000015 ], [ 37.532650800000013, 55.5187602 ], [ 37.535123400000018, 55.5179618 ], [ 37.5354891, 55.5175473 ], [ 37.5361706, 55.516777699999977 ], [ 37.536324400000019, 55.516332600000013 ], [ 37.536197, 55.515997500000019 ], [ 37.53661, 55.515656200000024 ], [ 37.53716630000001, 55.5154632 ], [ 37.5380897, 55.515039499999986 ], [ 37.5390366, 55.514132399999987 ], [ 37.538985800000013, 55.5140447 ], [ 37.539572100000015, 55.5136819 ], [ 37.539554, 55.513592 ], [ 37.5399265, 55.513508 ], [ 37.539152899999984, 55.512158100000015 ], [ 37.538452200000016, 55.51212970000001 ], [ 37.5381558, 55.512001600000019 ], [ 37.5370991, 55.511441200000029 ], [ 37.536401199999986, 55.5111723 ], [ 37.5356831, 55.5095485 ], [ 37.535333800000011, 55.5090822 ], [ 37.5350534, 55.5083321 ], [ 37.5344489, 55.5083034 ], [ 37.5342083, 55.508349100000018 ], [ 37.53225410000001, 55.50828640000001 ], [ 37.5302887, 55.508162200000015 ], [ 37.5302201, 55.507585200000022 ], [ 37.5300411, 55.5063782 ], [ 37.5297591, 55.5039099 ], [ 37.532593599999984, 55.5028382 ], [ 37.533963700000015, 55.5057122 ], [ 37.5356792, 55.5055945 ], [ 37.5397977, 55.5044757 ], [ 37.541038900000018, 55.503921900000016 ], [ 37.541768300000015, 55.5037892 ], [ 37.5423336, 55.5045612 ], [ 37.543754900000025, 55.504455300000011 ], [ 37.546571800000017, 55.5042452 ], [ 37.5466981, 55.5046502 ], [ 37.5476607, 55.504560100000013 ], [ 37.5481048, 55.5059369 ], [ 37.551311400000017, 55.505636900000013 ], [ 37.552573600000017, 55.5055192 ], [ 37.553745300000024, 55.5092104 ], [ 37.553963600000017, 55.5096659 ], [ 37.5536467, 55.509729500000013 ], [ 37.553133800000012, 55.50986240000001 ], [ 37.550112, 55.5106451 ], [ 37.5468991, 55.5119938 ], [ 37.547025200000014, 55.512723700000024 ], [ 37.5508278, 55.5126535 ], [ 37.551325600000013, 55.512644300000026 ], [ 37.5515886, 55.512662 ], [ 37.5529884, 55.5128523 ], [ 37.5547883, 55.513097 ], [ 37.554759200000014, 55.5131714 ], [ 37.5549444, 55.513216300000018 ], [ 37.554936400000017, 55.51323330000001 ], [ 37.5550473, 55.5132584 ], [ 37.5550662, 55.5132396 ], [ 37.5552658, 55.513281700000014 ], [ 37.555302599999983, 55.5132232 ], [ 37.5561459, 55.5134339 ], [ 37.556343, 55.5135005 ], [ 37.5581392, 55.5139508 ], [ 37.558618800000019, 55.514202400000016 ], [ 37.560639899999984, 55.5152413 ], [ 37.5609628, 55.515198 ], [ 37.561440199999986, 55.5156796 ], [ 37.5629742, 55.516981600000015 ], [ 37.5640867, 55.518475900000013 ], [ 37.5640992, 55.5184948 ], [ 37.5647788, 55.518411 ], [ 37.56536040000001, 55.5204367 ], [ 37.5668751, 55.5202911 ], [ 37.5661789, 55.517080599999986 ], [ 37.5676921, 55.516684 ], [ 37.570521, 55.5167892 ], [ 37.574286499999985, 55.5170091 ], [ 37.577127200000014, 55.517203300000013 ], [ 37.571814500000016, 55.500053800000025 ], [ 37.572177, 55.4991416 ], [ 37.5730576, 55.499049100000015 ], [ 37.57308, 55.49898730000001 ], [ 37.5731069, 55.4989284 ], [ 37.5731293, 55.4988835 ], [ 37.573158, 55.498838 ], [ 37.573189400000011, 55.4987932 ], [ 37.573223500000012, 55.4987498 ], [ 37.573281100000024, 55.498681800000014 ], [ 37.5733161, 55.498647 ], [ 37.573361800000022, 55.498606 ], [ 37.573404300000021, 55.4985663 ], [ 37.5734432, 55.4985333 ], [ 37.573490799999988, 55.498492 ], [ 37.573598700000019, 55.498420100000011 ], [ 37.5737043, 55.498355300000014 ], [ 37.5738432, 55.498288099999989 ], [ 37.5740441, 55.49821330000001 ], [ 37.5741935, 55.498145400000013 ], [ 37.577341199999985, 55.496814200000024 ], [ 37.578435500000012, 55.4963183 ], [ 37.578531100000021, 55.4962811 ], [ 37.578626899999989, 55.4962525 ], [ 37.5787168, 55.4962306 ], [ 37.5788359, 55.4962112 ], [ 37.578952800000017, 55.4962012 ], [ 37.579046200000015, 55.4961979 ], [ 37.579141900000018, 55.4961988 ], [ 37.5791986, 55.496196400000024 ], [ 37.5792662, 55.4961901 ], [ 37.579296, 55.4961861 ], [ 37.579908, 55.4959313 ], [ 37.5840235, 55.494275 ], [ 37.591337300000013, 55.4913076 ], [ 37.591220900000025, 55.492409300000013 ], [ 37.5902761, 55.4933921 ], [ 37.592496500000017, 55.494223900000023 ], [ 37.5936678, 55.4930521 ], [ 37.593855499999989, 55.4930133 ], [ 37.5952875, 55.493175 ], [ 37.5970032, 55.4942332 ], [ 37.5986834, 55.495022100000014 ], [ 37.6002296, 55.495748 ], [ 37.600004, 55.496828700000016 ], [ 37.6027811, 55.4981118 ], [ 37.6041452, 55.498705400000013 ], [ 37.604100600000017, 55.4990632 ], [ 37.602554600000012, 55.5004511 ], [ 37.602991199999984, 55.5010354 ], [ 37.604541200000014, 55.5024168 ], [ 37.598892500000012, 55.504376 ], [ 37.5966517, 55.5054216 ], [ 37.5977492, 55.506132100000031 ], [ 37.598594, 55.5076213 ], [ 37.598718, 55.508132300000014 ], [ 37.597806600000013, 55.5086481 ], [ 37.593186400000022, 55.511495600000025 ], [ 37.5926358, 55.5116108 ], [ 37.5926689, 55.5118899 ], [ 37.5918282, 55.51249330000001 ], [ 37.5980226, 55.5147069 ], [ 37.5988986, 55.513249 ], [ 37.5992684, 55.5126336 ], [ 37.600892100000017, 55.5109247 ], [ 37.603814, 55.513037800000014 ], [ 37.6047679, 55.512503800000012 ], [ 37.602116200000012, 55.5104561 ], [ 37.6080963, 55.509844 ], [ 37.6089293, 55.502407500000025 ], [ 37.6056934, 55.5023511 ], [ 37.605610300000016, 55.502054700000024 ], [ 37.6091037, 55.500877 ], [ 37.6096839, 55.4963167 ], [ 37.610417, 55.493241400000016 ], [ 37.607928199999989, 55.4927869 ], [ 37.607394600000013, 55.491815400000029 ], [ 37.609616699999989, 55.491133600000019 ], [ 37.61102480000001, 55.4914069 ], [ 37.6113541, 55.4896351 ], [ 37.606491500000011, 55.4882986 ], [ 37.6061365, 55.4888765 ], [ 37.605883700000014, 55.49078260000001 ], [ 37.6046793, 55.4916699 ], [ 37.6039499, 55.491350299999986 ], [ 37.6035226, 55.4914006 ], [ 37.603576300000014, 55.4904832 ], [ 37.602498499999989, 55.4896581 ], [ 37.601931, 55.489283200000017 ], [ 37.6012343, 55.489246700000017 ], [ 37.6008893, 55.489053 ], [ 37.600389, 55.488858 ], [ 37.599717700000014, 55.4890511 ], [ 37.597136300000017, 55.48934890000001 ], [ 37.5969087, 55.4893318 ], [ 37.5962167, 55.4890816 ], [ 37.5950843, 55.4887276 ], [ 37.5911611, 55.49035880000001 ], [ 37.583356700000017, 55.4935768 ], [ 37.581776, 55.491980099999985 ], [ 37.5845028, 55.491195500000011 ], [ 37.583205700000015, 55.49063840000003 ], [ 37.58596450000001, 55.489054 ], [ 37.5844288, 55.488176700000011 ], [ 37.583712300000016, 55.4876748 ], [ 37.584010500000019, 55.4874602 ], [ 37.5854915, 55.4872513 ], [ 37.5870033, 55.4868677 ], [ 37.587027500000019, 55.4867217 ], [ 37.5834559, 55.486291400000013 ], [ 37.5821715, 55.485344100000013 ], [ 37.581984, 55.4853804 ], [ 37.5813689, 55.4849633 ], [ 37.581199800000014, 55.4845961 ], [ 37.579800500000012, 55.483678400000016 ], [ 37.577780300000022, 55.4837651 ], [ 37.5777862, 55.4839524 ], [ 37.5784327, 55.4860458 ], [ 37.578520800000014, 55.4862798 ], [ 37.578667, 55.4866923 ], [ 37.574626800000011, 55.486995 ], [ 37.567455099999989, 55.4876619 ], [ 37.566748, 55.487641600000011 ], [ 37.5662943, 55.4876207 ], [ 37.565484900000016, 55.487418 ], [ 37.5653714, 55.486742500000013 ], [ 37.5653284, 55.4865527 ], [ 37.5648595, 55.4848983 ], [ 37.564855, 55.4848273 ], [ 37.5649185, 55.484826399999989 ], [ 37.5649155, 55.484732 ], [ 37.5648128, 55.484732900000012 ], [ 37.5646786, 55.4842596 ], [ 37.5641521, 55.4826982 ], [ 37.5641086, 55.4824981 ], [ 37.56345670000001, 55.4815016 ], [ 37.5631946, 55.480675700000013 ], [ 37.563050700000012, 55.4806843 ], [ 37.563029400000012, 55.480636 ], [ 37.563171700000012, 55.480615100000016 ], [ 37.5630514, 55.4801466 ], [ 37.562761700000017, 55.479932300000016 ], [ 37.5629741, 55.4793015 ], [ 37.5624473, 55.4781447 ], [ 37.5623904, 55.47801980000002 ], [ 37.561969700000013, 55.476058200000018 ], [ 37.5618907, 55.47569 ], [ 37.5618777, 55.4756001 ], [ 37.5617604, 55.4747904 ], [ 37.5615428, 55.4747951 ], [ 37.5614636, 55.4744623 ], [ 37.5610287, 55.4744746 ], [ 37.5608064, 55.474251300000013 ], [ 37.560844800000019, 55.473387100000011 ], [ 37.5578875, 55.4732568 ], [ 37.5572472, 55.4732253 ], [ 37.555521, 55.473140499999985 ], [ 37.5553965, 55.4731342 ], [ 37.5553977, 55.4730558 ], [ 37.5554109, 55.472985900000012 ], [ 37.553911100000015, 55.472942500000016 ], [ 37.5465879, 55.472705300000015 ], [ 37.5447501, 55.4726458 ], [ 37.545552600000015, 55.4652984 ], [ 37.5456016, 55.4648502 ], [ 37.5469784, 55.4646038 ], [ 37.547093500000017, 55.464585300000017 ], [ 37.5470909, 55.464488200000019 ], [ 37.547048900000021, 55.464324700000013 ], [ 37.5469325, 55.464331700000024 ], [ 37.546682100000012, 55.4631641 ], [ 37.546365700000017, 55.462507100000025 ], [ 37.5459091, 55.461565800000024 ], [ 37.5463344, 55.4616196 ], [ 37.5463686, 55.4616225 ], [ 37.54640710000001, 55.4616329 ], [ 37.5464932, 55.461649 ], [ 37.546862, 55.4617325 ], [ 37.5469539, 55.4620366 ], [ 37.5469861, 55.4620774 ], [ 37.5470695, 55.462095500000011 ], [ 37.547289200000016, 55.462096400000021 ], [ 37.5473418, 55.462064300000016 ], [ 37.5475577, 55.4616865 ], [ 37.547569900000013, 55.4616474 ], [ 37.546332599999985, 55.460200800000017 ], [ 37.5463154, 55.4601896 ], [ 37.5462493, 55.460115400000028 ], [ 37.5461479, 55.4599847 ], [ 37.5460204, 55.45984330000001 ], [ 37.54596930000001, 55.459786100000024 ], [ 37.545940900000012, 55.459744 ], [ 37.5459199, 55.4597185 ], [ 37.5466176, 55.45975150000001 ], [ 37.546770900000013, 55.459730800000017 ], [ 37.546854800000013, 55.4597263 ], [ 37.5469059, 55.4597541 ], [ 37.547121600000011, 55.4597612 ], [ 37.5474715, 55.4596722 ], [ 37.5475323, 55.459834 ], [ 37.5478605, 55.4598497 ], [ 37.5478951, 55.458779400000012 ], [ 37.5479019, 55.458569 ], [ 37.5479089, 55.458291400000014 ], [ 37.54793260000001, 55.4573254 ], [ 37.547939200000016, 55.45713820000001 ], [ 37.548008300000014, 55.456896900000011 ], [ 37.5467428, 55.457131 ], [ 37.54431630000002, 55.457862499999983 ], [ 37.5439982, 55.4576272 ], [ 37.542553300000016, 55.456723 ], [ 37.5418429, 55.4564115 ], [ 37.541048800000013, 55.456109899999987 ], [ 37.540128, 55.4557921 ], [ 37.5399777, 55.455705 ], [ 37.5398638, 55.4556053 ], [ 37.539745100000012, 55.4555388 ], [ 37.5396233, 55.455503800000017 ], [ 37.539330600000014, 55.4555085 ], [ 37.539212100000015, 55.455493200000014 ], [ 37.53839270000001, 55.4552474 ], [ 37.53804610000001, 55.455163900000016 ], [ 37.5368187, 55.4547761 ], [ 37.5368181, 55.4545713 ], [ 37.5368162, 55.4544396 ], [ 37.5368108, 55.4543011 ], [ 37.536812300000015, 55.454287 ], [ 37.5368776, 55.4534607 ], [ 37.536661700000018, 55.4533485 ], [ 37.534431300000016, 55.45342010000001 ], [ 37.5341461, 55.4534645 ], [ 37.533975200000015, 55.4534941 ], [ 37.5332644, 55.453604 ], [ 37.5327639, 55.4536847 ], [ 37.5316055, 55.4517498 ], [ 37.5318412, 55.451590600000017 ], [ 37.531608400000017, 55.451005700000017 ], [ 37.531949800000014, 55.45096490000001 ], [ 37.5316812, 55.4503187 ], [ 37.531793, 55.4496192 ], [ 37.531638400000013, 55.44819 ], [ 37.5314219, 55.4478996 ], [ 37.531520699999987, 55.4469073 ], [ 37.532291500000021, 55.4464016 ], [ 37.5337012, 55.445793 ], [ 37.534771200000016, 55.444950900000016 ], [ 37.5359674, 55.4422546 ], [ 37.5358398, 55.441915300000019 ], [ 37.5366695, 55.4399235 ], [ 37.53570370000002, 55.4398081 ], [ 37.5358069, 55.4392485 ], [ 37.536333, 55.4392575 ], [ 37.536349299999983, 55.439208700000023 ], [ 37.5366355, 55.4392247 ], [ 37.537226400000016, 55.4385251 ], [ 37.538000100000012, 55.43789610000001 ], [ 37.538391600000018, 55.4374857 ], [ 37.5352652, 55.4362787 ], [ 37.5335829, 55.436137500000015 ], [ 37.529394399999987, 55.435845300000011 ], [ 37.5253346, 55.435835600000019 ], [ 37.518485300000016, 55.435972 ], [ 37.5134813, 55.43592330000002 ], [ 37.510056700000014, 55.436186200000016 ], [ 37.5085424, 55.436393200000012 ], [ 37.5073874, 55.4366877 ], [ 37.5054234, 55.4374742 ], [ 37.504571900000023, 55.43773370000001 ], [ 37.5038352, 55.4378361 ], [ 37.503041400000015, 55.437886 ], [ 37.5025471, 55.4381033 ], [ 37.5022032, 55.438377400000022 ], [ 37.501164600000017, 55.43945 ], [ 37.5007922, 55.4402287 ], [ 37.5000025, 55.4409834 ], [ 37.4994875, 55.441372900000019 ], [ 37.4984232, 55.4417478 ], [ 37.4976593, 55.441986400000012 ], [ 37.4966895, 55.4421324 ], [ 37.4951188, 55.442293100000015 ], [ 37.493376400000017, 55.4423905 ], [ 37.4916512, 55.442556 ], [ 37.4912564, 55.442741 ], [ 37.4903895, 55.443291200000019 ], [ 37.4883295, 55.444445 ], [ 37.4872738, 55.4450535 ], [ 37.4863984, 55.445783800000015 ], [ 37.485909100000015, 55.446591900000023 ], [ 37.485771800000016, 55.446898599999983 ], [ 37.4858147, 55.447249100000029 ], [ 37.486037900000014, 55.44756550000001 ], [ 37.486424100000015, 55.4478283 ], [ 37.4875828, 55.4480669 ], [ 37.490080500000012, 55.4482811 ], [ 37.492664, 55.4486802 ], [ 37.4954621, 55.4490745 ], [ 37.496715200000011, 55.449366600000012 ], [ 37.4973549, 55.4495631 ], [ 37.498157200000023, 55.4498095 ], [ 37.498534799999987, 55.4500383 ], [ 37.498655, 55.4503985 ], [ 37.498655, 55.4505437 ], [ 37.498655, 55.4506468 ], [ 37.4985177, 55.4508902 ], [ 37.498097100000017, 55.451065400000012 ], [ 37.4969727, 55.4517322 ], [ 37.496165900000015, 55.4523601 ], [ 37.4961336, 55.4523955 ], [ 37.495161700000018, 55.4534602 ], [ 37.494968900000018, 55.4536242 ], [ 37.4940802, 55.454380100000023 ], [ 37.4929301, 55.4551539 ], [ 37.4923293, 55.4556893 ], [ 37.492149, 55.4561663 ], [ 37.492234800000013, 55.4563561 ], [ 37.4925267, 55.4565945 ], [ 37.4929301, 55.456769800000011 ], [ 37.494071600000012, 55.457125 ], [ 37.494912800000016, 55.4574803 ], [ 37.4962517, 55.4580984 ], [ 37.4967667, 55.4585023 ], [ 37.496886900000014, 55.45877 ], [ 37.496861100000011, 55.458964600000023 ], [ 37.496715200000011, 55.45913980000001 ], [ 37.4964148, 55.459324800000012 ], [ 37.4953505, 55.459762700000013 ], [ 37.4934279, 55.460264 ], [ 37.4926297, 55.46042940000001 ], [ 37.491179100000011, 55.4606922 ], [ 37.4903294, 55.4608626 ], [ 37.4899346, 55.4608869 ], [ 37.4895226, 55.4608334 ], [ 37.4886042, 55.4603175 ], [ 37.4873425, 55.45968 ], [ 37.4862353, 55.4589306 ], [ 37.4855057, 55.4585899 ], [ 37.4848277, 55.458268700000019 ], [ 37.484209700000015, 55.4583028 ], [ 37.4832398, 55.458585 ], [ 37.4823042, 55.458964600000023 ], [ 37.480991, 55.459373400000018 ], [ 37.47988380000001, 55.459845500000021 ], [ 37.479265800000015, 55.46042460000001 ], [ 37.4792143, 55.460663 ], [ 37.47823080000002, 55.4605957 ], [ 37.478298, 55.461472400000012 ], [ 37.4767516, 55.461701100000013 ], [ 37.475406900000017, 55.461015 ], [ 37.4700953, 55.4622729 ], [ 37.4645821, 55.4649411 ], [ 37.45799310000001, 55.4654367 ], [ 37.45799310000001, 55.4683333 ], [ 37.463977, 55.4686763 ], [ 37.4645149, 55.470810600000014 ], [ 37.4598084, 55.4703914 ], [ 37.4568501, 55.4727542 ], [ 37.452076400000017, 55.472182500000024 ], [ 37.447235500000012, 55.4750406 ], [ 37.449387, 55.479956 ], [ 37.4477062, 55.48010840000002 ], [ 37.445218500000024, 55.4818992 ], [ 37.43916870000001, 55.479483 ], [ 37.4389955, 55.479355500000011 ], [ 37.438829700000021, 55.4787126 ], [ 37.4345242, 55.4768387 ], [ 37.432231900000012, 55.4762306 ], [ 37.428471400000014, 55.475886 ], [ 37.427100300000014, 55.476260900000014 ], [ 37.4262247, 55.475893 ], [ 37.4286862, 55.4734458 ], [ 37.429736, 55.4717742 ], [ 37.429091, 55.4694207 ], [ 37.427630600000015, 55.4694528 ], [ 37.424548900000012, 55.469847300000012 ], [ 37.421527300000015, 55.468606800000025 ], [ 37.421081900000011, 55.46837750000001 ], [ 37.419623300000019, 55.468700800000015 ], [ 37.415716400000015, 55.466154300000014 ], [ 37.412204400000014, 55.465628200000012 ], [ 37.411257100000014, 55.462932100000017 ], [ 37.4076272, 55.465085300000013 ], [ 37.4050761, 55.4650821 ], [ 37.400377400000018, 55.4669892 ], [ 37.4027853, 55.468499500000014 ], [ 37.39945190000001, 55.4684893 ], [ 37.3945731, 55.46900680000001 ], [ 37.3910316, 55.4666742 ], [ 37.3918762, 55.4656569 ], [ 37.3924964, 55.4641254 ], [ 37.39420650000001, 55.4631642 ], [ 37.388787100000023, 55.457095700000011 ], [ 37.387660400000016, 55.456687 ], [ 37.3867945, 55.4568497 ], [ 37.3850259, 55.4572414 ], [ 37.3844461, 55.4579833 ], [ 37.3836378, 55.4570306 ], [ 37.3864742, 55.4559248 ], [ 37.3864296, 55.4550833 ], [ 37.3869164, 55.4546912 ], [ 37.386833800000019, 55.454084300000012 ], [ 37.3879022, 55.453571800000013 ], [ 37.3865797, 55.4523232 ] ] ], [ [ [ 37.290120600000016, 55.6519195 ], [ 37.289578400000025, 55.651918100000024 ], [ 37.288567200000024, 55.654866700000014 ], [ 37.290874, 55.6552877 ], [ 37.292075499999989, 55.654535600000024 ], [ 37.2926457, 55.6547082 ], [ 37.2929052, 55.6540532 ], [ 37.292555300000011, 55.6536844 ], [ 37.292595, 55.6520467 ], [ 37.2915448, 55.6518656 ], [ 37.290120600000016, 55.6519195 ] ] ] ] } },
{ "type": "Feature", "properties": { "fid": 203, "okrug": 203, "wiki_name": "Город Москва - Орехово-Борисовский одномандатный избирательный округ ", "wiki_pop": 512496, "wiki_terr": "Южный административный округ (район Бирюлево Восточное, район Бирюлево Западное, район Братеево, район Зябликово, район Орехово-Борисово Северное, район Орехово-Борисово Южное, район Царицыно) ", "color": "#33EA6A", "2021_duma_oik196_Иванова": 0.0, "2021_duma_oik196_Крюков": 0.0, "2021_duma_oik196_Малинкович": 0.0, "2021_duma_oik196_Миронова": 0.0, "2021_duma_oik196_Рашкин": 0.0, "2021_duma_oik196_Рвачев": 0.0, "2021_duma_oik196_Стрельникова": 0.0, "2021_duma_oik196_Тарасов": 0.0, "2021_duma_oik196_Федоров": 0.0, "2021_duma_oik196_Янков": 0.0, "2021_duma_oik196_явка": 0.0, "2021_duma_oik196_недействительные": 0.0, "2021_duma_oik197_Гончаров": 0.0, "2021_duma_oik197_Горшкова": 0.0, "2021_duma_oik197_Лобанов": 0.0, "2021_duma_oik197_Меньшиков": 0.0, "2021_duma_oik197_Митина": 0.0, "2021_duma_oik197_Попов": 0.0, "2021_duma_oik197_Раменский": 0.0, "2021_duma_oik197_Соболев": 0.0, "2021_duma_oik197_Тарнавский": 0.0, "2021_duma_oik197_явка": 0.0, "2021_duma_oik197_недействительные": 0.0, "2021_duma_oik198_Брюханова": 0.0, "2021_duma_oik198_Власов": 0.0, "2021_duma_oik198_Голуенко": 0.0, "2021_duma_oik198_Звягинцев": 0.0, "2021_duma_oik198_Катаев": 0.0, "2021_duma_oik198_Литвинович": 0.0, "2021_duma_oik198_Мельников": 0.0, "2021_duma_oik198_Тарбаев": 0.0, "2021_duma_oik198_Хованская": 0.0, "2021_duma_oik198_явка": 0.0, "2021_duma_oik198_недействительные": 0.0, "2021_duma_oik199_Гулина": 0.0, "2021_duma_oik199_Гуличева": 0.0, "2021_duma_oik199_Катков": 0.0, "2021_duma_oik199_Киселёв": 0.0, "2021_duma_oik199_Кульнев": 0.0, "2021_duma_oik199_Прохоренкова": 0.0, "2021_duma_oik199_Рашкин": 0.0, "2021_duma_oik199_Тарасов": 0.0, "2021_duma_oik199_Толстой": 0.0, "2021_duma_oik199_Шах": 0.0, "2021_duma_oik199_Шоладеми": 0.0, "2021_duma_oik199_явка": 0.0, "2021_duma_oik199_недействительные": 0.0, "2021_duma_oik200_Бабушкин": 0.0, "2021_duma_oik200_Вельмакин": 0.0, "2021_duma_oik200_Загребной": 0.0, "2021_duma_oik200_Запотылок": 0.0, "2021_duma_oik200_Орлов": 0.0, "2021_duma_oik200_Парфенов": 0.0, "2021_duma_oik200_Певцов": 0.0, "2021_duma_oik200_Степкин": 0.0, "2021_duma_oik200_явка": 0.0, "2021_duma_oik200_недействительные": 0.0, "2021_duma_oik201_Гаспарян": 0.0, "2021_duma_oik201_Демин": 0.0, "2021_duma_oik201_Куликов": 0.0, "2021_duma_oik201_Разворотнева": 0.0, "2021_duma_oik201_Туманов": 0.0, "2021_duma_oik201_Удалова": 0.0, "2021_duma_oik201_Удальцова": 0.0, "2021_duma_oik201_Черников": 0.0, "2021_duma_oik201_явка": 0.0, "2021_duma_oik201_недействительные": 0.0, "2021_duma_oik202_Гершберг": 0.0, "2021_duma_oik202_Лапшов": 0.0, "2021_duma_oik202_Махницкий": 0.0, "2021_duma_oik202_Михайловский": 0.0, "2021_duma_oik202_Муратова": 0.0, "2021_duma_oik202_Придорожный": 0.0, "2021_duma_oik202_Саблин": 0.0, "2021_duma_oik202_Сиднев": 0.0, "2021_duma_oik202_Суханов": 0.0, "2021_duma_oik202_явка": 0.0, "2021_duma_oik202_недействительные": 0.0, "2021_duma_oik203_Казенков": 7.43, "2021_duma_oik203_Нифантьев": 38.59, "2021_duma_oik203_Пенкин": 1.07, "2021_duma_oik203_Петров": 19.43, "2021_duma_oik203_Смолич": 6.26, "2021_duma_oik203_Турушев": 5.37, "2021_duma_oik203_Шлямина": 1.56, "2021_duma_oik203_Шушлебина": 2.27, "2021_duma_oik203_Юдин": 1.12, "2021_duma_oik203_явка": 47.58, "2021_duma_oik203_недействительные": 2.0, "2021_duma_oik204_Дворак": 0.0, "2021_duma_oik204_Доможирова": 0.0, "2021_duma_oik204_Игнатьев": 0.0, "2021_duma_oik204_Измайлов": 0.0, "2021_duma_oik204_Кавказский": 0.0, "2021_duma_oik204_Курганов": 0.0, "2021_duma_oik204_Курганский": 0.0, "2021_duma_oik204_Монахов": 0.0, "2021_duma_oik204_Пресняков": 0.0, "2021_duma_oik204_Проханов": 0.0, "2021_duma_oik204_Шувалов": 0.0, "2021_duma_oik204_Яшин": 0.0, "2021_duma_oik204_явка": 0.0, "2021_duma_oik204_недействительные": 0.0, "2021_duma_oik205_Демченко": 0.0, "2021_duma_oik205_Загордан": 0.0, "2021_duma_oik205_Ищенко": 0.0, "2021_duma_oik205_Корягина": 0.0, "2021_duma_oik205_Костычева": 0.0, "2021_duma_oik205_Медведев": 0.0, "2021_duma_oik205_Обухов": 0.0, "2021_duma_oik205_Попова": 0.0, "2021_duma_oik205_Сидоров": 0.0, "2021_duma_oik205_явка": 0.0, "2021_duma_oik205_недействительные": 0.0, "2021_duma_oik206_Васильев": 0.0, "2021_duma_oik206_Гребенник": 0.0, "2021_duma_oik206_Иванова": 0.0, "2021_duma_oik206_Копкина": 0.0, "2021_duma_oik206_Мажуга": 0.0, "2021_duma_oik206_Мишарин": 0.0, "2021_duma_oik206_Пономарев": 0.0, "2021_duma_oik206_Цыба": 0.0, "2021_duma_oik206_явка": 0.0, "2021_duma_oik206_недействительные": 0.0, "2021_duma_oik207_Макаренко": 0.0, "2021_duma_oik207_Милованов": 0.0, "2021_duma_oik207_Павлинов": 0.0, "2021_duma_oik207_Пангаев": 0.0, "2021_duma_oik207_Серафонтов": 0.0, "2021_duma_oik207_Соловьев": 0.0, "2021_duma_oik207_Ульянов": 0.0, "2021_duma_oik207_Ульянченко": 0.0, "2021_duma_oik207_Хазин": 0.0, "2021_duma_oik207_Юрченко": 0.0, "2021_duma_oik207_явка": 0.0, "2021_duma_oik207_недействительные": 0.0, "2021_duma_oik208_Кошлаков-Крестовский": 0.0, "2021_duma_oik208_Леонов": 0.0, "2021_duma_oik208_Митрохин": 0.0, "2021_duma_oik208_Останина": 0.0, "2021_duma_oik208_Хараидзе": 0.0, "2021_duma_oik208_Шевченко": 0.0, "2021_duma_oik208_Широков": 0.0, "2021_duma_oik208_Юшин": 0.0, "2021_duma_oik208_Якубович": 0.0, "2021_duma_oik208_Яндиев": 0.0, "2021_duma_oik208_явка": 0.0, "2021_duma_oik208_недействительные": 0.0, "2021_duma_oik209_Волков": 0.0, "2021_duma_oik209_Ильин": 0.0, "2021_duma_oik209_Максимов": 0.0, "2021_duma_oik209_Николаев": 0.0, "2021_duma_oik209_Палюлин": 0.0, "2021_duma_oik209_Румянцев": 0.0, "2021_duma_oik209_Чирков": 0.0, "2021_duma_oik209_Шупеня": 0.0, "2021_duma_oik209_явка": 0.0, "2021_duma_oik209_недействительные": 0.0, "2021_duma_oik210_Буткеев": 0.0, "2021_duma_oik210_Коршунков": 0.0, "2021_duma_oik210_Крапухин": 0.0, "2021_duma_oik210_Начевский": 0.0, "2021_duma_oik210_Романенко": 0.0, "2021_duma_oik210_Смитиенко": 0.0, "2021_duma_oik210_Таранцов": 0.0, "2021_duma_oik210_Таращанский": 0.0, "2021_duma_oik210_Яцевский": 0.0, "2021_duma_oik210_явка": 0.0, "2021_duma_oik210_недействительные": 0.0, "2021_duma_oik196_Иванова_party": null, "2021_duma_oik196_Крюков_party": null, "2021_duma_oik196_Малинкович_party": null, "2021_duma_oik196_Миронова_party": null, "2021_duma_oik196_Рашкин_party": null, "2021_duma_oik196_Рвачев_party": null, "2021_duma_oik196_Стрельникова_party": null, "2021_duma_oik196_Тарасов_party": null, "2021_duma_oik196_Федоров_party": null, "2021_duma_oik196_Янков_party": null, "2021_duma_oik196_явка_party": null, "2021_duma_oik196_недействительные_party": null, "2021_duma_oik197_Гончаров_party": null, "2021_duma_oik197_Горшкова_party": null, "2021_duma_oik197_Лобанов_party": null, "2021_duma_oik197_Меньшиков_party": null, "2021_duma_oik197_Митина_party": null, "2021_duma_oik197_Попов_party": null, "2021_duma_oik197_Раменский_party": null, "2021_duma_oik197_Соболев_party": null, "2021_duma_oik197_Тарнавский_party": null, "2021_duma_oik197_явка_party": null, "2021_duma_oik197_недействительные_party": null, "2021_duma_oik198_Брюханова_party": null, "2021_duma_oik198_Власов_party": null, "2021_duma_oik198_Голуенко_party": null, "2021_duma_oik198_Звягинцев_party": null, "2021_duma_oik198_Катаев_party": null, "2021_duma_oik198_Литвинович_party": null, "2021_duma_oik198_Мельников_party": null, "2021_duma_oik198_Тарбаев_party": null, "2021_duma_oik198_Хованская_party": null, "2021_duma_oik198_явка_party": null, "2021_duma_oik198_недействительные_party": null, "2021_duma_oik199_Гулина_party": null, "2021_duma_oik199_Гуличева_party": null, "2021_duma_oik199_Катков_party": null, "2021_duma_oik199_Киселёв_party": null, "2021_duma_oik199_Кульнев_party": null, "2021_duma_oik199_Прохоренкова_party": null, "2021_duma_oik199_Рашкин_party": null, "2021_duma_oik199_Тарасов_party": null, "2021_duma_oik199_Толстой_party": null, "2021_duma_oik199_Шах_party": null, "2021_duma_oik199_Шоладеми_party": null, "2021_duma_oik199_явка_party": null, "2021_duma_oik199_недействительные_party": null, "2021_duma_oik200_Бабушкин_party": null, "2021_duma_oik200_Вельмакин_party": null, "2021_duma_oik200_Загребной_party": null, "2021_duma_oik200_Запотылок_party": null, "2021_duma_oik200_Орлов_party": null, "2021_duma_oik200_Парфенов_party": null, "2021_duma_oik200_Певцов_party": null, "2021_duma_oik200_Степкин_party": null, "2021_duma_oik200_явка_party": null, "2021_duma_oik200_недействительные_party": null, "2021_duma_oik201_Гаспарян_party": null, "2021_duma_oik201_Демин_party": null, "2021_duma_oik201_Куликов_party": null, "2021_duma_oik201_Разворотнева_party": null, "2021_duma_oik201_Туманов_party": null, "2021_duma_oik201_Удалова_party": null, "2021_duma_oik201_Удальцова_party": null, "2021_duma_oik201_Черников_party": null, "2021_duma_oik201_явка_party": null, "2021_duma_oik201_недействительные_party": null, "2021_duma_oik202_Гершберг_party": null, "2021_duma_oik202_Лапшов_party": null, "2021_duma_oik202_Махницкий_party": null, "2021_duma_oik202_Михайловский_party": null, "2021_duma_oik202_Муратова_party": null, "2021_duma_oik202_Придорожный_party": null, "2021_duma_oik202_Саблин_party": null, "2021_duma_oik202_Сиднев_party": null, "2021_duma_oik202_Суханов_party": null, "2021_duma_oik202_явка_party": null, "2021_duma_oik202_недействительные_party": null, "2021_duma_oik203_Казенков_party": "Справедливая Россия", "2021_duma_oik203_Нифантьев_party": "Единая Россия", "2021_duma_oik203_Пенкин_party": "Партия Роста", "2021_duma_oik203_Петров_party": "КПРФ", "2021_duma_oik203_Смолич_party": "Новые люди", "2021_duma_oik203_Турушев_party": "ЛДПР", "2021_duma_oik203_Шлямина_party": "Зеленая альтернатива", "2021_duma_oik203_Шушлебина_party": "Зеленые", "2021_duma_oik203_Юдин_party": "Гражданская Платформа", "2021_duma_oik203_явка_party": "Неизвестно", "2021_duma_oik203_недействительные_party": "Неизвестно", "2021_duma_oik204_Дворак_party": null, "2021_duma_oik204_Доможирова_party": null, "2021_duma_oik204_Игнатьев_party": null, "2021_duma_oik204_Измайлов_party": null, "2021_duma_oik204_Кавказский_party": null, "2021_duma_oik204_Курганов_party": null, "2021_duma_oik204_Курганский_party": null, "2021_duma_oik204_Монахов_party": null, "2021_duma_oik204_Пресняков_party": null, "2021_duma_oik204_Проханов_party": null, "2021_duma_oik204_Шувалов_party": null, "2021_duma_oik204_Яшин_party": null, "2021_duma_oik204_явка_party": null, "2021_duma_oik204_недействительные_party": null, "2021_duma_oik205_Демченко_party": null, "2021_duma_oik205_Загордан_party": null, "2021_duma_oik205_Ищенко_party": null, "2021_duma_oik205_Корягина_party": null, "2021_duma_oik205_Костычева_party": null, "2021_duma_oik205_Медведев_party": null, "2021_duma_oik205_Обухов_party": null, "2021_duma_oik205_Попова_party": null, "2021_duma_oik205_Сидоров_party": null, "2021_duma_oik205_явка_party": null, "2021_duma_oik205_недействительные_party": null, "2021_duma_oik206_Васильев_party": null, "2021_duma_oik206_Гребенник_party": null, "2021_duma_oik206_Иванова_party": null, "2021_duma_oik206_Копкина_party": null, "2021_duma_oik206_Мажуга_party": null, "2021_duma_oik206_Мишарин_party": null, "2021_duma_oik206_Пономарев_party": null, "2021_duma_oik206_Цыба_party": null, "2021_duma_oik206_явка_party": null, "2021_duma_oik206_недействительные_party": null, "2021_duma_oik207_Макаренко_party": null, "2021_duma_oik207_Милованов_party": null, "2021_duma_oik207_Павлинов_party": null, "2021_duma_oik207_Пангаев_party": null, "2021_duma_oik207_Серафонтов_party": null, "2021_duma_oik207_Соловьев_party": null, "2021_duma_oik207_Ульянов_party": null, "2021_duma_oik207_Ульянченко_party": null, "2021_duma_oik207_Хазин_party": null, "2021_duma_oik207_Юрченко_party": null, "2021_duma_oik207_явка_party": null, "2021_duma_oik207_недействительные_party": null, "2021_duma_oik208_Кошлаков-Крестовский_party": null, "2021_duma_oik208_Леонов_party": null, "2021_duma_oik208_Митрохин_party": null, "2021_duma_oik208_Останина_party": null, "2021_duma_oik208_Хараидзе_party": null, "2021_duma_oik208_Шевченко_party": null, "2021_duma_oik208_Широков_party": null, "2021_duma_oik208_Юшин_party": null, "2021_duma_oik208_Якубович_party": null, "2021_duma_oik208_Яндиев_party": null, "2021_duma_oik208_явка_party": null, "2021_duma_oik208_недействительные_party": null, "2021_duma_oik209_Волков_party": null, "2021_duma_oik209_Ильин_party": null, "2021_duma_oik209_Максимов_party": null, "2021_duma_oik209_Николаев_party": null, "2021_duma_oik209_Палюлин_party": null, "2021_duma_oik209_Румянцев_party": null, "2021_duma_oik209_Чирков_party": null, "2021_duma_oik209_Шупеня_party": null, "2021_duma_oik209_явка_party": null, "2021_duma_oik209_недействительные_party": null, "2021_duma_oik210_Буткеев_party": null, "2021_duma_oik210_Коршунков_party": null, "2021_duma_oik210_Крапухин_party": null, "2021_duma_oik210_Начевский_party": null, "2021_duma_oik210_Романенко_party": null, "2021_duma_oik210_Смитиенко_party": null, "2021_duma_oik210_Таранцов_party": null, "2021_duma_oik210_Таращанский_party": null, "2021_duma_oik210_Яцевский_party": null, "2021_duma_oik210_явка_party": null, "2021_duma_oik210_недействительные_party": null }, "geometry": { "type": "MultiPolygon", "coordinates": [ [ [ [ 37.664356300000016, 55.571623 ], [ 37.6634287, 55.5716593 ], [ 37.6590501, 55.57192430000002 ], [ 37.656867499999983, 55.5721218 ], [ 37.655794, 55.5721808 ], [ 37.6545428, 55.5722495 ], [ 37.653897, 55.572285 ], [ 37.653162800000018, 55.5720761 ], [ 37.6528297, 55.57199940000001 ], [ 37.652646800000014, 55.5720043 ], [ 37.6522806, 55.5720045 ], [ 37.6517895, 55.572002 ], [ 37.65156480000001, 55.57199090000001 ], [ 37.651268500000015, 55.571978800000025 ], [ 37.651132300000015, 55.571964900000012 ], [ 37.6509785, 55.571919800000018 ], [ 37.650858800000016, 55.571838100000015 ], [ 37.6507517, 55.5717346 ], [ 37.6504911, 55.571831600000017 ], [ 37.650533200000012, 55.5719236 ], [ 37.6505588, 55.5720054 ], [ 37.6504831, 55.572163 ], [ 37.65035120000001, 55.5722851 ], [ 37.650235, 55.5723383 ], [ 37.6500034, 55.5724198 ], [ 37.6496649, 55.572478800000013 ], [ 37.645667900000021, 55.5727127 ], [ 37.642440200000017, 55.572906 ], [ 37.637766, 55.5731755 ], [ 37.6350319, 55.573336 ], [ 37.6350402, 55.5734491 ], [ 37.632901400000016, 55.5735341 ], [ 37.632929700000012, 55.57345930000001 ], [ 37.6307328, 55.573588100000016 ], [ 37.6307833, 55.573624 ], [ 37.62850310000001, 55.57375780000001 ], [ 37.6284301, 55.573723300000012 ], [ 37.623308399999985, 55.5740243 ], [ 37.6178512, 55.5743618 ], [ 37.613125200000013, 55.574630900000024 ], [ 37.614558900000013, 55.586132100000022 ], [ 37.615157900000014, 55.589931700000022 ], [ 37.615236300000014, 55.590147 ], [ 37.6153055, 55.5903578 ], [ 37.6153361, 55.5904448 ], [ 37.615526, 55.590876800000011 ], [ 37.615736700000021, 55.591315700000017 ], [ 37.6162455, 55.591978400000023 ], [ 37.617280500000021, 55.5931452 ], [ 37.6193555, 55.594760100000016 ], [ 37.6210351, 55.5957404 ], [ 37.623427100000015, 55.596863800000015 ], [ 37.626352600000018, 55.5981444 ], [ 37.6281622, 55.599252100000015 ], [ 37.631879400000017, 55.6029798 ], [ 37.6324055, 55.603494 ], [ 37.63321770000001, 55.6042536 ], [ 37.6351132, 55.606032 ], [ 37.636326, 55.6072044 ], [ 37.6374588, 55.6083022 ], [ 37.6378106, 55.608612800000017 ], [ 37.6387351, 55.6093581 ], [ 37.639935, 55.6101068 ], [ 37.640652800000019, 55.6104566 ], [ 37.6407597, 55.6105077 ], [ 37.640591, 55.6106097 ], [ 37.6388084, 55.611703 ], [ 37.638418600000016, 55.6119556 ], [ 37.637349200000024, 55.6126483 ], [ 37.636147600000015, 55.613642 ], [ 37.634946, 55.61495080000001 ], [ 37.634147700000014, 55.616089800000012 ], [ 37.6341306, 55.616114199999984 ], [ 37.633401, 55.6173986 ], [ 37.6327705, 55.618428 ], [ 37.6322423, 55.6194343 ], [ 37.6308168, 55.6218441 ], [ 37.6301651, 55.6230422 ], [ 37.6288479, 55.6254624 ], [ 37.628353400000016, 55.6271025 ], [ 37.627418, 55.6310394 ], [ 37.6271724, 55.63198280000001 ], [ 37.62705960000001, 55.632418700000031 ], [ 37.626974099999984, 55.6327523 ], [ 37.6268388, 55.6332768 ], [ 37.6251623, 55.639732800000012 ], [ 37.6250933, 55.640011 ], [ 37.625433600000015, 55.640008300000027 ], [ 37.6256804, 55.640008300000027 ], [ 37.626098800000022, 55.6400022 ], [ 37.626828300000021, 55.6400022 ], [ 37.6274721, 55.6399295 ], [ 37.6278296, 55.639895100000011 ], [ 37.628488200000021, 55.639796 ], [ 37.6288422, 55.6397898 ], [ 37.629098200000016, 55.639821 ], [ 37.629274500000022, 55.6398448 ], [ 37.6295749, 55.6398145 ], [ 37.6298646, 55.6398629 ], [ 37.6302401, 55.639856900000012 ], [ 37.630529800000012, 55.639790300000016 ], [ 37.6308731, 55.639699399999984 ], [ 37.6311306, 55.6396752 ], [ 37.6314632, 55.639657100000015 ], [ 37.631667, 55.6396692 ], [ 37.632064, 55.6396752 ], [ 37.6323966, 55.639663100000014 ], [ 37.6326648, 55.6396449 ], [ 37.632976, 55.639663100000014 ], [ 37.633812800000015, 55.63976 ], [ 37.6343171, 55.639693400000013 ], [ 37.6349286, 55.63974790000001 ], [ 37.635357800000023, 55.6397782 ], [ 37.6357869, 55.6397963 ], [ 37.6361624, 55.639693400000013 ], [ 37.639096700000024, 55.6405419 ], [ 37.641758, 55.640671700000013 ], [ 37.641491200000011, 55.6394387 ], [ 37.641424800000017, 55.639167 ], [ 37.6413973, 55.639039200000013 ], [ 37.6413448, 55.6387946 ], [ 37.6413919, 55.638712100000021 ], [ 37.6416193, 55.6386134 ], [ 37.642126800000014, 55.638552300000015 ], [ 37.6427669, 55.6384838 ], [ 37.642947400000018, 55.63846860000001 ], [ 37.643597300000017, 55.638400800000014 ], [ 37.6439083, 55.6383696 ], [ 37.644161, 55.638346300000016 ], [ 37.6448728, 55.6382778 ], [ 37.6469598, 55.63812570000001 ], [ 37.6470378, 55.638117700000016 ], [ 37.647685, 55.6380821 ], [ 37.6482922, 55.6380368 ], [ 37.6498792, 55.63792590000002 ], [ 37.6523343, 55.6377453 ], [ 37.652616, 55.6377286 ], [ 37.654505, 55.637586300000024 ], [ 37.6548185, 55.6375641 ], [ 37.6547261, 55.6377409 ], [ 37.654725300000024, 55.6383489 ], [ 37.6549182, 55.6383432 ], [ 37.6551168, 55.638340500000012 ], [ 37.6561303, 55.6383091 ], [ 37.656380400000018, 55.6382974 ], [ 37.656657800000019, 55.6382759 ], [ 37.6571567, 55.638245 ], [ 37.6575523, 55.638212299999985 ], [ 37.6581585, 55.6381529 ], [ 37.6588089, 55.6381028 ], [ 37.6608434, 55.6379462 ], [ 37.6612965, 55.6379182 ], [ 37.6615131, 55.63790250000001 ], [ 37.661764700000013, 55.6378858 ], [ 37.6621854, 55.63785840000002 ], [ 37.6623535, 55.6378473 ], [ 37.662864300000017, 55.6378137 ], [ 37.662968, 55.6378056 ], [ 37.663074200000011, 55.637795900000015 ], [ 37.664423700000015, 55.637709600000015 ], [ 37.6658802, 55.6376129 ], [ 37.666334700000014, 55.637581600000011 ], [ 37.6676126, 55.637488700000013 ], [ 37.6679762, 55.6374644 ], [ 37.66807390000001, 55.637459 ], [ 37.6693094, 55.63737990000002 ], [ 37.671923, 55.637200100000022 ], [ 37.6729028, 55.637128800000028 ], [ 37.673569, 55.6370869 ], [ 37.673670499999986, 55.637080500000017 ], [ 37.6739422, 55.6370629 ], [ 37.6740741, 55.637056800000018 ], [ 37.6742729, 55.637050600000023 ], [ 37.6743579, 55.6370483 ], [ 37.674852500000014, 55.637015800000015 ], [ 37.675943900000014, 55.636947 ], [ 37.676241, 55.6369309 ], [ 37.6767131, 55.6369061 ], [ 37.6775283, 55.636857800000023 ], [ 37.6784511, 55.6368072 ], [ 37.680183900000017, 55.636686700000013 ], [ 37.6808263, 55.636649600000013 ], [ 37.680875300000011, 55.6366477 ], [ 37.6809681, 55.63664390000001 ], [ 37.6818714, 55.6366279 ], [ 37.6824661, 55.636615200000023 ], [ 37.6826484, 55.636610300000015 ], [ 37.6828127, 55.636604400000024 ], [ 37.6851282, 55.6364951 ], [ 37.6858192, 55.6364623 ], [ 37.6860052, 55.6364514 ], [ 37.686248500000012, 55.636378100000023 ], [ 37.6868134, 55.6363325 ], [ 37.6869402, 55.6366526 ], [ 37.6872275, 55.636623099999987 ], [ 37.6874047, 55.6366565 ], [ 37.687556500000014, 55.636723100000012 ], [ 37.687742, 55.636694499999983 ], [ 37.6878865, 55.6365191 ], [ 37.6880385, 55.6362909 ], [ 37.688086799999986, 55.636121299999985 ], [ 37.688218100000014, 55.6359135 ], [ 37.6882742, 55.635777 ], [ 37.6883304, 55.6356283 ], [ 37.6884167, 55.6353919 ], [ 37.68845910000001, 55.6352921 ], [ 37.688591700000011, 55.6351112 ], [ 37.6888156, 55.6349215 ], [ 37.6892125, 55.6347724 ], [ 37.689397700000015, 55.6346195 ], [ 37.689588400000012, 55.634469700000018 ], [ 37.689984, 55.6343745 ], [ 37.690334900000025, 55.6342527 ], [ 37.6905076, 55.6341186 ], [ 37.69054, 55.633993700000026 ], [ 37.6903781, 55.633929700000017 ], [ 37.690162100000023, 55.633850500000015 ], [ 37.689925800000012, 55.633800800000017 ], [ 37.689502900000015, 55.6336769 ], [ 37.689435300000021, 55.6335879 ], [ 37.689475600000016, 55.6332053 ], [ 37.6901739, 55.632419400000011 ], [ 37.6893268, 55.6279256 ], [ 37.6919653, 55.6279323 ], [ 37.6927896, 55.6279215 ], [ 37.6939837, 55.628135 ], [ 37.696092300000011, 55.628978700000012 ], [ 37.7017642, 55.629609800000011 ], [ 37.702357200000016, 55.6297167 ], [ 37.7044241, 55.6297835 ], [ 37.7073453, 55.6307468 ], [ 37.7095002, 55.6309428 ], [ 37.7099409, 55.6309647 ], [ 37.7158954, 55.6312037 ], [ 37.7283728, 55.630865 ], [ 37.72909940000001, 55.63076430000001 ], [ 37.7294836, 55.6315337 ], [ 37.7295403, 55.631917500000014 ], [ 37.729569500000011, 55.6321151 ], [ 37.7292758, 55.6326732 ], [ 37.72905410000002, 55.632796599999985 ], [ 37.7288793, 55.6327878 ], [ 37.7285796, 55.632923500000018 ], [ 37.728298600000016, 55.633089200000022 ], [ 37.7281986, 55.633046900000018 ], [ 37.7278965, 55.6332713 ], [ 37.7278756, 55.6332676 ], [ 37.7277685, 55.6333436 ], [ 37.727708900000017, 55.633417100000024 ], [ 37.7276603, 55.633514300000023 ], [ 37.7276879, 55.6335256 ], [ 37.727615, 55.6338003 ], [ 37.7276769, 55.6338166 ], [ 37.7274941, 55.634026 ], [ 37.727255800000016, 55.6342039 ], [ 37.7271556, 55.635117 ], [ 37.727126700000014, 55.6352564 ], [ 37.727683, 55.6352494 ], [ 37.727742300000017, 55.6354212 ], [ 37.7282384, 55.6367798 ], [ 37.7295024, 55.6408925 ], [ 37.745381100000024, 55.639899400000019 ], [ 37.749586800000017, 55.640626 ], [ 37.766195, 55.64544570000001 ], [ 37.766919099999988, 55.645621 ], [ 37.7797992, 55.648739100000014 ], [ 37.783447, 55.6485454 ], [ 37.785335300000014, 55.6473346 ], [ 37.785506900000016, 55.645106600000013 ], [ 37.7838332, 55.6425879 ], [ 37.78426240000001, 55.638325 ], [ 37.7850349, 55.63326230000002 ], [ 37.7867086, 55.6302582 ], [ 37.7897556, 55.6257517 ], [ 37.792532, 55.6237147 ], [ 37.793561, 55.6229597 ], [ 37.792127200000017, 55.622169200000023 ], [ 37.791992400000012, 55.622306900000012 ], [ 37.7882885, 55.6204411 ], [ 37.7883561, 55.6203781 ], [ 37.7868251, 55.6196597 ], [ 37.784968900000024, 55.6186662 ], [ 37.784844800000016, 55.6187361 ], [ 37.7839764, 55.618256 ], [ 37.7838571, 55.6181907 ], [ 37.7837977, 55.6181101 ], [ 37.7837458, 55.6180111 ], [ 37.783725900000015, 55.6179092 ], [ 37.7837738, 55.617767299999983 ], [ 37.783942900000014, 55.6176209 ], [ 37.7841219, 55.6175381 ], [ 37.7843355, 55.617454600000023 ], [ 37.7846347, 55.617412 ], [ 37.7848989, 55.6173901 ], [ 37.785170400000013, 55.6173716 ], [ 37.7854399, 55.6173478 ], [ 37.7857604, 55.617336 ], [ 37.7860638, 55.61732 ], [ 37.786248, 55.6172862 ], [ 37.7865269, 55.617230800000016 ], [ 37.786704, 55.6171366 ], [ 37.7869697, 55.6170019 ], [ 37.7871692, 55.6169034 ], [ 37.787121700000014, 55.616847600000014 ], [ 37.7869133, 55.616602500000013 ], [ 37.786726, 55.61670280000002 ], [ 37.786283200000014, 55.6167732 ], [ 37.785768700000013, 55.616797 ], [ 37.7853895, 55.6168077 ], [ 37.7850531, 55.6168196 ], [ 37.784748, 55.616831699999985 ], [ 37.7835445, 55.6168749 ], [ 37.7833119, 55.616888900000014 ], [ 37.7829478, 55.616911100000017 ], [ 37.7827236, 55.6169232 ], [ 37.7826089, 55.6169218 ], [ 37.782321, 55.616927700000019 ], [ 37.7820417, 55.61692 ], [ 37.7817868, 55.6169076 ], [ 37.780725600000018, 55.6163472 ], [ 37.7802524, 55.6161023 ], [ 37.7801298, 55.6161594 ], [ 37.7762494, 55.614004800000018 ], [ 37.7713055, 55.611274400000021 ], [ 37.766723, 55.6086402 ], [ 37.765051900000024, 55.607750600000024 ], [ 37.7630281, 55.606609500000019 ], [ 37.762281700000017, 55.6062489 ], [ 37.762271100000014, 55.6061494 ], [ 37.761089, 55.6055198 ], [ 37.7572893, 55.603425 ], [ 37.75383140000001, 55.60159740000001 ], [ 37.7507263, 55.6002133 ], [ 37.7484849, 55.5992737 ], [ 37.746705100000014, 55.598527600000011 ], [ 37.7411801, 55.5962142 ], [ 37.73695020000001, 55.5944435 ], [ 37.733529, 55.592977900000022 ], [ 37.7331991, 55.5927468 ], [ 37.732924700000012, 55.592520900000025 ], [ 37.732744399999987, 55.592343600000021 ], [ 37.732545900000012, 55.5921338 ], [ 37.73247, 55.591925299999986 ], [ 37.7323985, 55.5917251 ], [ 37.732314500000022, 55.5915102 ], [ 37.7322363, 55.591295399999986 ], [ 37.732165900000012, 55.5911024 ], [ 37.7320986, 55.590914400000017 ], [ 37.7320418, 55.590709900000014 ], [ 37.7320142, 55.590585300000015 ], [ 37.7319993, 55.5904545 ], [ 37.7319946, 55.590358100000017 ], [ 37.7319907, 55.590263200000024 ], [ 37.731996, 55.5900768 ], [ 37.7320406, 55.589934900000024 ], [ 37.7321392, 55.589770700000017 ], [ 37.7322422, 55.589641900000011 ], [ 37.7323247, 55.5895438 ], [ 37.732413800000018, 55.5894466 ], [ 37.7325738, 55.589318500000012 ], [ 37.732804200000011, 55.5891672 ], [ 37.7321735, 55.588797300000017 ], [ 37.731540600000017, 55.5891003 ], [ 37.7312787, 55.589220200000021 ], [ 37.73114420000001, 55.589309 ], [ 37.730844100000013, 55.589467700000014 ], [ 37.7306338, 55.5895625 ], [ 37.730436900000015, 55.589672200000017 ], [ 37.730252300000018, 55.589712500000026 ], [ 37.7288608, 55.5898756 ], [ 37.72837, 55.5899339 ], [ 37.7269732, 55.5900823 ], [ 37.7263489, 55.5900666 ], [ 37.725271400000011, 55.58961810000001 ], [ 37.7245037, 55.5893131 ], [ 37.724051, 55.5891333 ], [ 37.719658100000011, 55.5873263 ], [ 37.7161644, 55.5860004 ], [ 37.715998099999986, 55.5858934 ], [ 37.715551, 55.585741400000018 ], [ 37.7129495, 55.584803 ], [ 37.7113804, 55.584236900000015 ], [ 37.7101099, 55.58377 ], [ 37.7082445, 55.5830899 ], [ 37.7075249, 55.582821900000013 ], [ 37.7062193, 55.582333800000022 ], [ 37.70464410000001, 55.581748 ], [ 37.704748, 55.58165650000003 ], [ 37.7034259, 55.5811787 ], [ 37.7032964, 55.5812799 ], [ 37.700929, 55.580395900000021 ], [ 37.7010582, 55.580272900000011 ], [ 37.700297100000014, 55.5799928 ], [ 37.6994007, 55.5796826 ], [ 37.6990521, 55.5795532 ], [ 37.696436300000016, 55.5785494 ], [ 37.6926914, 55.577159800000018 ], [ 37.6925643, 55.577124600000019 ], [ 37.6922378, 55.5768748 ], [ 37.69209140000001, 55.576752500000019 ], [ 37.691912100000025, 55.5766055 ], [ 37.6917887, 55.5764074 ], [ 37.6917621, 55.5761893 ], [ 37.6916838, 55.575992900000017 ], [ 37.691637600000021, 55.575812500000026 ], [ 37.691601100000014, 55.5756505 ], [ 37.691559300000016, 55.5754959 ], [ 37.691507100000017, 55.5753212 ], [ 37.6914689, 55.5750967 ], [ 37.6914206, 55.574943 ], [ 37.6913799, 55.574784800000025 ], [ 37.6913784, 55.5746385 ], [ 37.691369900000019, 55.5744408 ], [ 37.691364100000015, 55.574262100000013 ], [ 37.6914082, 55.5741024 ], [ 37.691445, 55.573920600000015 ], [ 37.6914795, 55.573785600000015 ], [ 37.691518400000014, 55.573678800000025 ], [ 37.6915538, 55.573588700000023 ], [ 37.6915851, 55.573404400000022 ], [ 37.6916004, 55.5732358 ], [ 37.691653200000012, 55.573127300000017 ], [ 37.691720600000011, 55.572949800000011 ], [ 37.6917456, 55.5728184 ], [ 37.690924600000024, 55.5723191 ], [ 37.690779500000012, 55.572478400000016 ], [ 37.6906464, 55.572666699999978 ], [ 37.690505800000011, 55.5728356 ], [ 37.6904333, 55.5729251 ], [ 37.6902706, 55.5730157 ], [ 37.689939600000024, 55.5731852 ], [ 37.6896364, 55.573294 ], [ 37.689447200000011, 55.5733804 ], [ 37.68915530000001, 55.5734796 ], [ 37.6887523, 55.573579 ], [ 37.6884051, 55.5736596 ], [ 37.688151, 55.573716700000013 ], [ 37.6876849, 55.573804600000017 ], [ 37.6873881, 55.573859100000014 ], [ 37.686944700000012, 55.5739271 ], [ 37.6864906, 55.5740027 ], [ 37.6858456, 55.5740918 ], [ 37.6855443, 55.574108900000013 ], [ 37.685182300000015, 55.5741203 ], [ 37.6849026, 55.574090500000011 ], [ 37.684567200000011, 55.574054600000018 ], [ 37.6830843, 55.573668499999989 ], [ 37.680734099999988, 55.572917800000013 ], [ 37.676049400000018, 55.5720884 ], [ 37.670723600000017, 55.5716683 ], [ 37.666374799999986, 55.571667600000019 ], [ 37.664356300000016, 55.571623 ] ] ] ] } },
{ "type": "Feature", "properties": { "fid": 204, "okrug": 204, "wiki_name": "Город Москва - Перовский одномандатный избирательный округ ", "wiki_pop": 482016, "wiki_terr": "Восточный административный округ (район Вешняки, район Косино-Ухтомский, район Новогиреево, район Новокосино, район Перово); Юго-Восточный административный округ (Нижегородский район, район Некрасовка, Рязанский район, район Текстильщики) ", "color": "#E3316F", "2021_duma_oik196_Иванова": 0.0, "2021_duma_oik196_Крюков": 0.0, "2021_duma_oik196_Малинкович": 0.0, "2021_duma_oik196_Миронова": 0.0, "2021_duma_oik196_Рашкин": 0.0, "2021_duma_oik196_Рвачев": 0.0, "2021_duma_oik196_Стрельникова": 0.0, "2021_duma_oik196_Тарасов": 0.0, "2021_duma_oik196_Федоров": 0.0, "2021_duma_oik196_Янков": 0.0, "2021_duma_oik196_явка": 0.0, "2021_duma_oik196_недействительные": 0.0, "2021_duma_oik197_Гончаров": 0.0, "2021_duma_oik197_Горшкова": 0.0, "2021_duma_oik197_Лобанов": 0.0, "2021_duma_oik197_Меньшиков": 0.0, "2021_duma_oik197_Митина": 0.0, "2021_duma_oik197_Попов": 0.0, "2021_duma_oik197_Раменский": 0.0, "2021_duma_oik197_Соболев": 0.0, "2021_duma_oik197_Тарнавский": 0.0, "2021_duma_oik197_явка": 0.0, "2021_duma_oik197_недействительные": 0.0, "2021_duma_oik198_Брюханова": 0.0, "2021_duma_oik198_Власов": 0.0, "2021_duma_oik198_Голуенко": 0.0, "2021_duma_oik198_Звягинцев": 0.0, "2021_duma_oik198_Катаев": 0.0, "2021_duma_oik198_Литвинович": 0.0, "2021_duma_oik198_Мельников": 0.0, "2021_duma_oik198_Тарбаев": 0.0, "2021_duma_oik198_Хованская": 0.0, "2021_duma_oik198_явка": 0.0, "2021_duma_oik198_недействительные": 0.0, "2021_duma_oik199_Гулина": 0.0, "2021_duma_oik199_Гуличева": 0.0, "2021_duma_oik199_Катков": 0.0, "2021_duma_oik199_Киселёв": 0.0, "2021_duma_oik199_Кульнев": 0.0, "2021_duma_oik199_Прохоренкова": 0.0, "2021_duma_oik199_Рашкин": 0.0, "2021_duma_oik199_Тарасов": 0.0, "2021_duma_oik199_Толстой": 0.0, "2021_duma_oik199_Шах": 0.0, "2021_duma_oik199_Шоладеми": 0.0, "2021_duma_oik199_явка": 0.0, "2021_duma_oik199_недействительные": 0.0, "2021_duma_oik200_Бабушкин": 0.0, "2021_duma_oik200_Вельмакин": 0.0, "2021_duma_oik200_Загребной": 0.0, "2021_duma_oik200_Запотылок": 0.0, "2021_duma_oik200_Орлов": 0.0, "2021_duma_oik200_Парфенов": 0.0, "2021_duma_oik200_Певцов": 0.0, "2021_duma_oik200_Степкин": 0.0, "2021_duma_oik200_явка": 0.0, "2021_duma_oik200_недействительные": 0.0, "2021_duma_oik201_Гаспарян": 0.0, "2021_duma_oik201_Демин": 0.0, "2021_duma_oik201_Куликов": 0.0, "2021_duma_oik201_Разворотнева": 0.0, "2021_duma_oik201_Туманов": 0.0, "2021_duma_oik201_Удалова": 0.0, "2021_duma_oik201_Удальцова": 0.0, "2021_duma_oik201_Черников": 0.0, "2021_duma_oik201_явка": 0.0, "2021_duma_oik201_недействительные": 0.0, "2021_duma_oik202_Гершберг": 0.0, "2021_duma_oik202_Лапшов": 0.0, "2021_duma_oik202_Махницкий": 0.0, "2021_duma_oik202_Михайловский": 0.0, "2021_duma_oik202_Муратова": 0.0, "2021_duma_oik202_Придорожный": 0.0, "2021_duma_oik202_Саблин": 0.0, "2021_duma_oik202_Сиднев": 0.0, "2021_duma_oik202_Суханов": 0.0, "2021_duma_oik202_явка": 0.0, "2021_duma_oik202_недействительные": 0.0, "2021_duma_oik203_Казенков": 0.0, "2021_duma_oik203_Нифантьев": 0.0, "2021_duma_oik203_Пенкин": 0.0, "2021_duma_oik203_Петров": 0.0, "2021_duma_oik203_Смолич": 0.0, "2021_duma_oik203_Турушев": 0.0, "2021_duma_oik203_Шлямина": 0.0, "2021_duma_oik203_Шушлебина": 0.0, "2021_duma_oik203_Юдин": 0.0, "2021_duma_oik203_явка": 0.0, "2021_duma_oik203_недействительные": 0.0, "2021_duma_oik204_Дворак": 4.9, "2021_duma_oik204_Доможирова": 6.17, "2021_duma_oik204_Игнатьев": 4.63, "2021_duma_oik204_Измайлов": 0.98, "2021_duma_oik204_Кавказский": 2.8, "2021_duma_oik204_Курганов": 4.55, "2021_duma_oik204_Курганский": 20.61, "2021_duma_oik204_Монахов": 3.98, "2021_duma_oik204_Пресняков": 2.06, "2021_duma_oik204_Проханов": 3.35, "2021_duma_oik204_Шувалов": 1.32, "2021_duma_oik204_Яшин": 1.11, "2021_duma_oik204_явка": 50.44, "2021_duma_oik204_недействительные": 2.06, "2021_duma_oik205_Демченко": 0.0, "2021_duma_oik205_Загордан": 0.0, "2021_duma_oik205_Ищенко": 0.0, "2021_duma_oik205_Корягина": 0.0, "2021_duma_oik205_Костычева": 0.0, "2021_duma_oik205_Медведев": 0.0, "2021_duma_oik205_Обухов": 0.0, "2021_duma_oik205_Попова": 0.0, "2021_duma_oik205_Сидоров": 0.0, "2021_duma_oik205_явка": 0.0, "2021_duma_oik205_недействительные": 0.0, "2021_duma_oik206_Васильев": 0.0, "2021_duma_oik206_Гребенник": 0.0, "2021_duma_oik206_Иванова": 0.0, "2021_duma_oik206_Копкина": 0.0, "2021_duma_oik206_Мажуга": 0.0, "2021_duma_oik206_Мишарин": 0.0, "2021_duma_oik206_Пономарев": 0.0, "2021_duma_oik206_Цыба": 0.0, "2021_duma_oik206_явка": 0.0, "2021_duma_oik206_недействительные": 0.0, "2021_duma_oik207_Макаренко": 0.0, "2021_duma_oik207_Милованов": 0.0, "2021_duma_oik207_Павлинов": 0.0, "2021_duma_oik207_Пангаев": 0.0, "2021_duma_oik207_Серафонтов": 0.0, "2021_duma_oik207_Соловьев": 0.0, "2021_duma_oik207_Ульянов": 0.0, "2021_duma_oik207_Ульянченко": 0.0, "2021_duma_oik207_Хазин": 0.0, "2021_duma_oik207_Юрченко": 0.0, "2021_duma_oik207_явка": 0.0, "2021_duma_oik207_недействительные": 0.0, "2021_duma_oik208_Кошлаков-Крестовский": 0.0, "2021_duma_oik208_Леонов": 0.0, "2021_duma_oik208_Митрохин": 0.0, "2021_duma_oik208_Останина": 0.0, "2021_duma_oik208_Хараидзе": 0.0, "2021_duma_oik208_Шевченко": 0.0, "2021_duma_oik208_Широков": 0.0, "2021_duma_oik208_Юшин": 0.0, "2021_duma_oik208_Якубович": 0.0, "2021_duma_oik208_Яндиев": 0.0, "2021_duma_oik208_явка": 0.0, "2021_duma_oik208_недействительные": 0.0, "2021_duma_oik209_Волков": 0.0, "2021_duma_oik209_Ильин": 0.0, "2021_duma_oik209_Максимов": 0.0, "2021_duma_oik209_Николаев": 0.0, "2021_duma_oik209_Палюлин": 0.0, "2021_duma_oik209_Румянцев": 0.0, "2021_duma_oik209_Чирков": 0.0, "2021_duma_oik209_Шупеня": 0.0, "2021_duma_oik209_явка": 0.0, "2021_duma_oik209_недействительные": 0.0, "2021_duma_oik210_Буткеев": 0.0, "2021_duma_oik210_Коршунков": 0.0, "2021_duma_oik210_Крапухин": 0.0, "2021_duma_oik210_Начевский": 0.0, "2021_duma_oik210_Романенко": 0.0, "2021_duma_oik210_Смитиенко": 0.0, "2021_duma_oik210_Таранцов": 0.0, "2021_duma_oik210_Таращанский": 0.0, "2021_duma_oik210_Яцевский": 0.0, "2021_duma_oik210_явка": 0.0, "2021_duma_oik210_недействительные": 0.0, "2021_duma_oik196_Иванова_party": null, "2021_duma_oik196_Крюков_party": null, "2021_duma_oik196_Малинкович_party": null, "2021_duma_oik196_Миронова_party": null, "2021_duma_oik196_Рашкин_party": null, "2021_duma_oik196_Рвачев_party": null, "2021_duma_oik196_Стрельникова_party": null, "2021_duma_oik196_Тарасов_party": null, "2021_duma_oik196_Федоров_party": null, "2021_duma_oik196_Янков_party": null, "2021_duma_oik196_явка_party": null, "2021_duma_oik196_недействительные_party": null, "2021_duma_oik197_Гончаров_party": null, "2021_duma_oik197_Горшкова_party": null, "2021_duma_oik197_Лобанов_party": null, "2021_duma_oik197_Меньшиков_party": null, "2021_duma_oik197_Митина_party": null, "2021_duma_oik197_Попов_party": null, "2021_duma_oik197_Раменский_party": null, "2021_duma_oik197_Соболев_party": null, "2021_duma_oik197_Тарнавский_party": null, "2021_duma_oik197_явка_party": null, "2021_duma_oik197_недействительные_party": null, "2021_duma_oik198_Брюханова_party": null, "2021_duma_oik198_Власов_party": null, "2021_duma_oik198_Голуенко_party": null, "2021_duma_oik198_Звягинцев_party": null, "2021_duma_oik198_Катаев_party": null, "2021_duma_oik198_Литвинович_party": null, "2021_duma_oik198_Мельников_party": null, "2021_duma_oik198_Тарбаев_party": null, "2021_duma_oik198_Хованская_party": null, "2021_duma_oik198_явка_party": null, "2021_duma_oik198_недействительные_party": null, "2021_duma_oik199_Гулина_party": null, "2021_duma_oik199_Гуличева_party": null, "2021_duma_oik199_Катков_party": null, "2021_duma_oik199_Киселёв_party": null, "2021_duma_oik199_Кульнев_party": null, "2021_duma_oik199_Прохоренкова_party": null, "2021_duma_oik199_Рашкин_party": null, "2021_duma_oik199_Тарасов_party": null, "2021_duma_oik199_Толстой_party": null, "2021_duma_oik199_Шах_party": null, "2021_duma_oik199_Шоладеми_party": null, "2021_duma_oik199_явка_party": null, "2021_duma_oik199_недействительные_party": null, "2021_duma_oik200_Бабушкин_party": null, "2021_duma_oik200_Вельмакин_party": null, "2021_duma_oik200_Загребной_party": null, "2021_duma_oik200_Запотылок_party": null, "2021_duma_oik200_Орлов_party": null, "2021_duma_oik200_Парфенов_party": null, "2021_duma_oik200_Певцов_party": null, "2021_duma_oik200_Степкин_party": null, "2021_duma_oik200_явка_party": null, "2021_duma_oik200_недействительные_party": null, "2021_duma_oik201_Гаспарян_party": null, "2021_duma_oik201_Демин_party": null, "2021_duma_oik201_Куликов_party": null, "2021_duma_oik201_Разворотнева_party": null, "2021_duma_oik201_Туманов_party": null, "2021_duma_oik201_Удалова_party": null, "2021_duma_oik201_Удальцова_party": null, "2021_duma_oik201_Черников_party": null, "2021_duma_oik201_явка_party": null, "2021_duma_oik201_недействительные_party": null, "2021_duma_oik202_Гершберг_party": null, "2021_duma_oik202_Лапшов_party": null, "2021_duma_oik202_Махницкий_party": null, "2021_duma_oik202_Михайловский_party": null, "2021_duma_oik202_Муратова_party": null, "2021_duma_oik202_Придорожный_party": null, "2021_duma_oik202_Саблин_party": null, "2021_duma_oik202_Сиднев_party": null, "2021_duma_oik202_Суханов_party": null, "2021_duma_oik202_явка_party": null, "2021_duma_oik202_недействительные_party": null, "2021_duma_oik203_Казенков_party": null, "2021_duma_oik203_Нифантьев_party": null, "2021_duma_oik203_Пенкин_party": null, "2021_duma_oik203_Петров_party": null, "2021_duma_oik203_Смолич_party": null, "2021_duma_oik203_Турушев_party": null, "2021_duma_oik203_Шлямина_party": null, "2021_duma_oik203_Шушлебина_party": null, "2021_duma_oik203_Юдин_party": null, "2021_duma_oik203_явка_party": null, "2021_duma_oik203_недействительные_party": null, "2021_duma_oik204_Дворак_party": "Партия пенсионеров", "2021_duma_oik204_Доможирова_party": "Справедливая Россия", "2021_duma_oik204_Игнатьев_party": "Новые люди", "2021_duma_oik204_Измайлов_party": "Гражданская Платформа", "2021_duma_oik204_Кавказский_party": "Яблоко", "2021_duma_oik204_Курганов_party": "Коммунисты России (КПКР)", "2021_duma_oik204_Курганский_party": "КПРФ", "2021_duma_oik204_Монахов_party": "ЛДПР", "2021_duma_oik204_Пресняков_party": "Зеленые", "2021_duma_oik204_Проханов_party": "Родина", "2021_duma_oik204_Шувалов_party": "Зеленая альтернатива", "2021_duma_oik204_Яшин_party": "Партия Роста", "2021_duma_oik204_явка_party": "Неизвестно", "2021_duma_oik204_недействительные_party": "Неизвестно", "2021_duma_oik205_Демченко_party": null, "2021_duma_oik205_Загордан_party": null, "2021_duma_oik205_Ищенко_party": null, "2021_duma_oik205_Корягина_party": null, "2021_duma_oik205_Костычева_party": null, "2021_duma_oik205_Медведев_party": null, "2021_duma_oik205_Обухов_party": null, "2021_duma_oik205_Попова_party": null, "2021_duma_oik205_Сидоров_party": null, "2021_duma_oik205_явка_party": null, "2021_duma_oik205_недействительные_party": null, "2021_duma_oik206_Васильев_party": null, "2021_duma_oik206_Гребенник_party": null, "2021_duma_oik206_Иванова_party": null, "2021_duma_oik206_Копкина_party": null, "2021_duma_oik206_Мажуга_party": null, "2021_duma_oik206_Мишарин_party": null, "2021_duma_oik206_Пономарев_party": null, "2021_duma_oik206_Цыба_party": null, "2021_duma_oik206_явка_party": null, "2021_duma_oik206_недействительные_party": null, "2021_duma_oik207_Макаренко_party": null, "2021_duma_oik207_Милованов_party": null, "2021_duma_oik207_Павлинов_party": null, "2021_duma_oik207_Пангаев_party": null, "2021_duma_oik207_Серафонтов_party": null, "2021_duma_oik207_Соловьев_party": null, "2021_duma_oik207_Ульянов_party": null, "2021_duma_oik207_Ульянченко_party": null, "2021_duma_oik207_Хазин_party": null, "2021_duma_oik207_Юрченко_party": null, "2021_duma_oik207_явка_party": null, "2021_duma_oik207_недействительные_party": null, "2021_duma_oik208_Кошлаков-Крестовский_party": null, "2021_duma_oik208_Леонов_party": null, "2021_duma_oik208_Митрохин_party": null, "2021_duma_oik208_Останина_party": null, "2021_duma_oik208_Хараидзе_party": null, "2021_duma_oik208_Шевченко_party": null, "2021_duma_oik208_Широков_party": null, "2021_duma_oik208_Юшин_party": null, "2021_duma_oik208_Якубович_party": null, "2021_duma_oik208_Яндиев_party": null, "2021_duma_oik208_явка_party": null, "2021_duma_oik208_недействительные_party": null, "2021_duma_oik209_Волков_party": null, "2021_duma_oik209_Ильин_party": null, "2021_duma_oik209_Максимов_party": null, "2021_duma_oik209_Николаев_party": null, "2021_duma_oik209_Палюлин_party": null, "2021_duma_oik209_Румянцев_party": null, "2021_duma_oik209_Чирков_party": null, "2021_duma_oik209_Шупеня_party": null, "2021_duma_oik209_явка_party": null, "2021_duma_oik209_недействительные_party": null, "2021_duma_oik210_Буткеев_party": null, "2021_duma_oik210_Коршунков_party": null, "2021_duma_oik210_Крапухин_party": null, "2021_duma_oik210_Начевский_party": null, "2021_duma_oik210_Романенко_party": null, "2021_duma_oik210_Смитиенко_party": null, "2021_duma_oik210_Таранцов_party": null, "2021_duma_oik210_Таращанский_party": null, "2021_duma_oik210_Яцевский_party": null, "2021_duma_oik210_явка_party": null, "2021_duma_oik210_недействительные_party": null }, "geometry": { "type": "MultiPolygon", "coordinates": [ [ [ [ 37.950866, 55.6750226 ], [ 37.9496509, 55.6751617 ], [ 37.9486257, 55.6755023 ], [ 37.935597399999985, 55.6757771 ], [ 37.932014800000012, 55.6759112 ], [ 37.9316044, 55.675964300000011 ], [ 37.928111100000017, 55.6760237 ], [ 37.9271265, 55.6759524 ], [ 37.920471700000014, 55.676143 ], [ 37.9204728, 55.676440799999988 ], [ 37.9189363, 55.680538400000025 ], [ 37.918475700000016, 55.680763900000017 ], [ 37.916109100000014, 55.6812027 ], [ 37.915475, 55.6812321 ], [ 37.913792799999989, 55.681538 ], [ 37.9143064, 55.6829981 ], [ 37.9132908, 55.6833168 ], [ 37.9167144, 55.685946100000017 ], [ 37.9172582, 55.6862674 ], [ 37.9173348, 55.686986600000026 ], [ 37.9173774, 55.687063799999983 ], [ 37.91772510000002, 55.68769420000001 ], [ 37.9186031, 55.68826 ], [ 37.922434600000017, 55.688808300000012 ], [ 37.923192700000016, 55.6892714 ], [ 37.9234006, 55.6895528 ], [ 37.924419600000014, 55.6907632 ], [ 37.924679500000018, 55.6909433 ], [ 37.9248141, 55.6910367 ], [ 37.9259966, 55.692378800000014 ], [ 37.9264882, 55.6926313 ], [ 37.927583100000014, 55.6939798 ], [ 37.927405, 55.694057500000014 ], [ 37.9275087, 55.694172700000017 ], [ 37.927868, 55.6945885 ], [ 37.9279112, 55.6946384 ], [ 37.928252800000024, 55.6949993 ], [ 37.928568200000015, 55.6951273 ], [ 37.935871100000014, 55.696811 ], [ 37.939126, 55.696498700000021 ], [ 37.939877, 55.696504 ], [ 37.9397555, 55.696607600000029 ], [ 37.939806700000013, 55.698014600000015 ], [ 37.9270529, 55.6982153 ], [ 37.9266095, 55.6982211 ], [ 37.926068, 55.6978943 ], [ 37.924843300000013, 55.696979700000021 ], [ 37.9193762, 55.6993521 ], [ 37.9189383, 55.6994252 ], [ 37.915166700000015, 55.697047300000015 ], [ 37.913436600000018, 55.697865200000017 ], [ 37.913464900000015, 55.702170400000014 ], [ 37.9122059, 55.7029699 ], [ 37.912240700000012, 55.7034207 ], [ 37.9113772, 55.7047767 ], [ 37.909273, 55.7049441 ], [ 37.907805700000011, 55.7046341 ], [ 37.907246800000017, 55.7046132 ], [ 37.9061276, 55.706258499999983 ], [ 37.9070118, 55.706991100000032 ], [ 37.9062268, 55.7069919 ], [ 37.9054419, 55.7069928 ], [ 37.9013429, 55.7066238 ], [ 37.8972438, 55.706254700000031 ], [ 37.893370300000015, 55.705553900000027 ], [ 37.8928973, 55.7055062 ], [ 37.8869711, 55.705215300000027 ], [ 37.8854929, 55.7042204 ], [ 37.8840147, 55.7032255 ], [ 37.8838706, 55.703285800000018 ], [ 37.88318360000001, 55.702821 ], [ 37.88249660000001, 55.7023562 ], [ 37.882306, 55.7024609 ], [ 37.881502100000013, 55.7018524 ], [ 37.8805731, 55.701149600000015 ], [ 37.8811401, 55.7008616 ], [ 37.8810987, 55.7008451 ], [ 37.8794724, 55.7002681 ], [ 37.8773882, 55.69889340000001 ], [ 37.8753042, 55.697518500000015 ], [ 37.872916200000013, 55.6960786 ], [ 37.871532200000011, 55.695297500000017 ], [ 37.868430500000017, 55.6968676 ], [ 37.8653285, 55.6984376 ], [ 37.864864900000015, 55.698674900000029 ], [ 37.8626911, 55.699787300000011 ], [ 37.8600534, 55.7011368 ], [ 37.8595289, 55.7008246 ], [ 37.858951500000018, 55.7011041 ], [ 37.858781500000013, 55.7009951 ], [ 37.858176, 55.7012543 ], [ 37.853409, 55.703540200000013 ], [ 37.8534354, 55.703788499999987 ], [ 37.85234, 55.7041954 ], [ 37.8492009, 55.70526670000001 ], [ 37.845551, 55.706485100000016 ], [ 37.8439557, 55.707025700000017 ], [ 37.842371400000019, 55.70761430000001 ], [ 37.841370799999986, 55.7079663 ], [ 37.837409200000018, 55.7092892 ], [ 37.836023900000015, 55.709776 ], [ 37.833900900000017, 55.7104752 ], [ 37.8273124, 55.7126833 ], [ 37.823879700000013, 55.713846 ], [ 37.820727800000022, 55.7148955 ], [ 37.8167715, 55.71622570000001 ], [ 37.813581500000019, 55.7173163 ], [ 37.812093, 55.7178206 ], [ 37.808573200000019, 55.7189991 ], [ 37.8048077, 55.7202665 ], [ 37.8008114, 55.7215389 ], [ 37.7991182, 55.7221056 ], [ 37.798574099999989, 55.7205783 ], [ 37.7984225, 55.7201511 ], [ 37.798389, 55.720057 ], [ 37.7983389, 55.7198979 ], [ 37.798132600000017, 55.71924210000001 ], [ 37.797662600000017, 55.71779890000002 ], [ 37.7975038, 55.717311300000013 ], [ 37.7974897, 55.7172629 ], [ 37.797230400000011, 55.716224600000011 ], [ 37.7971865, 55.716079900000011 ], [ 37.7971804, 55.716059800000018 ], [ 37.7969538, 55.715312400000023 ], [ 37.7968074, 55.71484150000002 ], [ 37.7966729, 55.714386200000014 ], [ 37.7964912, 55.7137871 ], [ 37.7961855, 55.712779 ], [ 37.7961408, 55.7126269 ], [ 37.7960984, 55.7124871 ], [ 37.7959572, 55.7120226 ], [ 37.7957441, 55.7113211 ], [ 37.795095, 55.709184400000012 ], [ 37.79506360000002, 55.709081200000014 ], [ 37.7945449, 55.707374 ], [ 37.794218, 55.707389 ], [ 37.7927495, 55.7076007 ], [ 37.7888988, 55.7081229 ], [ 37.7877579, 55.7082776 ], [ 37.7853341, 55.708606200000027 ], [ 37.784604, 55.7087052 ], [ 37.784040500000017, 55.708776600000022 ], [ 37.7827119, 55.708945100000022 ], [ 37.7823831, 55.708984400000013 ], [ 37.7821312, 55.7090143 ], [ 37.78173, 55.709068300000013 ], [ 37.7809418, 55.709176900000017 ], [ 37.780731699999983, 55.709205100000013 ], [ 37.78054980000001, 55.7092879 ], [ 37.780505200000015, 55.7093133 ], [ 37.78031510000001, 55.7095414 ], [ 37.780083900000015, 55.709818900000016 ], [ 37.7798268, 55.7101179 ], [ 37.7790005, 55.7111385 ], [ 37.778767800000011, 55.7114094 ], [ 37.7781783, 55.7121008 ], [ 37.7780978, 55.712203500000015 ], [ 37.7779934, 55.712346800000013 ], [ 37.777888500000024, 55.7125084 ], [ 37.7776326, 55.712822 ], [ 37.7775434, 55.7129311 ], [ 37.7773449, 55.7131741 ], [ 37.7770109, 55.7135828 ], [ 37.776645500000015, 55.7140298 ], [ 37.7761201, 55.714687200000014 ], [ 37.775587100000017, 55.71535410000002 ], [ 37.7755284, 55.7154292 ], [ 37.7745864, 55.7166062 ], [ 37.774544200000015, 55.716659 ], [ 37.7743975, 55.7168426 ], [ 37.7708445, 55.7159501 ], [ 37.7704803, 55.715948700000013 ], [ 37.7688131, 55.7155636 ], [ 37.7680625, 55.715395400000013 ], [ 37.7662317, 55.714967200000011 ], [ 37.762248100000015, 55.7136586 ], [ 37.76059570000001, 55.7132565 ], [ 37.7602247, 55.713193100000019 ], [ 37.760009800000013, 55.7131466 ], [ 37.7594595, 55.713 ], [ 37.7590059, 55.7128822 ], [ 37.7574006, 55.712465200000018 ], [ 37.757009400000015, 55.7123644 ], [ 37.7557233, 55.71203280000001 ], [ 37.7551804, 55.711892900000016 ], [ 37.7539814, 55.7115838 ], [ 37.753865, 55.7115541 ], [ 37.7535282, 55.711467 ], [ 37.75329270000001, 55.7114063 ], [ 37.753137800000012, 55.711366300000016 ], [ 37.7525085, 55.711204100000018 ], [ 37.750652, 55.710732800000024 ], [ 37.7505095, 55.7106957 ], [ 37.7503135, 55.7106447 ], [ 37.749299, 55.710380500000014 ], [ 37.7491901, 55.71035220000001 ], [ 37.749000700000011, 55.7103029 ], [ 37.748890700000018, 55.7102742 ], [ 37.747844300000011, 55.7100018 ], [ 37.7476104, 55.709941 ], [ 37.7476112, 55.7097909 ], [ 37.747609, 55.7095984 ], [ 37.7476202, 55.70949250000001 ], [ 37.7478111, 55.708409600000017 ], [ 37.747857200000013, 55.70814840000002 ], [ 37.747876100000013, 55.70807270000001 ], [ 37.7478294, 55.7078601 ], [ 37.7452828, 55.708205 ], [ 37.745216700000014, 55.7080613 ], [ 37.7452241, 55.70801380000001 ], [ 37.7452919, 55.707888800000021 ], [ 37.7454448, 55.7076571 ], [ 37.7457596, 55.7071874 ], [ 37.7463137, 55.7063559 ], [ 37.746323800000013, 55.7063407 ], [ 37.7467467, 55.705702100000018 ], [ 37.74677890000001, 55.705642 ], [ 37.7468536, 55.7055299 ], [ 37.7473437, 55.704795 ], [ 37.7481204, 55.7036415 ], [ 37.748502100000017, 55.7030641 ], [ 37.7490026, 55.7023133 ], [ 37.7490133, 55.702297200000018 ], [ 37.7490261, 55.702278100000022 ], [ 37.7495428, 55.70151 ], [ 37.7500898, 55.700689200000021 ], [ 37.7501537, 55.700593300000016 ], [ 37.7502011, 55.7005037 ], [ 37.751470800000014, 55.6985571 ], [ 37.7519632, 55.6977902 ], [ 37.7520576, 55.697656800000011 ], [ 37.752102, 55.6975885 ], [ 37.75212650000001, 55.6975508 ], [ 37.7542165, 55.694336900000017 ], [ 37.754294100000017, 55.694217500000015 ], [ 37.7543514, 55.6941316 ], [ 37.755345, 55.6926422 ], [ 37.7553566, 55.692624800000019 ], [ 37.755667, 55.692250800000018 ], [ 37.75585940000002, 55.6919635 ], [ 37.7560449, 55.691670400000014 ], [ 37.7561114, 55.6915198 ], [ 37.75611880000001, 55.691369900000012 ], [ 37.756064500000015, 55.6912093 ], [ 37.755747, 55.690745900000017 ], [ 37.7556754, 55.6906424 ], [ 37.7550858, 55.6898927 ], [ 37.754992800000018, 55.6897948 ], [ 37.7546278, 55.6894387 ], [ 37.754249, 55.6889585 ], [ 37.7473611, 55.6903011 ], [ 37.7469695, 55.6902339 ], [ 37.7460307, 55.6904704 ], [ 37.7455372, 55.690289 ], [ 37.7424434, 55.690078900000032 ], [ 37.741801, 55.690112400000011 ], [ 37.741430299999983, 55.6902389 ], [ 37.73884240000001, 55.6917283 ], [ 37.735838300000019, 55.6919823 ], [ 37.7330151, 55.6919342 ], [ 37.732576500000015, 55.6923785 ], [ 37.732127900000016, 55.6930956 ], [ 37.731616300000013, 55.6939762 ], [ 37.7313125, 55.695122500000011 ], [ 37.731080800000015, 55.696080300000013 ], [ 37.730884300000021, 55.6970253 ], [ 37.730491100000023, 55.698840700000012 ], [ 37.7303487, 55.699715900000015 ], [ 37.730093700000012, 55.701246100000013 ], [ 37.7294931, 55.7079416 ], [ 37.729405800000016, 55.7086382 ], [ 37.729358299999987, 55.7090189 ], [ 37.7293493, 55.7093519 ], [ 37.729320399999985, 55.709787 ], [ 37.7292894, 55.7100276 ], [ 37.7292521, 55.7102136 ], [ 37.7292109, 55.710387200000021 ], [ 37.7291388, 55.710634700000021 ], [ 37.7288973, 55.7112435 ], [ 37.728237, 55.712221900000024 ], [ 37.7274312, 55.713152700000023 ], [ 37.726952500000017, 55.713635200000013 ], [ 37.7263897, 55.714185300000018 ], [ 37.7247767, 55.715499800000018 ], [ 37.718101, 55.721005300000016 ], [ 37.717236700000015, 55.721722800000016 ], [ 37.7150397, 55.7235362 ], [ 37.714109900000011, 55.7232578 ], [ 37.712390500000019, 55.7227339 ], [ 37.7104877, 55.7222062 ], [ 37.7086758, 55.721711200000016 ], [ 37.7065049, 55.721071300000027 ], [ 37.7052706, 55.7207063 ], [ 37.7022453, 55.719738500000012 ], [ 37.7002664, 55.7207102 ], [ 37.6999181, 55.720893 ], [ 37.699285, 55.7211927 ], [ 37.6988881, 55.7213703 ], [ 37.6973299, 55.721964100000015 ], [ 37.694168900000022, 55.723063100000012 ], [ 37.693355399999987, 55.723335500000012 ], [ 37.6891641, 55.7247627 ], [ 37.68778, 55.725229 ], [ 37.685369500000022, 55.7260448 ], [ 37.681472899999989, 55.7273757 ], [ 37.680567500000016, 55.7276885 ], [ 37.680555500000018, 55.7277753 ], [ 37.6805216, 55.7280648 ], [ 37.680507200000015, 55.728151100000012 ], [ 37.6804742, 55.7283571 ], [ 37.6804669, 55.728404500000011 ], [ 37.681570500000014, 55.728472 ], [ 37.6814418, 55.729039900000011 ], [ 37.6832978, 55.7290701 ], [ 37.684102500000023, 55.7295836 ], [ 37.6840596, 55.730030700000022 ], [ 37.685838400000016, 55.7301132 ], [ 37.685827, 55.7301825 ], [ 37.6854329, 55.7325767 ], [ 37.685363600000017, 55.732998 ], [ 37.6856019, 55.7329396 ], [ 37.686898, 55.7324468 ], [ 37.6881988, 55.7317728 ], [ 37.6909432, 55.730178900000013 ], [ 37.69215770000001, 55.7295403 ], [ 37.692641600000016, 55.72937180000001 ], [ 37.693037200000013, 55.7292916 ], [ 37.6933102, 55.729277 ], [ 37.6936027, 55.72929 ], [ 37.693700100000022, 55.7293029 ], [ 37.693955, 55.7295265 ], [ 37.694508699999986, 55.730299400000021 ], [ 37.695127100000015, 55.7311849 ], [ 37.6957359, 55.731997100000015 ], [ 37.69610260000001, 55.7324705 ], [ 37.696606100000011, 55.7331254 ], [ 37.6970674, 55.7337244 ], [ 37.69717, 55.7338579 ], [ 37.6983115, 55.7353489 ], [ 37.698350800000014, 55.7354003 ], [ 37.6984062, 55.7354726 ], [ 37.6984795, 55.7356204 ], [ 37.698862200000015, 55.736436200000021 ], [ 37.6992903, 55.7363838 ], [ 37.6998353, 55.736316900000013 ], [ 37.699487400000017, 55.736743100000012 ], [ 37.6979194, 55.7395896 ], [ 37.6978059, 55.740075500000025 ], [ 37.6965835, 55.7423919 ], [ 37.698166, 55.742461 ], [ 37.700017100000011, 55.7424587 ], [ 37.700331699999985, 55.7424385 ], [ 37.700650300000014, 55.7424387 ], [ 37.7007008, 55.742833700000013 ], [ 37.700830100000012, 55.744126 ], [ 37.70251660000001, 55.7440153 ], [ 37.703349500000016, 55.7439606 ], [ 37.703944100000015, 55.7439215 ], [ 37.7064949, 55.743754 ], [ 37.707585, 55.743589700000022 ], [ 37.710940500000014, 55.7433007 ], [ 37.7114678, 55.743266700000014 ], [ 37.7115308, 55.7430945 ], [ 37.712539700000015, 55.7407429 ], [ 37.7126821, 55.74040020000001 ], [ 37.7129949, 55.7397572 ], [ 37.7132166, 55.739366900000014 ], [ 37.7133616, 55.739135700000013 ], [ 37.7137585, 55.7385088 ], [ 37.714274500000016, 55.737857200000015 ], [ 37.714825200000014, 55.737298200000012 ], [ 37.7155222, 55.736659700000025 ], [ 37.7160908, 55.7361946 ], [ 37.7163363, 55.736016 ], [ 37.7167542, 55.7357662 ], [ 37.7177263, 55.735283200000012 ], [ 37.718626900000011, 55.734907700000015 ], [ 37.71890010000002, 55.734813100000018 ], [ 37.7197781, 55.734539600000012 ], [ 37.72020770000001, 55.734443600000013 ], [ 37.7221842, 55.7340821 ], [ 37.7225884, 55.734046 ], [ 37.7227796, 55.73402890000002 ], [ 37.724954900000014, 55.7338344 ], [ 37.7290479, 55.733460900000011 ], [ 37.7291751, 55.7336762 ], [ 37.7293065, 55.733884 ], [ 37.729455800000011, 55.7341365 ], [ 37.72964, 55.734448 ], [ 37.729788, 55.7347017 ], [ 37.7299676, 55.735004 ], [ 37.730152500000024, 55.7353113 ], [ 37.7302697, 55.7355128 ], [ 37.730490300000014, 55.7357562 ], [ 37.7306753, 55.7360403 ], [ 37.7308457, 55.736332800000021 ], [ 37.7310093, 55.736586500000023 ], [ 37.7311232, 55.7367755 ], [ 37.7313258, 55.737062300000026 ], [ 37.731548, 55.7373942 ], [ 37.7317816, 55.737718300000012 ], [ 37.7319791, 55.73801790000001 ], [ 37.732174100000016, 55.738329100000016 ], [ 37.732372800000014, 55.73862 ], [ 37.732601700000011, 55.738951300000011 ], [ 37.7332238, 55.739907500000015 ], [ 37.7338166, 55.74088840000001 ], [ 37.7340312, 55.7412481 ], [ 37.735293, 55.743342 ], [ 37.7354079, 55.7435502 ], [ 37.7355739, 55.743891499999989 ], [ 37.7357043, 55.7441606 ], [ 37.735796699999987, 55.7443491 ], [ 37.735883300000019, 55.744542700000018 ], [ 37.735936900000013, 55.7446881 ], [ 37.7360043, 55.744877599999988 ], [ 37.736182900000017, 55.745390600000015 ], [ 37.736315299999987, 55.7456245 ], [ 37.7364842, 55.7458556 ], [ 37.7365979, 55.7459749 ], [ 37.7361885, 55.7460903 ], [ 37.7265359, 55.748647 ], [ 37.7253252, 55.7489665 ], [ 37.724446300000011, 55.7492324 ], [ 37.7236328, 55.7495155 ], [ 37.723015, 55.749772600000021 ], [ 37.7224005, 55.7500624 ], [ 37.7218517, 55.7503533 ], [ 37.721365300000016, 55.7506351 ], [ 37.720839800000014, 55.7509773 ], [ 37.7205725, 55.7511608 ], [ 37.72030920000001, 55.7513552 ], [ 37.7197448, 55.7518501 ], [ 37.719611899999983, 55.7519793 ], [ 37.7217503, 55.752396300000015 ], [ 37.7238536, 55.752813300000014 ], [ 37.7270919, 55.7534436 ], [ 37.732040300000016, 55.7544335 ], [ 37.7339815, 55.754811700000012 ], [ 37.736466, 55.7553046 ], [ 37.7411367, 55.7561842 ], [ 37.7456623, 55.757088500000016 ], [ 37.7465835, 55.757279200000021 ], [ 37.7487092, 55.7577001 ], [ 37.75075540000001, 55.7581021 ], [ 37.754009, 55.758710100000016 ], [ 37.7542156, 55.7587455 ], [ 37.753697800000012, 55.7596111 ], [ 37.7544843, 55.760306200000024 ], [ 37.7564002, 55.760666700000016 ], [ 37.7577165, 55.7609592 ], [ 37.7600358, 55.7613973 ], [ 37.764049300000018, 55.7621823 ], [ 37.768784200000013, 55.763924700000018 ], [ 37.768936600000018, 55.76397 ], [ 37.7691693, 55.763196199999989 ], [ 37.770424100000014, 55.763619 ], [ 37.7719324, 55.7641895 ], [ 37.7753963, 55.765275900000013 ], [ 37.7773816, 55.765876500000012 ], [ 37.778672700000016, 55.7661065 ], [ 37.791754800000014, 55.766342800000011 ], [ 37.791883500000012, 55.7661072 ], [ 37.794367200000025, 55.766600600000018 ], [ 37.801187, 55.7679296 ], [ 37.8012386, 55.767890700000031 ], [ 37.8012802, 55.7677718 ], [ 37.801412200000023, 55.7668758 ], [ 37.8014631, 55.7665302 ], [ 37.8014888, 55.766355600000018 ], [ 37.801438400000016, 55.7661529 ], [ 37.8009609, 55.765072200000013 ], [ 37.8004576, 55.763983 ], [ 37.8004209, 55.763910500000023 ], [ 37.800357, 55.7637843 ], [ 37.8002182, 55.7634684 ], [ 37.7999922, 55.7629074 ], [ 37.7998143, 55.762430900000012 ], [ 37.799808900000016, 55.7623198 ], [ 37.7998462, 55.762218700000012 ], [ 37.7999236, 55.762089600000017 ], [ 37.8005803, 55.7609754 ], [ 37.800634600000016, 55.7608837 ], [ 37.8017055, 55.7610813 ], [ 37.8018917, 55.7610983 ], [ 37.8021089, 55.761109400000016 ], [ 37.802361100000013, 55.761110500000015 ], [ 37.8025714, 55.761104 ], [ 37.8027878, 55.761095100000013 ], [ 37.8030031, 55.7610814 ], [ 37.8032288, 55.7610616 ], [ 37.8039359, 55.760931 ], [ 37.8041077, 55.760902200000018 ], [ 37.804230100000012, 55.760883900000024 ], [ 37.8062054, 55.7606144 ], [ 37.8065505, 55.7605627 ], [ 37.808700900000019, 55.7602404 ], [ 37.808814600000012, 55.7602225 ], [ 37.811269, 55.7598926 ], [ 37.8115574, 55.75985410000002 ], [ 37.814336500000024, 55.7594664 ], [ 37.817788, 55.7589705 ], [ 37.8198453, 55.7586716 ], [ 37.820037700000015, 55.758644200000013 ], [ 37.820366800000016, 55.7585966 ], [ 37.8211678, 55.758449900000024 ], [ 37.822473300000013, 55.7582655 ], [ 37.8247295, 55.7579468 ], [ 37.825766, 55.7578018 ], [ 37.826961800000014, 55.7576345 ], [ 37.826927700000013, 55.7575557 ], [ 37.826805500000013, 55.757273300000016 ], [ 37.8265314, 55.7566474 ], [ 37.826394200000024, 55.756334099999989 ], [ 37.8259766, 55.7553771 ], [ 37.8256211, 55.7545624 ], [ 37.825522100000015, 55.7543356 ], [ 37.8251878, 55.753569600000013 ], [ 37.825145600000013, 55.753473 ], [ 37.825113400000021, 55.7534079 ], [ 37.824709900000016, 55.7525933 ], [ 37.8244924, 55.752154 ], [ 37.824398100000018, 55.7519636 ], [ 37.8242487, 55.7516618 ], [ 37.82387030000001, 55.750845700000013 ], [ 37.8237691, 55.7506574 ], [ 37.8238875, 55.7505658 ], [ 37.824604200000017, 55.7504634 ], [ 37.826475300000013, 55.7501801 ], [ 37.826751100000017, 55.7501372 ], [ 37.8291514, 55.749785300000028 ], [ 37.8302505, 55.7496301 ], [ 37.8307131, 55.7494736 ], [ 37.8308242, 55.749352300000012 ], [ 37.8308225, 55.749300100000013 ], [ 37.83079930000001, 55.7492508 ], [ 37.83076, 55.7492016 ], [ 37.8306945, 55.749147199999989 ], [ 37.8303047, 55.7489753 ], [ 37.8296732, 55.7486991 ], [ 37.8295775, 55.748646600000022 ], [ 37.829486, 55.748588 ], [ 37.829380500000021, 55.748511900000011 ], [ 37.8292357, 55.748395700000017 ], [ 37.828892600000017, 55.748106600000014 ], [ 37.82887190000001, 55.748087700000013 ], [ 37.8283471, 55.7476077 ], [ 37.828272, 55.7475388 ], [ 37.8282116, 55.747483800000019 ], [ 37.828124400000014, 55.7474047 ], [ 37.827627, 55.746950900000016 ], [ 37.8280834, 55.7461576 ], [ 37.84268380000001, 55.749073 ], [ 37.84254330000001, 55.747176100000019 ], [ 37.8426549, 55.7467345 ], [ 37.8431461, 55.7463253 ], [ 37.8436779, 55.745903 ], [ 37.844804400000015, 55.745314900000011 ], [ 37.8457065, 55.7448717 ], [ 37.8468046, 55.7445871 ], [ 37.847917400000014, 55.7445353 ], [ 37.8479957, 55.744499900000022 ], [ 37.8497057, 55.7446206 ], [ 37.85142410000001, 55.7447565 ], [ 37.8529663, 55.744881200000023 ], [ 37.8539206, 55.7449497 ], [ 37.856616900000013, 55.7450679 ], [ 37.859187400000017, 55.745155 ], [ 37.860543400000012, 55.7452434 ], [ 37.863233, 55.745573 ], [ 37.864223, 55.7457241 ], [ 37.8647537, 55.7458505 ], [ 37.8728499, 55.747413100000017 ], [ 37.879524500000024, 55.748729400000016 ], [ 37.8825409, 55.7493396 ], [ 37.883258900000016, 55.749207700000021 ], [ 37.8873454, 55.748457 ], [ 37.8877105, 55.7485772 ], [ 37.8882457, 55.748464200000022 ], [ 37.888712, 55.747142900000014 ], [ 37.8893337, 55.7454728 ], [ 37.8900278, 55.74362780000002 ], [ 37.8909533, 55.7421946 ], [ 37.890403300000017, 55.742084700000028 ], [ 37.890084699999989, 55.741870599999984 ], [ 37.8900854, 55.7416036 ], [ 37.8858291, 55.742612900000019 ], [ 37.8836044, 55.7426915 ], [ 37.8817499, 55.742731 ], [ 37.8807532, 55.742504100000012 ], [ 37.880107, 55.74225460000001 ], [ 37.8800331, 55.741746500000012 ], [ 37.879741700000011, 55.7411885 ], [ 37.8791999, 55.7401509 ], [ 37.8780087, 55.737869500000016 ], [ 37.873161100000011, 55.7381569 ], [ 37.868489100000012, 55.737289500000017 ], [ 37.8665394, 55.736296400000015 ], [ 37.8667051, 55.736181800000011 ], [ 37.864238, 55.7347168 ], [ 37.865471, 55.7331585 ], [ 37.8688922, 55.732972900000014 ], [ 37.869536, 55.7323862 ], [ 37.8712339, 55.7308386 ], [ 37.871570400000024, 55.730847800000014 ], [ 37.873412300000012, 55.7296476 ], [ 37.8721668, 55.7277051 ], [ 37.8702706, 55.7265861 ], [ 37.8724504, 55.723377 ], [ 37.8760932, 55.7233877 ], [ 37.8769962, 55.72161650000001 ], [ 37.876534500000012, 55.720470899999988 ], [ 37.881004500000024, 55.7190992 ], [ 37.882486300000011, 55.7190029 ], [ 37.8834259, 55.719159400000017 ], [ 37.886123199999986, 55.719593800000013 ], [ 37.8869204, 55.720260600000017 ], [ 37.8871291, 55.721653 ], [ 37.886080800000016, 55.7223697 ], [ 37.8841562, 55.7233962 ], [ 37.8854775, 55.724191600000012 ], [ 37.88744350000001, 55.723768600000021 ], [ 37.8889029, 55.7237869 ], [ 37.889850500000016, 55.723701200000022 ], [ 37.890633200000018, 55.722309 ], [ 37.8923084, 55.7231871 ], [ 37.898366800000019, 55.7235691 ], [ 37.899317600000018, 55.723619100000029 ], [ 37.899329800000011, 55.724026900000013 ], [ 37.9001848, 55.724343100000013 ], [ 37.9018232, 55.724418600000014 ], [ 37.9024213, 55.7252509 ], [ 37.9035256, 55.7253344 ], [ 37.905050700000011, 55.725099700000015 ], [ 37.9050476, 55.7249699 ], [ 37.905441300000014, 55.72494540000001 ], [ 37.906356, 55.7247909 ], [ 37.907788100000012, 55.724802700000012 ], [ 37.9118339, 55.725744499999983 ], [ 37.9138057, 55.726581 ], [ 37.9150477, 55.7269838 ], [ 37.91546730000001, 55.7274679 ], [ 37.916175300000013, 55.7277098 ], [ 37.916395500000014, 55.72816 ], [ 37.9169278, 55.7283571 ], [ 37.9173834, 55.72945 ], [ 37.9179695, 55.7305229 ], [ 37.9180394, 55.73062190000001 ], [ 37.918664900000017, 55.7307038 ], [ 37.9193266, 55.730704700000011 ], [ 37.919978299999983, 55.730801700000015 ], [ 37.9206051, 55.730877600000014 ], [ 37.9211623, 55.730858200000014 ], [ 37.922120100000015, 55.731013 ], [ 37.922866200000016, 55.7312307 ], [ 37.9235854, 55.731225500000015 ], [ 37.9240447, 55.731051500000014 ], [ 37.92414380000001, 55.7310019 ], [ 37.9242411, 55.73089070000001 ], [ 37.9243944, 55.730845500000015 ], [ 37.9244803, 55.730826900000011 ], [ 37.9247939, 55.7307654 ], [ 37.925199599999985, 55.730509900000023 ], [ 37.9255518, 55.7305178 ], [ 37.925616400000017, 55.730469900000017 ], [ 37.9265295, 55.730542 ], [ 37.927480099999983, 55.7302268 ], [ 37.928022099999986, 55.7300032 ], [ 37.9283532, 55.7295409 ], [ 37.9284005, 55.7294273 ], [ 37.928522800000017, 55.729353600000017 ], [ 37.92885930000002, 55.7293229 ], [ 37.9299636, 55.7294527 ], [ 37.9302418, 55.729806600000025 ], [ 37.9304136, 55.7298581 ], [ 37.9308738, 55.729755 ], [ 37.9313791, 55.729373600000024 ], [ 37.93194530000001, 55.7291562 ], [ 37.9329517, 55.72869050000002 ], [ 37.9342897, 55.7278764 ], [ 37.934959600000013, 55.7276387 ], [ 37.935596400000016, 55.727385700000021 ], [ 37.936336400000016, 55.727131300000011 ], [ 37.937608900000015, 55.726887 ], [ 37.9376829, 55.726533700000012 ], [ 37.9389668, 55.7255782 ], [ 37.939756600000017, 55.7250325 ], [ 37.9401397, 55.7246854 ], [ 37.940457800000019, 55.724572 ], [ 37.940649600000015, 55.7245579 ], [ 37.9406102, 55.7245163 ], [ 37.9405223, 55.72449240000001 ], [ 37.9408193, 55.7243376 ], [ 37.941137500000011, 55.723986300000021 ], [ 37.941582500000017, 55.7234947 ], [ 37.9418102, 55.7231702 ], [ 37.942272599999988, 55.72299180000001 ], [ 37.942431700000014, 55.72281 ], [ 37.9424025, 55.722761900000016 ], [ 37.9424817, 55.72269270000001 ], [ 37.9424006, 55.7225287 ], [ 37.9424045, 55.72248740000002 ], [ 37.942484700000016, 55.722479200000016 ], [ 37.9425269, 55.7224286 ], [ 37.9425043, 55.7223862 ], [ 37.942470900000011, 55.7223861 ], [ 37.942610400000014, 55.722051900000011 ], [ 37.942932500000012, 55.7219494 ], [ 37.9430304, 55.7219268 ], [ 37.943097200000011, 55.721915800000026 ], [ 37.943198700000011, 55.721926600000018 ], [ 37.9432653, 55.7219354 ], [ 37.9433354, 55.721914 ], [ 37.9433693, 55.721881300000021 ], [ 37.9433416, 55.721837 ], [ 37.943316, 55.7218115 ], [ 37.9433022, 55.7217836 ], [ 37.9433667, 55.721705 ], [ 37.943513500000016, 55.721512300000015 ], [ 37.9435793, 55.7214497 ], [ 37.9437046, 55.721430400000017 ], [ 37.943887699999983, 55.721435 ], [ 37.94396930000002, 55.7214419 ], [ 37.9440055, 55.721482500000015 ], [ 37.944080800000016, 55.7215055 ], [ 37.9440868, 55.721507300000013 ], [ 37.944135100000011, 55.7214972 ], [ 37.9440812, 55.721425500000016 ], [ 37.944066500000019, 55.72139720000002 ], [ 37.9443308, 55.721326900000015 ], [ 37.944355400000013, 55.7213571 ], [ 37.944434599999987, 55.7215351 ], [ 37.9444793, 55.7215494 ], [ 37.9445478, 55.7215375 ], [ 37.9446268, 55.721488 ], [ 37.9450487, 55.72122190000001 ], [ 37.9456503, 55.720838500000013 ], [ 37.9474751, 55.720060400000015 ], [ 37.948041, 55.7202503 ], [ 37.9483199, 55.7201789 ], [ 37.9494082, 55.7200523 ], [ 37.9498234, 55.720004 ], [ 37.950509800000013, 55.7200303 ], [ 37.9555126, 55.720222 ], [ 37.9584742, 55.7176168 ], [ 37.962053, 55.71716450000001 ], [ 37.967427700000016, 55.716249 ], [ 37.967316700000012, 55.716040299999989 ], [ 37.9650216, 55.7154398 ], [ 37.9606662, 55.714754100000015 ], [ 37.9598592, 55.714091100000012 ], [ 37.9667063, 55.7104986 ], [ 37.966769700000015, 55.7102269 ], [ 37.9659724, 55.709960600000016 ], [ 37.964350900000014, 55.7093883 ], [ 37.9641928, 55.7091974 ], [ 37.95309790000001, 55.7112623 ], [ 37.94966680000001, 55.7113411 ], [ 37.947367, 55.708672 ], [ 37.9541996, 55.706734 ], [ 37.9543952, 55.706938200000018 ], [ 37.9579107, 55.705940100000021 ], [ 37.959744800000017, 55.7045084 ], [ 37.958219700000022, 55.70293980000001 ], [ 37.95895, 55.702596800000016 ], [ 37.957045200000017, 55.7008597 ], [ 37.956037700000017, 55.70110360000001 ], [ 37.9565608, 55.7016689 ], [ 37.9566286, 55.702067400000011 ], [ 37.956507500000022, 55.7022066 ], [ 37.9562135, 55.702351500000013 ], [ 37.956138700000011, 55.7025061 ], [ 37.9557559, 55.702731600000014 ], [ 37.955506200000016, 55.7027964 ], [ 37.9548564, 55.702809800000011 ], [ 37.9546132, 55.702875 ], [ 37.9542086, 55.7027752 ], [ 37.9540752, 55.702628500000017 ], [ 37.95369220000002, 55.70242540000001 ], [ 37.9532962, 55.702075600000015 ], [ 37.953209200000011, 55.701687100000015 ], [ 37.95305290000001, 55.7015782 ], [ 37.9529261, 55.701329 ], [ 37.9531626, 55.7011938 ], [ 37.9532571, 55.70072170000001 ], [ 37.9533522, 55.7005831 ], [ 37.9529834, 55.7005685 ], [ 37.952813, 55.700615 ], [ 37.9521706, 55.700602 ], [ 37.9520944, 55.7005682 ], [ 37.9516662, 55.7006292 ], [ 37.951485200000022, 55.700536400000011 ], [ 37.951326500000015, 55.7005594 ], [ 37.9509995, 55.700465500000014 ], [ 37.9509425, 55.700401100000022 ], [ 37.950308700000015, 55.7002558 ], [ 37.95008030000001, 55.700071200000011 ], [ 37.9499099, 55.7000291 ], [ 37.949522100000024, 55.700054800000011 ], [ 37.9494124, 55.7000074 ], [ 37.9489957, 55.700114 ], [ 37.948636500000021, 55.7001391 ], [ 37.948304300000011, 55.7000774 ], [ 37.9477538, 55.700223600000022 ], [ 37.9471979, 55.7002482 ], [ 37.9468614, 55.700162 ], [ 37.9466456, 55.6999944 ], [ 37.9466776, 55.6998692 ], [ 37.9463699, 55.699515700000013 ], [ 37.9453045, 55.699127600000011 ], [ 37.9452326, 55.6989822 ], [ 37.9453431, 55.698555 ], [ 37.945604, 55.6981644 ], [ 37.9455387, 55.6980898 ], [ 37.9452039, 55.6979775 ], [ 37.9448393, 55.697767 ], [ 37.9446343, 55.697548 ], [ 37.9445671, 55.6973666 ], [ 37.9446036, 55.6972068 ], [ 37.944789800000017, 55.696993900000017 ], [ 37.945060800000014, 55.6968562 ], [ 37.9462308, 55.6966727 ], [ 37.9464471, 55.6964161 ], [ 37.946673, 55.6963622 ], [ 37.9470592, 55.696378400000015 ], [ 37.9472191, 55.696302200000019 ], [ 37.9477931, 55.6959145 ], [ 37.9478976, 55.695610900000013 ], [ 37.948272, 55.6954249 ], [ 37.9483023, 55.6952589 ], [ 37.9484764, 55.695127900000024 ], [ 37.9488772, 55.695078200000019 ], [ 37.9497773, 55.6952421 ], [ 37.95006, 55.6953998 ], [ 37.9502173, 55.6955579 ], [ 37.9503613, 55.695857700000012 ], [ 37.950876700000016, 55.696186600000011 ], [ 37.9556123, 55.6945131 ], [ 37.9539295, 55.692726 ], [ 37.9563543, 55.6927429 ], [ 37.9575785, 55.693849200000017 ], [ 37.960203900000025, 55.692774 ], [ 37.9589844, 55.69103 ], [ 37.9578801, 55.68945080000001 ], [ 37.9581243, 55.689399800000011 ], [ 37.959145800000016, 55.689569200000015 ], [ 37.9594026, 55.6894821 ], [ 37.959426199999989, 55.689427200000019 ], [ 37.9596251, 55.6893352 ], [ 37.9599999, 55.689273300000011 ], [ 37.9607325, 55.6892341 ], [ 37.961184400000015, 55.6890271 ], [ 37.9612383, 55.688968700000018 ], [ 37.9609437, 55.6884701 ], [ 37.960962, 55.6883138 ], [ 37.9611673, 55.6880814 ], [ 37.961618200000011, 55.6877957 ], [ 37.962224, 55.6876292 ], [ 37.9626214, 55.6875993 ], [ 37.962822300000013, 55.687509500000012 ], [ 37.9634548, 55.687365600000014 ], [ 37.9635777, 55.687194 ], [ 37.963570400000016, 55.687042400000024 ], [ 37.9632405, 55.6866712 ], [ 37.9632451, 55.6865588 ], [ 37.963597300000025, 55.68644110000001 ], [ 37.9642493, 55.6864319 ], [ 37.9645395, 55.686377100000023 ], [ 37.9647158, 55.686273800000023 ], [ 37.9647713, 55.6861743 ], [ 37.96477, 55.6860602 ], [ 37.9642362, 55.686003 ], [ 37.9635354, 55.686001 ], [ 37.963205499999987, 55.6859385 ], [ 37.9629045, 55.6857406 ], [ 37.9628732, 55.6856636 ], [ 37.9628389, 55.6854847 ], [ 37.9629849, 55.6850358 ], [ 37.9632861, 55.6848967 ], [ 37.9637986, 55.684518300000015 ], [ 37.963738, 55.684344 ], [ 37.9635695, 55.6842694 ], [ 37.9635462, 55.6841816 ], [ 37.9635537, 55.684045 ], [ 37.9636633, 55.6839601 ], [ 37.9634995, 55.683639 ], [ 37.963491100000013, 55.6833513 ], [ 37.963268400000018, 55.683021500000024 ], [ 37.9630378, 55.6828163 ], [ 37.9630657, 55.6823177 ], [ 37.963281600000016, 55.6818611 ], [ 37.963462300000025, 55.681766 ], [ 37.963587900000022, 55.681575800000019 ], [ 37.963504200000017, 55.6811248 ], [ 37.963379600000017, 55.680907 ], [ 37.9636059, 55.6805399 ], [ 37.964350300000021, 55.6800527 ], [ 37.9644024, 55.6798146 ], [ 37.964277100000018, 55.6796029 ], [ 37.963263400000024, 55.6789184 ], [ 37.9626295, 55.678213100000015 ], [ 37.9621227, 55.6779499 ], [ 37.9618591, 55.6777142 ], [ 37.961779, 55.6774869 ], [ 37.961877099999988, 55.6769603 ], [ 37.9613556, 55.675636900000015 ], [ 37.9614452, 55.6753794 ], [ 37.9617389, 55.6751315 ], [ 37.96260190000001, 55.6748992 ], [ 37.9634687, 55.674424500000015 ], [ 37.96379630000002, 55.6739042 ], [ 37.9633779, 55.673656 ], [ 37.960042, 55.6740081 ], [ 37.950866, 55.6750226 ] ] ] ] } },
{ "type": "Feature", "properties": { "fid": 205, "okrug": 205, "wiki_name": "Город Москва - Преображенский одномандатный избирательный округ ", "wiki_pop": 469848, "wiki_terr": "Восточный административный округ (район Восточное Измайлово, район Гольяново, район Ивановское, район Измайлово, район Метрогородок, район Восточный, район Преображенское, район Северное Измайлово, район Соколиная Гора) ", "color": "#E80E0E", "2021_duma_oik196_Иванова": 0.0, "2021_duma_oik196_Крюков": 0.0, "2021_duma_oik196_Малинкович": 0.0, "2021_duma_oik196_Миронова": 0.0, "2021_duma_oik196_Рашкин": 0.0, "2021_duma_oik196_Рвачев": 0.0, "2021_duma_oik196_Стрельникова": 0.0, "2021_duma_oik196_Тарасов": 0.0, "2021_duma_oik196_Федоров": 0.0, "2021_duma_oik196_Янков": 0.0, "2021_duma_oik196_явка": 0.0, "2021_duma_oik196_недействительные": 0.0, "2021_duma_oik197_Гончаров": 0.0, "2021_duma_oik197_Горшкова": 0.0, "2021_duma_oik197_Лобанов": 0.0, "2021_duma_oik197_Меньшиков": 0.0, "2021_duma_oik197_Митина": 0.0, "2021_duma_oik197_Попов": 0.0, "2021_duma_oik197_Раменский": 0.0, "2021_duma_oik197_Соболев": 0.0, "2021_duma_oik197_Тарнавский": 0.0, "2021_duma_oik197_явка": 0.0, "2021_duma_oik197_недействительные": 0.0, "2021_duma_oik198_Брюханова": 0.0, "2021_duma_oik198_Власов": 0.0, "2021_duma_oik198_Голуенко": 0.0, "2021_duma_oik198_Звягинцев": 0.0, "2021_duma_oik198_Катаев": 0.0, "2021_duma_oik198_Литвинович": 0.0, "2021_duma_oik198_Мельников": 0.0, "2021_duma_oik198_Тарбаев": 0.0, "2021_duma_oik198_Хованская": 0.0, "2021_duma_oik198_явка": 0.0, "2021_duma_oik198_недействительные": 0.0, "2021_duma_oik199_Гулина": 0.0, "2021_duma_oik199_Гуличева": 0.0, "2021_duma_oik199_Катков": 0.0, "2021_duma_oik199_Киселёв": 0.0, "2021_duma_oik199_Кульнев": 0.0, "2021_duma_oik199_Прохоренкова": 0.0, "2021_duma_oik199_Рашкин": 0.0, "2021_duma_oik199_Тарасов": 0.0, "2021_duma_oik199_Толстой": 0.0, "2021_duma_oik199_Шах": 0.0, "2021_duma_oik199_Шоладеми": 0.0, "2021_duma_oik199_явка": 0.0, "2021_duma_oik199_недействительные": 0.0, "2021_duma_oik200_Бабушкин": 0.0, "2021_duma_oik200_Вельмакин": 0.0, "2021_duma_oik200_Загребной": 0.0, "2021_duma_oik200_Запотылок": 0.0, "2021_duma_oik200_Орлов": 0.0, "2021_duma_oik200_Парфенов": 0.0, "2021_duma_oik200_Певцов": 0.0, "2021_duma_oik200_Степкин": 0.0, "2021_duma_oik200_явка": 0.0, "2021_duma_oik200_недействительные": 0.0, "2021_duma_oik201_Гаспарян": 0.0, "2021_duma_oik201_Демин": 0.0, "2021_duma_oik201_Куликов": 0.0, "2021_duma_oik201_Разворотнева": 0.0, "2021_duma_oik201_Туманов": 0.0, "2021_duma_oik201_Удалова": 0.0, "2021_duma_oik201_Удальцова": 0.0, "2021_duma_oik201_Черников": 0.0, "2021_duma_oik201_явка": 0.0, "2021_duma_oik201_недействительные": 0.0, "2021_duma_oik202_Гершберг": 0.0, "2021_duma_oik202_Лапшов": 0.0, "2021_duma_oik202_Махницкий": 0.0, "2021_duma_oik202_Михайловский": 0.0, "2021_duma_oik202_Муратова": 0.0, "2021_duma_oik202_Придорожный": 0.0, "2021_duma_oik202_Саблин": 0.0, "2021_duma_oik202_Сиднев": 0.0, "2021_duma_oik202_Суханов": 0.0, "2021_duma_oik202_явка": 0.0, "2021_duma_oik202_недействительные": 0.0, "2021_duma_oik203_Казенков": 0.0, "2021_duma_oik203_Нифантьев": 0.0, "2021_duma_oik203_Пенкин": 0.0, "2021_duma_oik203_Петров": 0.0, "2021_duma_oik203_Смолич": 0.0, "2021_duma_oik203_Турушев": 0.0, "2021_duma_oik203_Шлямина": 0.0, "2021_duma_oik203_Шушлебина": 0.0, "2021_duma_oik203_Юдин": 0.0, "2021_duma_oik203_явка": 0.0, "2021_duma_oik203_недействительные": 0.0, "2021_duma_oik204_Дворак": 0.0, "2021_duma_oik204_Доможирова": 0.0, "2021_duma_oik204_Игнатьев": 0.0, "2021_duma_oik204_Измайлов": 0.0, "2021_duma_oik204_Кавказский": 0.0, "2021_duma_oik204_Курганов": 0.0, "2021_duma_oik204_Курганский": 0.0, "2021_duma_oik204_Монахов": 0.0, "2021_duma_oik204_Пресняков": 0.0, "2021_duma_oik204_Проханов": 0.0, "2021_duma_oik204_Шувалов": 0.0, "2021_duma_oik204_Яшин": 0.0, "2021_duma_oik204_явка": 0.0, "2021_duma_oik204_недействительные": 0.0, "2021_duma_oik205_Демченко": 6.11, "2021_duma_oik205_Загордан": 5.51, "2021_duma_oik205_Ищенко": 0.93, "2021_duma_oik205_Корягина": 1.75, "2021_duma_oik205_Костычева": 2.6, "2021_duma_oik205_Медведев": 6.1, "2021_duma_oik205_Обухов": 24.18, "2021_duma_oik205_Попова": 6.92, "2021_duma_oik205_Сидоров": 3.24, "2021_duma_oik205_явка": 48.64, "2021_duma_oik205_недействительные": 2.77, "2021_duma_oik206_Васильев": 0.0, "2021_duma_oik206_Гребенник": 0.0, "2021_duma_oik206_Иванова": 0.0, "2021_duma_oik206_Копкина": 0.0, "2021_duma_oik206_Мажуга": 0.0, "2021_duma_oik206_Мишарин": 0.0, "2021_duma_oik206_Пономарев": 0.0, "2021_duma_oik206_Цыба": 0.0, "2021_duma_oik206_явка": 0.0, "2021_duma_oik206_недействительные": 0.0, "2021_duma_oik207_Макаренко": 0.0, "2021_duma_oik207_Милованов": 0.0, "2021_duma_oik207_Павлинов": 0.0, "2021_duma_oik207_Пангаев": 0.0, "2021_duma_oik207_Серафонтов": 0.0, "2021_duma_oik207_Соловьев": 0.0, "2021_duma_oik207_Ульянов": 0.0, "2021_duma_oik207_Ульянченко": 0.0, "2021_duma_oik207_Хазин": 0.0, "2021_duma_oik207_Юрченко": 0.0, "2021_duma_oik207_явка": 0.0, "2021_duma_oik207_недействительные": 0.0, "2021_duma_oik208_Кошлаков-Крестовский": 0.0, "2021_duma_oik208_Леонов": 0.0, "2021_duma_oik208_Митрохин": 0.0, "2021_duma_oik208_Останина": 0.0, "2021_duma_oik208_Хараидзе": 0.0, "2021_duma_oik208_Шевченко": 0.0, "2021_duma_oik208_Широков": 0.0, "2021_duma_oik208_Юшин": 0.0, "2021_duma_oik208_Якубович": 0.0, "2021_duma_oik208_Яндиев": 0.0, "2021_duma_oik208_явка": 0.0, "2021_duma_oik208_недействительные": 0.0, "2021_duma_oik209_Волков": 0.0, "2021_duma_oik209_Ильин": 0.0, "2021_duma_oik209_Максимов": 0.0, "2021_duma_oik209_Николаев": 0.0, "2021_duma_oik209_Палюлин": 0.0, "2021_duma_oik209_Румянцев": 0.0, "2021_duma_oik209_Чирков": 0.0, "2021_duma_oik209_Шупеня": 0.0, "2021_duma_oik209_явка": 0.0, "2021_duma_oik209_недействительные": 0.0, "2021_duma_oik210_Буткеев": 0.0, "2021_duma_oik210_Коршунков": 0.0, "2021_duma_oik210_Крапухин": 0.0, "2021_duma_oik210_Начевский": 0.0, "2021_duma_oik210_Романенко": 0.0, "2021_duma_oik210_Смитиенко": 0.0, "2021_duma_oik210_Таранцов": 0.0, "2021_duma_oik210_Таращанский": 0.0, "2021_duma_oik210_Яцевский": 0.0, "2021_duma_oik210_явка": 0.0, "2021_duma_oik210_недействительные": 0.0, "2021_duma_oik196_Иванова_party": null, "2021_duma_oik196_Крюков_party": null, "2021_duma_oik196_Малинкович_party": null, "2021_duma_oik196_Миронова_party": null, "2021_duma_oik196_Рашкин_party": null, "2021_duma_oik196_Рвачев_party": null, "2021_duma_oik196_Стрельникова_party": null, "2021_duma_oik196_Тарасов_party": null, "2021_duma_oik196_Федоров_party": null, "2021_duma_oik196_Янков_party": null, "2021_duma_oik196_явка_party": null, "2021_duma_oik196_недействительные_party": null, "2021_duma_oik197_Гончаров_party": null, "2021_duma_oik197_Горшкова_party": null, "2021_duma_oik197_Лобанов_party": null, "2021_duma_oik197_Меньшиков_party": null, "2021_duma_oik197_Митина_party": null, "2021_duma_oik197_Попов_party": null, "2021_duma_oik197_Раменский_party": null, "2021_duma_oik197_Соболев_party": null, "2021_duma_oik197_Тарнавский_party": null, "2021_duma_oik197_явка_party": null, "2021_duma_oik197_недействительные_party": null, "2021_duma_oik198_Брюханова_party": null, "2021_duma_oik198_Власов_party": null, "2021_duma_oik198_Голуенко_party": null, "2021_duma_oik198_Звягинцев_party": null, "2021_duma_oik198_Катаев_party": null, "2021_duma_oik198_Литвинович_party": null, "2021_duma_oik198_Мельников_party": null, "2021_duma_oik198_Тарбаев_party": null, "2021_duma_oik198_Хованская_party": null, "2021_duma_oik198_явка_party": null, "2021_duma_oik198_недействительные_party": null, "2021_duma_oik199_Гулина_party": null, "2021_duma_oik199_Гуличева_party": null, "2021_duma_oik199_Катков_party": null, "2021_duma_oik199_Киселёв_party": null, "2021_duma_oik199_Кульнев_party": null, "2021_duma_oik199_Прохоренкова_party": null, "2021_duma_oik199_Рашкин_party": null, "2021_duma_oik199_Тарасов_party": null, "2021_duma_oik199_Толстой_party": null, "2021_duma_oik199_Шах_party": null, "2021_duma_oik199_Шоладеми_party": null, "2021_duma_oik199_явка_party": null, "2021_duma_oik199_недействительные_party": null, "2021_duma_oik200_Бабушкин_party": null, "2021_duma_oik200_Вельмакин_party": null, "2021_duma_oik200_Загребной_party": null, "2021_duma_oik200_Запотылок_party": null, "2021_duma_oik200_Орлов_party": null, "2021_duma_oik200_Парфенов_party": null, "2021_duma_oik200_Певцов_party": null, "2021_duma_oik200_Степкин_party": null, "2021_duma_oik200_явка_party": null, "2021_duma_oik200_недействительные_party": null, "2021_duma_oik201_Гаспарян_party": null, "2021_duma_oik201_Демин_party": null, "2021_duma_oik201_Куликов_party": null, "2021_duma_oik201_Разворотнева_party": null, "2021_duma_oik201_Туманов_party": null, "2021_duma_oik201_Удалова_party": null, "2021_duma_oik201_Удальцова_party": null, "2021_duma_oik201_Черников_party": null, "2021_duma_oik201_явка_party": null, "2021_duma_oik201_недействительные_party": null, "2021_duma_oik202_Гершберг_party": null, "2021_duma_oik202_Лапшов_party": null, "2021_duma_oik202_Махницкий_party": null, "2021_duma_oik202_Михайловский_party": null, "2021_duma_oik202_Муратова_party": null, "2021_duma_oik202_Придорожный_party": null, "2021_duma_oik202_Саблин_party": null, "2021_duma_oik202_Сиднев_party": null, "2021_duma_oik202_Суханов_party": null, "2021_duma_oik202_явка_party": null, "2021_duma_oik202_недействительные_party": null, "2021_duma_oik203_Казенков_party": null, "2021_duma_oik203_Нифантьев_party": null, "2021_duma_oik203_Пенкин_party": null, "2021_duma_oik203_Петров_party": null, "2021_duma_oik203_Смолич_party": null, "2021_duma_oik203_Турушев_party": null, "2021_duma_oik203_Шлямина_party": null, "2021_duma_oik203_Шушлебина_party": null, "2021_duma_oik203_Юдин_party": null, "2021_duma_oik203_явка_party": null, "2021_duma_oik203_недействительные_party": null, "2021_duma_oik204_Дворак_party": null, "2021_duma_oik204_Доможирова_party": null, "2021_duma_oik204_Игнатьев_party": null, "2021_duma_oik204_Измайлов_party": null, "2021_duma_oik204_Кавказский_party": null, "2021_duma_oik204_Курганов_party": null, "2021_duma_oik204_Курганский_party": null, "2021_duma_oik204_Монахов_party": null, "2021_duma_oik204_Пресняков_party": null, "2021_duma_oik204_Проханов_party": null, "2021_duma_oik204_Шувалов_party": null, "2021_duma_oik204_Яшин_party": null, "2021_duma_oik204_явка_party": null, "2021_duma_oik204_недействительные_party": null, "2021_duma_oik205_Демченко_party": "Новые люди", "2021_duma_oik205_Загордан_party": "Зеленая альтернатива", "2021_duma_oik205_Ищенко_party": "Гражданская Платформа", "2021_duma_oik205_Корягина_party": "Партия Роста", "2021_duma_oik205_Костычева_party": "Родина", "2021_duma_oik205_Медведев_party": "ЛДПР", "2021_duma_oik205_Обухов_party": "КПРФ", "2021_duma_oik205_Попова_party": "Яблоко", "2021_duma_oik205_Сидоров_party": "Коммунисты России (КПКР)", "2021_duma_oik205_явка_party": "Неизвестно", "2021_duma_oik205_недействительные_party": "Неизвестно", "2021_duma_oik206_Васильев_party": null, "2021_duma_oik206_Гребенник_party": null, "2021_duma_oik206_Иванова_party": null, "2021_duma_oik206_Копкина_party": null, "2021_duma_oik206_Мажуга_party": null, "2021_duma_oik206_Мишарин_party": null, "2021_duma_oik206_Пономарев_party": null, "2021_duma_oik206_Цыба_party": null, "2021_duma_oik206_явка_party": null, "2021_duma_oik206_недействительные_party": null, "2021_duma_oik207_Макаренко_party": null, "2021_duma_oik207_Милованов_party": null, "2021_duma_oik207_Павлинов_party": null, "2021_duma_oik207_Пангаев_party": null, "2021_duma_oik207_Серафонтов_party": null, "2021_duma_oik207_Соловьев_party": null, "2021_duma_oik207_Ульянов_party": null, "2021_duma_oik207_Ульянченко_party": null, "2021_duma_oik207_Хазин_party": null, "2021_duma_oik207_Юрченко_party": null, "2021_duma_oik207_явка_party": null, "2021_duma_oik207_недействительные_party": null, "2021_duma_oik208_Кошлаков-Крестовский_party": null, "2021_duma_oik208_Леонов_party": null, "2021_duma_oik208_Митрохин_party": null, "2021_duma_oik208_Останина_party": null, "2021_duma_oik208_Хараидзе_party": null, "2021_duma_oik208_Шевченко_party": null, "2021_duma_oik208_Широков_party": null, "2021_duma_oik208_Юшин_party": null, "2021_duma_oik208_Якубович_party": null, "2021_duma_oik208_Яндиев_party": null, "2021_duma_oik208_явка_party": null, "2021_duma_oik208_недействительные_party": null, "2021_duma_oik209_Волков_party": null, "2021_duma_oik209_Ильин_party": null, "2021_duma_oik209_Максимов_party": null, "2021_duma_oik209_Николаев_party": null, "2021_duma_oik209_Палюлин_party": null, "2021_duma_oik209_Румянцев_party": null, "2021_duma_oik209_Чирков_party": null, "2021_duma_oik209_Шупеня_party": null, "2021_duma_oik209_явка_party": null, "2021_duma_oik209_недействительные_party": null, "2021_duma_oik210_Буткеев_party": null, "2021_duma_oik210_Коршунков_party": null, "2021_duma_oik210_Крапухин_party": null, "2021_duma_oik210_Начевский_party": null, "2021_duma_oik210_Романенко_party": null, "2021_duma_oik210_Смитиенко_party": null, "2021_duma_oik210_Таранцов_party": null, "2021_duma_oik210_Таращанский_party": null, "2021_duma_oik210_Яцевский_party": null, "2021_duma_oik210_явка_party": null, "2021_duma_oik210_недействительные_party": null }, "geometry": { "type": "MultiPolygon", "coordinates": [ [ [ [ 37.8748787, 55.8252674 ], [ 37.8756653, 55.8253424 ], [ 37.8760016, 55.824902700000017 ], [ 37.8730967, 55.8237936 ], [ 37.8689418, 55.8228697 ], [ 37.8685109, 55.8239188 ], [ 37.8704604, 55.8242706 ], [ 37.8717278, 55.824650500000011 ], [ 37.872441200000011, 55.824851499999987 ], [ 37.8736011, 55.8251836 ], [ 37.874401800000015, 55.8252441 ], [ 37.8748787, 55.8252674 ] ] ], [ [ [ 37.7929081, 56.003869900000012 ], [ 37.793034600000013, 56.0037881 ], [ 37.7935324, 56.0037672 ], [ 37.7941563, 56.003185300000013 ], [ 37.797732300000021, 55.99985 ], [ 37.7953284, 55.999024800000022 ], [ 37.7930205, 56.001141800000021 ], [ 37.7924868, 56.0009504 ], [ 37.7901829, 56.0001243 ], [ 37.788724700000017, 56.0013886 ], [ 37.7913812, 56.002270099999983 ], [ 37.7909772, 56.0026548 ], [ 37.790338599999984, 56.0025124 ], [ 37.790014200000016, 56.0028502 ], [ 37.7910755, 56.0032236 ], [ 37.792137, 56.003597 ], [ 37.7929081, 56.003869900000012 ] ] ], [ [ [ 37.7968617, 56.0046327 ], [ 37.7936914, 56.005357799999985 ], [ 37.793098500000013, 56.005527100000023 ], [ 37.791304, 56.007147200000013 ], [ 37.7915911, 56.0074532 ], [ 37.79322410000001, 56.0080698 ], [ 37.793014300000017, 56.008232600000014 ], [ 37.795332, 56.008998700000021 ], [ 37.7949344, 56.0092902 ], [ 37.7979841, 56.0095321 ], [ 37.7985317, 56.0096683 ], [ 37.798889500000016, 56.0096066 ], [ 37.798958, 56.0095901 ], [ 37.798127, 56.0076851 ], [ 37.7986646, 56.0068026 ], [ 37.7995073, 56.006109900000013 ], [ 37.797426900000019, 56.005380400000021 ], [ 37.7968617, 56.0046327 ] ] ], [ [ [ 37.8420251, 55.7889634 ], [ 37.842226700000012, 55.787167900000014 ], [ 37.8426787, 55.783222499999987 ], [ 37.8431377, 55.7792395 ], [ 37.8446216, 55.7785006 ], [ 37.8455574, 55.778208300000017 ], [ 37.845861500000012, 55.7781854 ], [ 37.8460519, 55.7781714 ], [ 37.84638180000001, 55.7781994 ], [ 37.848425100000014, 55.7786518 ], [ 37.8500041, 55.7789286 ], [ 37.850473099999988, 55.778903600000014 ], [ 37.8506785, 55.778562900000011 ], [ 37.8504091, 55.778478600000014 ], [ 37.8498828, 55.778297 ], [ 37.84931880000002, 55.7780975 ], [ 37.8489351, 55.777966700000022 ], [ 37.8486518, 55.7778664 ], [ 37.8471787, 55.7773925 ], [ 37.84669030000002, 55.777253900000019 ], [ 37.845757400000011, 55.7770065 ], [ 37.845396, 55.7764587 ], [ 37.8450368, 55.775979500000012 ], [ 37.843808700000018, 55.7753146 ], [ 37.8435134, 55.775057799999985 ], [ 37.8434007, 55.774734600000016 ], [ 37.8434588, 55.7739617 ], [ 37.843565, 55.7738521 ], [ 37.8435059, 55.7736678 ], [ 37.843571500000024, 55.7728398 ], [ 37.8436249, 55.77255730000001 ], [ 37.844452800000013, 55.771137400000029 ], [ 37.8445267, 55.7711307 ], [ 37.844591, 55.7710211 ], [ 37.844519, 55.7710021 ], [ 37.845137400000013, 55.770036500000018 ], [ 37.8455912, 55.769254100000019 ], [ 37.845934100000015, 55.7686145 ], [ 37.845698, 55.768071 ], [ 37.8451879, 55.76796940000002 ], [ 37.844422300000012, 55.767597100000025 ], [ 37.8438285, 55.767279 ], [ 37.8436108, 55.767108 ], [ 37.8434979, 55.7669072 ], [ 37.843439200000013, 55.7660805 ], [ 37.8433984, 55.76517410000001 ], [ 37.8433395, 55.764045700000011 ], [ 37.8432587, 55.7624028 ], [ 37.8434109, 55.762360900000019 ], [ 37.8434118, 55.762200600000028 ], [ 37.8432344, 55.7621949 ], [ 37.843201400000012, 55.7618465 ], [ 37.8431395, 55.760697100000016 ], [ 37.843160100000013, 55.76046 ], [ 37.843112200000022, 55.7596913 ], [ 37.843067400000017, 55.7589347 ], [ 37.8430454, 55.758731600000011 ], [ 37.8429388, 55.7568182 ], [ 37.842902, 55.755573100000014 ], [ 37.8428965, 55.755209 ], [ 37.842894400000013, 55.7550571 ], [ 37.8428064, 55.7550236 ], [ 37.8427931, 55.7547375 ], [ 37.842782400000011, 55.754507 ], [ 37.842777499999983, 55.7543588 ], [ 37.8427498, 55.753791 ], [ 37.8427086, 55.7537915 ], [ 37.842655200000017, 55.7531421 ], [ 37.8427249, 55.752823700000022 ], [ 37.8426982, 55.751589 ], [ 37.842738, 55.7508055 ], [ 37.8427139, 55.749444600000011 ], [ 37.84268380000001, 55.749073 ], [ 37.8280834, 55.7461576 ], [ 37.827627, 55.746950900000016 ], [ 37.828124400000014, 55.7474047 ], [ 37.8282116, 55.747483800000019 ], [ 37.828272, 55.7475388 ], [ 37.8283471, 55.7476077 ], [ 37.82887190000001, 55.748087700000013 ], [ 37.828892600000017, 55.748106600000014 ], [ 37.8292357, 55.748395700000017 ], [ 37.829380500000021, 55.748511900000011 ], [ 37.829486, 55.748588 ], [ 37.8295775, 55.748646600000022 ], [ 37.8296732, 55.7486991 ], [ 37.8303047, 55.7489753 ], [ 37.8306945, 55.749147199999989 ], [ 37.83076, 55.7492016 ], [ 37.83079930000001, 55.7492508 ], [ 37.8308225, 55.749300100000013 ], [ 37.8308242, 55.749352300000012 ], [ 37.8307131, 55.7494736 ], [ 37.8302505, 55.7496301 ], [ 37.8291514, 55.749785300000028 ], [ 37.826751100000017, 55.7501372 ], [ 37.826475300000013, 55.7501801 ], [ 37.824604200000017, 55.7504634 ], [ 37.8238875, 55.7505658 ], [ 37.8237691, 55.7506574 ], [ 37.82387030000001, 55.750845700000013 ], [ 37.8242487, 55.7516618 ], [ 37.824398100000018, 55.7519636 ], [ 37.8244924, 55.752154 ], [ 37.824709900000016, 55.7525933 ], [ 37.825113400000021, 55.7534079 ], [ 37.825145600000013, 55.753473 ], [ 37.8251878, 55.753569600000013 ], [ 37.825522100000015, 55.7543356 ], [ 37.8256211, 55.7545624 ], [ 37.8259766, 55.7553771 ], [ 37.826394200000024, 55.756334099999989 ], [ 37.8265314, 55.7566474 ], [ 37.826805500000013, 55.757273300000016 ], [ 37.826927700000013, 55.7575557 ], [ 37.826961800000014, 55.7576345 ], [ 37.825766, 55.7578018 ], [ 37.8247295, 55.7579468 ], [ 37.822473300000013, 55.7582655 ], [ 37.8211678, 55.758449900000024 ], [ 37.820366800000016, 55.7585966 ], [ 37.820037700000015, 55.758644200000013 ], [ 37.8198453, 55.7586716 ], [ 37.817788, 55.7589705 ], [ 37.814336500000024, 55.7594664 ], [ 37.8115574, 55.75985410000002 ], [ 37.811269, 55.7598926 ], [ 37.808814600000012, 55.7602225 ], [ 37.808700900000019, 55.7602404 ], [ 37.8065505, 55.7605627 ], [ 37.8062054, 55.7606144 ], [ 37.804230100000012, 55.760883900000024 ], [ 37.8041077, 55.760902200000018 ], [ 37.8039359, 55.760931 ], [ 37.8032288, 55.7610616 ], [ 37.8030031, 55.7610814 ], [ 37.8027878, 55.761095100000013 ], [ 37.8025714, 55.761104 ], [ 37.802361100000013, 55.761110500000015 ], [ 37.8021089, 55.761109400000016 ], [ 37.8018917, 55.7610983 ], [ 37.8017055, 55.7610813 ], [ 37.800634600000016, 55.7608837 ], [ 37.8005803, 55.7609754 ], [ 37.7999236, 55.762089600000017 ], [ 37.7998462, 55.762218700000012 ], [ 37.799808900000016, 55.7623198 ], [ 37.7998143, 55.762430900000012 ], [ 37.7999922, 55.7629074 ], [ 37.8002182, 55.7634684 ], [ 37.800357, 55.7637843 ], [ 37.8004209, 55.763910500000023 ], [ 37.8004576, 55.763983 ], [ 37.8009609, 55.765072200000013 ], [ 37.801438400000016, 55.7661529 ], [ 37.8014888, 55.766355600000018 ], [ 37.8014631, 55.7665302 ], [ 37.801412200000023, 55.7668758 ], [ 37.8012802, 55.7677718 ], [ 37.8012386, 55.767890700000031 ], [ 37.801187, 55.7679296 ], [ 37.794367200000025, 55.766600600000018 ], [ 37.791883500000012, 55.7661072 ], [ 37.791754800000014, 55.766342800000011 ], [ 37.778672700000016, 55.7661065 ], [ 37.7773816, 55.765876500000012 ], [ 37.7753963, 55.765275900000013 ], [ 37.7719324, 55.7641895 ], [ 37.770424100000014, 55.763619 ], [ 37.7691693, 55.763196199999989 ], [ 37.768936600000018, 55.76397 ], [ 37.768784200000013, 55.763924700000018 ], [ 37.764049300000018, 55.7621823 ], [ 37.7600358, 55.7613973 ], [ 37.7577165, 55.7609592 ], [ 37.7564002, 55.760666700000016 ], [ 37.7544843, 55.760306200000024 ], [ 37.753697800000012, 55.7596111 ], [ 37.7542156, 55.7587455 ], [ 37.754009, 55.758710100000016 ], [ 37.75075540000001, 55.7581021 ], [ 37.7487092, 55.7577001 ], [ 37.7465835, 55.757279200000021 ], [ 37.7456623, 55.757088500000016 ], [ 37.7411367, 55.7561842 ], [ 37.736466, 55.7553046 ], [ 37.7339815, 55.754811700000012 ], [ 37.732040300000016, 55.7544335 ], [ 37.7270919, 55.7534436 ], [ 37.7238536, 55.752813300000014 ], [ 37.7217503, 55.752396300000015 ], [ 37.719611899999983, 55.7519793 ], [ 37.7191682, 55.7524109 ], [ 37.7187188, 55.7529423 ], [ 37.71838540000001, 55.753419 ], [ 37.718132800000014, 55.7538805 ], [ 37.717915200000014, 55.7544051 ], [ 37.7177565, 55.7549601 ], [ 37.7176811, 55.755507 ], [ 37.7176602, 55.7559645 ], [ 37.7177132, 55.756483299999985 ], [ 37.7178174, 55.7569832 ], [ 37.717969700000012, 55.757493 ], [ 37.7181798, 55.7580182 ], [ 37.718427800000015, 55.758507 ], [ 37.719673500000013, 55.7606292 ], [ 37.719855499999987, 55.760943300000015 ], [ 37.720248900000016, 55.7616096 ], [ 37.720471700000012, 55.762028100000016 ], [ 37.7206319, 55.7624647 ], [ 37.7207051, 55.762784 ], [ 37.720744900000014, 55.7631229 ], [ 37.7208733, 55.7649463 ], [ 37.7208531, 55.765470300000011 ], [ 37.720781700000011, 55.7658833 ], [ 37.7206276, 55.766318400000017 ], [ 37.720389, 55.7667332 ], [ 37.7200863, 55.7671338 ], [ 37.71961270000002, 55.767679300000019 ], [ 37.717839200000022, 55.769589200000013 ], [ 37.7173674, 55.770145500000012 ], [ 37.7169713, 55.7707009 ], [ 37.7163027, 55.771776300000013 ], [ 37.7159462, 55.772298 ], [ 37.714192700000012, 55.7745327 ], [ 37.7137476, 55.7751129 ], [ 37.71361180000001, 55.7753013 ], [ 37.7135246, 55.7752559 ], [ 37.7133277, 55.7754793 ], [ 37.712680700000014, 55.7761712 ], [ 37.710931200000012, 55.7780007 ], [ 37.71043, 55.7784492 ], [ 37.709919700000015, 55.7788745 ], [ 37.7093365, 55.779284500000017 ], [ 37.7087898, 55.7796227 ], [ 37.708297700000017, 55.7799071 ], [ 37.707741900000016, 55.7801608 ], [ 37.7071268, 55.780383700000016 ], [ 37.7060926, 55.7807372 ], [ 37.705249699999989, 55.7809935 ], [ 37.7044914, 55.7811858 ], [ 37.704302, 55.781239400000018 ], [ 37.703181200000017, 55.7815238 ], [ 37.7025297, 55.7816545 ], [ 37.7018967, 55.7817704 ], [ 37.701243600000012, 55.781850500000019 ], [ 37.7006114, 55.78189110000001 ], [ 37.699982600000013, 55.781911900000019 ], [ 37.6999012, 55.781914400000012 ], [ 37.6995175, 55.781967900000012 ], [ 37.69938590000001, 55.78196860000002 ], [ 37.6993199, 55.7827141 ], [ 37.6992606, 55.7831349 ], [ 37.6990165, 55.7844964 ], [ 37.698831400000017, 55.785427400000017 ], [ 37.6987112, 55.786745 ], [ 37.6991318, 55.7883665 ], [ 37.6994151, 55.7888056 ], [ 37.7000354, 55.789309400000022 ], [ 37.700244200000014, 55.7894408 ], [ 37.700443900000025, 55.7895595 ], [ 37.7006554, 55.7896663 ], [ 37.7014682, 55.7900662 ], [ 37.7021769, 55.7904186 ], [ 37.702858500000012, 55.790777500000026 ], [ 37.7037892, 55.7912761 ], [ 37.7041328, 55.7914577 ], [ 37.704472100000018, 55.791646500000027 ], [ 37.7047163, 55.7917918 ], [ 37.7048892, 55.7919092 ], [ 37.705054900000015, 55.792040900000025 ], [ 37.705201, 55.792174500000023 ], [ 37.705320300000011, 55.792321500000014 ], [ 37.705415700000017, 55.792473 ], [ 37.705473, 55.792625 ], [ 37.705496400000015, 55.79279540000001 ], [ 37.7054872, 55.7929889 ], [ 37.705453, 55.793162 ], [ 37.705376, 55.7933478 ], [ 37.705248800000021, 55.7935311 ], [ 37.705107, 55.7936955 ], [ 37.7048541, 55.793981 ], [ 37.704616, 55.794230400000011 ], [ 37.7042788, 55.794559300000024 ], [ 37.7039839, 55.7948254 ], [ 37.7031561, 55.7955214 ], [ 37.702899800000019, 55.795754100000011 ], [ 37.701217500000013, 55.79717260000001 ], [ 37.699827, 55.7984126 ], [ 37.698917200000011, 55.7994933 ], [ 37.6985739, 55.8002797 ], [ 37.698803200000015, 55.801342600000012 ], [ 37.698985400000012, 55.801362 ], [ 37.6991528, 55.8013749 ], [ 37.699505400000014, 55.801414500000014 ], [ 37.699863700000023, 55.8015018 ], [ 37.7023722, 55.8022237 ], [ 37.7035908, 55.8025528 ], [ 37.703906300000014, 55.802638 ], [ 37.7044583, 55.80278710000001 ], [ 37.704567100000013, 55.80281650000002 ], [ 37.7051905, 55.8029849 ], [ 37.7058848, 55.8031724 ], [ 37.706139, 55.803241 ], [ 37.706626800000024, 55.80337280000002 ], [ 37.7067972, 55.803419400000017 ], [ 37.7070705, 55.80349260000002 ], [ 37.7076755, 55.803656 ], [ 37.7077914, 55.803533800000025 ], [ 37.7079453, 55.803416 ], [ 37.7082499, 55.803211 ], [ 37.708751100000015, 55.8028938 ], [ 37.70902370000001, 55.803057900000013 ], [ 37.711367, 55.804223300000011 ], [ 37.7116289, 55.8043372 ], [ 37.711934, 55.804406700000015 ], [ 37.7121273, 55.80444540000002 ], [ 37.7121779, 55.8044538 ], [ 37.712297, 55.804475700000012 ], [ 37.714198600000017, 55.8048098 ], [ 37.7143447, 55.8048356 ], [ 37.7144859, 55.80485920000001 ], [ 37.7153493, 55.805004500000017 ], [ 37.7163512, 55.8051741 ], [ 37.7167493, 55.8052415 ], [ 37.7172935, 55.805336300000015 ], [ 37.7175178, 55.8053753 ], [ 37.717758700000019, 55.8054179 ], [ 37.7178623, 55.805434200000015 ], [ 37.717950900000012, 55.8054492 ], [ 37.7184814, 55.80553530000001 ], [ 37.72091, 55.8059479 ], [ 37.7212645, 55.8060089 ], [ 37.7214936, 55.8060483 ], [ 37.722225200000011, 55.806174100000021 ], [ 37.7225622, 55.80623210000001 ], [ 37.722667700000017, 55.8062502 ], [ 37.7230279, 55.8063122 ], [ 37.723997300000015, 55.806496400000015 ], [ 37.7240882, 55.806516 ], [ 37.724286200000016, 55.806587 ], [ 37.724465, 55.806665600000024 ], [ 37.7246322, 55.806751200000015 ], [ 37.7247163, 55.8067943 ], [ 37.7248105, 55.8068522 ], [ 37.7249548, 55.8069442 ], [ 37.725003900000011, 55.8069755 ], [ 37.725030900000014, 55.8069914 ], [ 37.7261005, 55.8076191 ], [ 37.726262600000013, 55.8077143 ], [ 37.7266039, 55.8079159 ], [ 37.7266439, 55.807939700000013 ], [ 37.7266715, 55.80795710000001 ], [ 37.726705, 55.807977 ], [ 37.727467500000017, 55.8084294 ], [ 37.7275753, 55.8084885 ], [ 37.7285152, 55.8090271 ], [ 37.729238900000013, 55.809456300000015 ], [ 37.7297405, 55.809752400000015 ], [ 37.729849, 55.8098175 ], [ 37.7299204, 55.809779800000015 ], [ 37.7300727, 55.8097005 ], [ 37.730151, 55.80965980000002 ], [ 37.7310512, 55.8091915 ], [ 37.731395800000023, 55.809016900000024 ], [ 37.731732, 55.808837200000013 ], [ 37.7318134, 55.8087949 ], [ 37.7321045, 55.8089323 ], [ 37.732352, 55.808999300000011 ], [ 37.7333616, 55.8090021 ], [ 37.733604900000024, 55.8090012 ], [ 37.733934300000023, 55.8090011 ], [ 37.735080500000016, 55.808998 ], [ 37.7356356, 55.8089959 ], [ 37.7362821, 55.8089936 ], [ 37.7381682, 55.808978 ], [ 37.73929960000001, 55.8089738 ], [ 37.7449547, 55.8089734 ], [ 37.746013600000019, 55.809034600000011 ], [ 37.745930500000014, 55.8103596 ], [ 37.7451291, 55.81181950000002 ], [ 37.7428123, 55.814120300000013 ], [ 37.7419366, 55.8145278 ], [ 37.7414402, 55.814834100000013 ], [ 37.739794099999983, 55.815742100000016 ], [ 37.738501500000012, 55.8164165 ], [ 37.7373361, 55.817036400000013 ], [ 37.736608100000012, 55.8173856 ], [ 37.7360045, 55.817666 ], [ 37.734756200000014, 55.818222200000029 ], [ 37.733159100000016, 55.8188295 ], [ 37.7309828, 55.819578400000012 ], [ 37.727082, 55.8209022 ], [ 37.7251405, 55.8215512 ], [ 37.721988, 55.8226231 ], [ 37.7152745, 55.8249256 ], [ 37.7123319, 55.8258988 ], [ 37.7116618, 55.8261462 ], [ 37.708303500000014, 55.8273205 ], [ 37.7015746, 55.829604099999976 ], [ 37.6979361, 55.8308602 ], [ 37.694775200000016, 55.8319113 ], [ 37.6925475, 55.8326711 ], [ 37.6899839, 55.8335274 ], [ 37.687237600000024, 55.834387600000014 ], [ 37.6834818, 55.8353635 ], [ 37.6772835, 55.8369298 ], [ 37.673791, 55.8378085 ], [ 37.6712583, 55.838460600000019 ], [ 37.6702104, 55.8387396 ], [ 37.6707205, 55.838635 ], [ 37.6720878, 55.8384074 ], [ 37.672849100000015, 55.838336200000015 ], [ 37.6735016, 55.8383181 ], [ 37.6742063, 55.8383472 ], [ 37.6749644, 55.838450300000012 ], [ 37.675689400000017, 55.8386141 ], [ 37.6763165, 55.83882160000001 ], [ 37.676898100000017, 55.839094300000014 ], [ 37.6773835, 55.839389700000027 ], [ 37.6777382, 55.8396759 ], [ 37.6780091, 55.8399397 ], [ 37.6782927, 55.840343 ], [ 37.678457, 55.84069 ], [ 37.678533100000024, 55.8410399 ], [ 37.6785287, 55.8414391 ], [ 37.6784403, 55.8418234 ], [ 37.680257600000012, 55.8424748 ], [ 37.681388900000016, 55.8432125 ], [ 37.685362500000018, 55.845290400000025 ], [ 37.685844400000015, 55.8455421 ], [ 37.6865624, 55.8459342 ], [ 37.6866194, 55.845963200000014 ], [ 37.6888242, 55.8471673 ], [ 37.688889800000013, 55.8472001 ], [ 37.6890669, 55.847288600000013 ], [ 37.690320100000015, 55.8480054 ], [ 37.6902149, 55.8481906 ], [ 37.6908265, 55.848891900000012 ], [ 37.6922264, 55.850306700000012 ], [ 37.689970400000021, 55.851223100000013 ], [ 37.6918707, 55.8526024 ], [ 37.6923916, 55.852952500000022 ], [ 37.6883279, 55.853926 ], [ 37.6867679, 55.854512900000024 ], [ 37.6867899, 55.854773399999985 ], [ 37.687859700000011, 55.8554916 ], [ 37.6879813, 55.8555164 ], [ 37.688603400000012, 55.855284900000022 ], [ 37.6894096, 55.8559566 ], [ 37.690243, 55.8558958 ], [ 37.690598200000018, 55.856084300000013 ], [ 37.690747200000018, 55.8561774 ], [ 37.6916307, 55.85602990000001 ], [ 37.6925215, 55.8561333 ], [ 37.693133200000013, 55.855796600000019 ], [ 37.693069199999989, 55.8556987 ], [ 37.6928955, 55.855567800000024 ], [ 37.692634, 55.8555098 ], [ 37.6924303, 55.8553303 ], [ 37.6927737, 55.855167 ], [ 37.694675800000013, 55.853402400000022 ], [ 37.6944997, 55.853024600000019 ], [ 37.6942892, 55.8525461 ], [ 37.694256900000013, 55.85247 ], [ 37.6942482, 55.852449600000014 ], [ 37.694154800000021, 55.852229799999989 ], [ 37.6939638, 55.85180660000001 ], [ 37.69535410000001, 55.8501993 ], [ 37.6968229, 55.848160900000011 ], [ 37.70358670000001, 55.848773300000012 ], [ 37.70551780000001, 55.847861299999984 ], [ 37.7097805, 55.847542900000015 ], [ 37.7118986, 55.847355500000027 ], [ 37.7121601, 55.8473548 ], [ 37.7123877, 55.8474329 ], [ 37.7125031, 55.8475275 ], [ 37.7140751, 55.846914900000016 ], [ 37.7171278, 55.849057300000013 ], [ 37.7180197, 55.84935 ], [ 37.7193788, 55.8500444 ], [ 37.7201048, 55.8505731 ], [ 37.719405, 55.851422599999985 ], [ 37.721005, 55.852205600000012 ], [ 37.7216393, 55.8529241 ], [ 37.721456299999986, 55.8533645 ], [ 37.7182463, 55.8600081 ], [ 37.7179213, 55.860634200000014 ], [ 37.7149391, 55.860674299999985 ], [ 37.71047, 55.860735 ], [ 37.700564, 55.8611218 ], [ 37.7007728, 55.8614562 ], [ 37.70199760000002, 55.8621752 ], [ 37.7026579, 55.862557700000025 ], [ 37.7050396, 55.8610008 ], [ 37.709321900000013, 55.8610078 ], [ 37.709115900000015, 55.8625635 ], [ 37.7088639, 55.8631979 ], [ 37.706669300000016, 55.8641433 ], [ 37.706614100000017, 55.864285600000017 ], [ 37.707211900000019, 55.8647584 ], [ 37.7078357, 55.8652653 ], [ 37.7079241, 55.865336900000024 ], [ 37.707699400000024, 55.8655185 ], [ 37.709035100000023, 55.8662524 ], [ 37.711142700000011, 55.8674321 ], [ 37.715232100000023, 55.8698022 ], [ 37.7158133, 55.8701542 ], [ 37.719053100000011, 55.872245600000021 ], [ 37.721736, 55.872983 ], [ 37.7224445, 55.873632100000016 ], [ 37.723624200000017, 55.8734064 ], [ 37.7236286, 55.8732017 ], [ 37.7242557, 55.873008 ], [ 37.726091800000013, 55.8736398 ], [ 37.7265554, 55.8737993 ], [ 37.7270819, 55.8738551 ], [ 37.7273401, 55.87392190000002 ], [ 37.7275498, 55.8739242 ], [ 37.7279265, 55.8739005 ], [ 37.7280604, 55.874004299999989 ], [ 37.728323700000011, 55.8742146 ], [ 37.7285421, 55.8742591 ], [ 37.729479, 55.8743869 ], [ 37.7298326, 55.874665500000013 ], [ 37.731819700000017, 55.87494520000002 ], [ 37.731081300000014, 55.87596 ], [ 37.7311964, 55.8767665 ], [ 37.731479, 55.876879400000021 ], [ 37.732657900000014, 55.8776649 ], [ 37.733562300000017, 55.8782167 ], [ 37.7342601, 55.8786424 ], [ 37.7355052, 55.877999500000023 ], [ 37.744659, 55.8733247 ], [ 37.7684983, 55.8608921 ], [ 37.777405800000018, 55.8564419 ], [ 37.782610800000015, 55.8537732 ], [ 37.785298, 55.8524037 ], [ 37.787898200000015, 55.851078400000013 ], [ 37.7895455, 55.850238800000014 ], [ 37.7954104, 55.84719250000002 ], [ 37.8022311, 55.843669799999986 ], [ 37.8079606, 55.8407403 ], [ 37.813896100000015, 55.83766390000001 ], [ 37.8185855, 55.8352952 ], [ 37.823348, 55.832771200000025 ], [ 37.827385499999984, 55.830599100000015 ], [ 37.8297437, 55.8305581 ], [ 37.8301389, 55.8303025 ], [ 37.8300501, 55.8297218 ], [ 37.83008150000002, 55.829153 ], [ 37.832338300000011, 55.8275673 ], [ 37.8343899, 55.825960700000032 ], [ 37.8360495, 55.8242232 ], [ 37.8373695, 55.822489600000019 ], [ 37.838094400000017, 55.820971800000017 ], [ 37.838389600000014, 55.819927200000016 ], [ 37.8385906, 55.8193213 ], [ 37.8387065, 55.81910640000001 ], [ 37.839174500000013, 55.816261500000017 ], [ 37.8398088, 55.8158698 ], [ 37.8419914, 55.815181600000024 ], [ 37.8427273, 55.81511770000003 ], [ 37.8433024, 55.8152075 ], [ 37.843431200000012, 55.815086300000011 ], [ 37.843551800000014, 55.814972199999985 ], [ 37.8436234, 55.8149044 ], [ 37.8437616, 55.8147738 ], [ 37.843043600000023, 55.814365100000018 ], [ 37.8414487, 55.8128949 ], [ 37.840632, 55.812451800000012 ], [ 37.84004580000002, 55.8120784 ], [ 37.8397912, 55.811739200000012 ], [ 37.839762, 55.81162470000001 ], [ 37.8399519, 55.809030200000016 ], [ 37.840206700000024, 55.806135200000014 ], [ 37.8404123, 55.803686 ], [ 37.8405143, 55.8024712 ], [ 37.8409022, 55.7988648 ], [ 37.8413183, 55.7951448 ], [ 37.8417789, 55.791156500000021 ], [ 37.8420251, 55.7889634 ] ] ], [ [ [ 37.8722522, 55.8224984 ], [ 37.8737977, 55.8200036 ], [ 37.876441, 55.820471300000015 ], [ 37.8783391, 55.8206528 ], [ 37.8789454, 55.819896900000018 ], [ 37.8797221, 55.819573400000017 ], [ 37.8805382, 55.8195135 ], [ 37.8821138, 55.8198336 ], [ 37.8839677, 55.820339400000016 ], [ 37.884277600000011, 55.819960600000016 ], [ 37.8851183, 55.8205986 ], [ 37.8879343, 55.8207108 ], [ 37.8887419, 55.819695600000017 ], [ 37.889836, 55.819638300000022 ], [ 37.8923604, 55.8192139 ], [ 37.8923539, 55.8190786 ], [ 37.8972431, 55.818231900000015 ], [ 37.8989488, 55.8174379 ], [ 37.899785200000018, 55.8161364 ], [ 37.899934600000016, 55.815140600000021 ], [ 37.8994626, 55.814582800000025 ], [ 37.89796470000001, 55.813788500000022 ], [ 37.8972371, 55.8136566 ], [ 37.896656300000011, 55.8136504 ], [ 37.8960238, 55.813732 ], [ 37.895435, 55.8137604 ], [ 37.8943798, 55.813931500000017 ], [ 37.8930571, 55.814226 ], [ 37.892053700000019, 55.8148274 ], [ 37.8914232, 55.81504360000001 ], [ 37.8892963, 55.8151759 ], [ 37.888886, 55.8154787 ], [ 37.888152399999989, 55.8156752 ], [ 37.887902500000017, 55.815941700000018 ], [ 37.8868742, 55.816531500000011 ], [ 37.8861402, 55.8161663 ], [ 37.8853211, 55.816662 ], [ 37.884128600000011, 55.8166608 ], [ 37.8821189, 55.815470700000027 ], [ 37.88163990000001, 55.815015 ], [ 37.880831800000024, 55.8145808 ], [ 37.880842499999986, 55.8143186 ], [ 37.8798248, 55.8142046 ], [ 37.879484300000023, 55.813472 ], [ 37.8796416, 55.813267299999985 ], [ 37.8789748, 55.812424900000011 ], [ 37.878148100000011, 55.8114292 ], [ 37.8773566, 55.8114672 ], [ 37.8741278, 55.8106937 ], [ 37.873582499999983, 55.8086963 ], [ 37.87008070000001, 55.807760700000024 ], [ 37.8711986, 55.8063292 ], [ 37.8665868, 55.8042107 ], [ 37.865743100000017, 55.804208 ], [ 37.8632647, 55.807421100000013 ], [ 37.862823200000015, 55.807311899999988 ], [ 37.8616973, 55.8086902 ], [ 37.8602718, 55.8085758 ], [ 37.860033799999989, 55.8084267 ], [ 37.8606871, 55.80754060000001 ], [ 37.856369499999985, 55.806041400000019 ], [ 37.856118700000017, 55.8066485 ], [ 37.856010800000014, 55.806588400000024 ], [ 37.852185199999987, 55.8089604 ], [ 37.8512996, 55.808833600000014 ], [ 37.850691500000011, 55.8085496 ], [ 37.8504694, 55.8086719 ], [ 37.8502374, 55.808557 ], [ 37.848871500000016, 55.809423200000012 ], [ 37.849809, 55.810466200000022 ], [ 37.8453271, 55.813562200000021 ], [ 37.852883, 55.8167206 ], [ 37.8573206, 55.817911100000018 ], [ 37.8572656, 55.8183396 ], [ 37.8581098, 55.8187889 ], [ 37.8575479, 55.8195725 ], [ 37.8591727, 55.819978600000013 ], [ 37.859439900000012, 55.8194823 ], [ 37.8599898, 55.819392 ], [ 37.8623186, 55.8199379 ], [ 37.8622608, 55.8200183 ], [ 37.8661715, 55.8208519 ], [ 37.8662149, 55.8209309 ], [ 37.8687155, 55.8214989 ], [ 37.868518400000013, 55.821864 ], [ 37.8691209, 55.8219754 ], [ 37.8691282, 55.8219555 ], [ 37.8722522, 55.8224984 ] ] ] ] } },
{ "type": "Feature", "properties": { "fid": 206, "okrug": 206, "wiki_name": "Город Москва - Тушинский одномандатный избирательный округ ", "wiki_pop": 462805, "wiki_terr": "Северо-Западный административный округ (район Митино, район Покровское-Стрешнево, район Строгино, район Хорошево-Мневники, район Щукино, район Южное Тушино) ", "color": "#8292E1", "2021_duma_oik196_Иванова": 0.0, "2021_duma_oik196_Крюков": 0.0, "2021_duma_oik196_Малинкович": 0.0, "2021_duma_oik196_Миронова": 0.0, "2021_duma_oik196_Рашкин": 0.0, "2021_duma_oik196_Рвачев": 0.0, "2021_duma_oik196_Стрельникова": 0.0, "2021_duma_oik196_Тарасов": 0.0, "2021_duma_oik196_Федоров": 0.0, "2021_duma_oik196_Янков": 0.0, "2021_duma_oik196_явка": 0.0, "2021_duma_oik196_недействительные": 0.0, "2021_duma_oik197_Гончаров": 0.0, "2021_duma_oik197_Горшкова": 0.0, "2021_duma_oik197_Лобанов": 0.0, "2021_duma_oik197_Меньшиков": 0.0, "2021_duma_oik197_Митина": 0.0, "2021_duma_oik197_Попов": 0.0, "2021_duma_oik197_Раменский": 0.0, "2021_duma_oik197_Соболев": 0.0, "2021_duma_oik197_Тарнавский": 0.0, "2021_duma_oik197_явка": 0.0, "2021_duma_oik197_недействительные": 0.0, "2021_duma_oik198_Брюханова": 0.0, "2021_duma_oik198_Власов": 0.0, "2021_duma_oik198_Голуенко": 0.0, "2021_duma_oik198_Звягинцев": 0.0, "2021_duma_oik198_Катаев": 0.0, "2021_duma_oik198_Литвинович": 0.0, "2021_duma_oik198_Мельников": 0.0, "2021_duma_oik198_Тарбаев": 0.0, "2021_duma_oik198_Хованская": 0.0, "2021_duma_oik198_явка": 0.0, "2021_duma_oik198_недействительные": 0.0, "2021_duma_oik199_Гулина": 0.0, "2021_duma_oik199_Гуличева": 0.0, "2021_duma_oik199_Катков": 0.0, "2021_duma_oik199_Киселёв": 0.0, "2021_duma_oik199_Кульнев": 0.0, "2021_duma_oik199_Прохоренкова": 0.0, "2021_duma_oik199_Рашкин": 0.0, "2021_duma_oik199_Тарасов": 0.0, "2021_duma_oik199_Толстой": 0.0, "2021_duma_oik199_Шах": 0.0, "2021_duma_oik199_Шоладеми": 0.0, "2021_duma_oik199_явка": 0.0, "2021_duma_oik199_недействительные": 0.0, "2021_duma_oik200_Бабушкин": 0.0, "2021_duma_oik200_Вельмакин": 0.0, "2021_duma_oik200_Загребной": 0.0, "2021_duma_oik200_Запотылок": 0.0, "2021_duma_oik200_Орлов": 0.0, "2021_duma_oik200_Парфенов": 0.0, "2021_duma_oik200_Певцов": 0.0, "2021_duma_oik200_Степкин": 0.0, "2021_duma_oik200_явка": 0.0, "2021_duma_oik200_недействительные": 0.0, "2021_duma_oik201_Гаспарян": 0.0, "2021_duma_oik201_Демин": 0.0, "2021_duma_oik201_Куликов": 0.0, "2021_duma_oik201_Разворотнева": 0.0, "2021_duma_oik201_Туманов": 0.0, "2021_duma_oik201_Удалова": 0.0, "2021_duma_oik201_Удальцова": 0.0, "2021_duma_oik201_Черников": 0.0, "2021_duma_oik201_явка": 0.0, "2021_duma_oik201_недействительные": 0.0, "2021_duma_oik202_Гершберг": 0.0, "2021_duma_oik202_Лапшов": 0.0, "2021_duma_oik202_Махницкий": 0.0, "2021_duma_oik202_Михайловский": 0.0, "2021_duma_oik202_Муратова": 0.0, "2021_duma_oik202_Придорожный": 0.0, "2021_duma_oik202_Саблин": 0.0, "2021_duma_oik202_Сиднев": 0.0, "2021_duma_oik202_Суханов": 0.0, "2021_duma_oik202_явка": 0.0, "2021_duma_oik202_недействительные": 0.0, "2021_duma_oik203_Казенков": 0.0, "2021_duma_oik203_Нифантьев": 0.0, "2021_duma_oik203_Пенкин": 0.0, "2021_duma_oik203_Петров": 0.0, "2021_duma_oik203_Смолич": 0.0, "2021_duma_oik203_Турушев": 0.0, "2021_duma_oik203_Шлямина": 0.0, "2021_duma_oik203_Шушлебина": 0.0, "2021_duma_oik203_Юдин": 0.0, "2021_duma_oik203_явка": 0.0, "2021_duma_oik203_недействительные": 0.0, "2021_duma_oik204_Дворак": 0.0, "2021_duma_oik204_Доможирова": 0.0, "2021_duma_oik204_Игнатьев": 0.0, "2021_duma_oik204_Измайлов": 0.0, "2021_duma_oik204_Кавказский": 0.0, "2021_duma_oik204_Курганов": 0.0, "2021_duma_oik204_Курганский": 0.0, "2021_duma_oik204_Монахов": 0.0, "2021_duma_oik204_Пресняков": 0.0, "2021_duma_oik204_Проханов": 0.0, "2021_duma_oik204_Шувалов": 0.0, "2021_duma_oik204_Яшин": 0.0, "2021_duma_oik204_явка": 0.0, "2021_duma_oik204_недействительные": 0.0, "2021_duma_oik205_Демченко": 0.0, "2021_duma_oik205_Загордан": 0.0, "2021_duma_oik205_Ищенко": 0.0, "2021_duma_oik205_Корягина": 0.0, "2021_duma_oik205_Костычева": 0.0, "2021_duma_oik205_Медведев": 0.0, "2021_duma_oik205_Обухов": 0.0, "2021_duma_oik205_Попова": 0.0, "2021_duma_oik205_Сидоров": 0.0, "2021_duma_oik205_явка": 0.0, "2021_duma_oik205_недействительные": 0.0, "2021_duma_oik206_Васильев": 4.22, "2021_duma_oik206_Гребенник": 24.78, "2021_duma_oik206_Иванова": 9.14, "2021_duma_oik206_Копкина": 4.92, "2021_duma_oik206_Мажуга": 34.76, "2021_duma_oik206_Мишарин": 2.26, "2021_duma_oik206_Пономарев": 1.79, "2021_duma_oik206_Цыба": 5.43, "2021_duma_oik206_явка": 47.11, "2021_duma_oik206_недействительные": 2.12, "2021_duma_oik207_Макаренко": 0.0, "2021_duma_oik207_Милованов": 0.0, "2021_duma_oik207_Павлинов": 0.0, "2021_duma_oik207_Пангаев": 0.0, "2021_duma_oik207_Серафонтов": 0.0, "2021_duma_oik207_Соловьев": 0.0, "2021_duma_oik207_Ульянов": 0.0, "2021_duma_oik207_Ульянченко": 0.0, "2021_duma_oik207_Хазин": 0.0, "2021_duma_oik207_Юрченко": 0.0, "2021_duma_oik207_явка": 0.0, "2021_duma_oik207_недействительные": 0.0, "2021_duma_oik208_Кошлаков-Крестовский": 0.0, "2021_duma_oik208_Леонов": 0.0, "2021_duma_oik208_Митрохин": 0.0, "2021_duma_oik208_Останина": 0.0, "2021_duma_oik208_Хараидзе": 0.0, "2021_duma_oik208_Шевченко": 0.0, "2021_duma_oik208_Широков": 0.0, "2021_duma_oik208_Юшин": 0.0, "2021_duma_oik208_Якубович": 0.0, "2021_duma_oik208_Яндиев": 0.0, "2021_duma_oik208_явка": 0.0, "2021_duma_oik208_недействительные": 0.0, "2021_duma_oik209_Волков": 0.0, "2021_duma_oik209_Ильин": 0.0, "2021_duma_oik209_Максимов": 0.0, "2021_duma_oik209_Николаев": 0.0, "2021_duma_oik209_Палюлин": 0.0, "2021_duma_oik209_Румянцев": 0.0, "2021_duma_oik209_Чирков": 0.0, "2021_duma_oik209_Шупеня": 0.0, "2021_duma_oik209_явка": 0.0, "2021_duma_oik209_недействительные": 0.0, "2021_duma_oik210_Буткеев": 0.0, "2021_duma_oik210_Коршунков": 0.0, "2021_duma_oik210_Крапухин": 0.0, "2021_duma_oik210_Начевский": 0.0, "2021_duma_oik210_Романенко": 0.0, "2021_duma_oik210_Смитиенко": 0.0, "2021_duma_oik210_Таранцов": 0.0, "2021_duma_oik210_Таращанский": 0.0, "2021_duma_oik210_Яцевский": 0.0, "2021_duma_oik210_явка": 0.0, "2021_duma_oik210_недействительные": 0.0, "2021_duma_oik196_Иванова_party": null, "2021_duma_oik196_Крюков_party": null, "2021_duma_oik196_Малинкович_party": null, "2021_duma_oik196_Миронова_party": null, "2021_duma_oik196_Рашкин_party": null, "2021_duma_oik196_Рвачев_party": null, "2021_duma_oik196_Стрельникова_party": null, "2021_duma_oik196_Тарасов_party": null, "2021_duma_oik196_Федоров_party": null, "2021_duma_oik196_Янков_party": null, "2021_duma_oik196_явка_party": null, "2021_duma_oik196_недействительные_party": null, "2021_duma_oik197_Гончаров_party": null, "2021_duma_oik197_Горшкова_party": null, "2021_duma_oik197_Лобанов_party": null, "2021_duma_oik197_Меньшиков_party": null, "2021_duma_oik197_Митина_party": null, "2021_duma_oik197_Попов_party": null, "2021_duma_oik197_Раменский_party": null, "2021_duma_oik197_Соболев_party": null, "2021_duma_oik197_Тарнавский_party": null, "2021_duma_oik197_явка_party": null, "2021_duma_oik197_недействительные_party": null, "2021_duma_oik198_Брюханова_party": null, "2021_duma_oik198_Власов_party": null, "2021_duma_oik198_Голуенко_party": null, "2021_duma_oik198_Звягинцев_party": null, "2021_duma_oik198_Катаев_party": null, "2021_duma_oik198_Литвинович_party": null, "2021_duma_oik198_Мельников_party": null, "2021_duma_oik198_Тарбаев_party": null, "2021_duma_oik198_Хованская_party": null, "2021_duma_oik198_явка_party": null, "2021_duma_oik198_недействительные_party": null, "2021_duma_oik199_Гулина_party": null, "2021_duma_oik199_Гуличева_party": null, "2021_duma_oik199_Катков_party": null, "2021_duma_oik199_Киселёв_party": null, "2021_duma_oik199_Кульнев_party": null, "2021_duma_oik199_Прохоренкова_party": null, "2021_duma_oik199_Рашкин_party": null, "2021_duma_oik199_Тарасов_party": null, "2021_duma_oik199_Толстой_party": null, "2021_duma_oik199_Шах_party": null, "2021_duma_oik199_Шоладеми_party": null, "2021_duma_oik199_явка_party": null, "2021_duma_oik199_недействительные_party": null, "2021_duma_oik200_Бабушкин_party": null, "2021_duma_oik200_Вельмакин_party": null, "2021_duma_oik200_Загребной_party": null, "2021_duma_oik200_Запотылок_party": null, "2021_duma_oik200_Орлов_party": null, "2021_duma_oik200_Парфенов_party": null, "2021_duma_oik200_Певцов_party": null, "2021_duma_oik200_Степкин_party": null, "2021_duma_oik200_явка_party": null, "2021_duma_oik200_недействительные_party": null, "2021_duma_oik201_Гаспарян_party": null, "2021_duma_oik201_Демин_party": null, "2021_duma_oik201_Куликов_party": null, "2021_duma_oik201_Разворотнева_party": null, "2021_duma_oik201_Туманов_party": null, "2021_duma_oik201_Удалова_party": null, "2021_duma_oik201_Удальцова_party": null, "2021_duma_oik201_Черников_party": null, "2021_duma_oik201_явка_party": null, "2021_duma_oik201_недействительные_party": null, "2021_duma_oik202_Гершберг_party": null, "2021_duma_oik202_Лапшов_party": null, "2021_duma_oik202_Махницкий_party": null, "2021_duma_oik202_Михайловский_party": null, "2021_duma_oik202_Муратова_party": null, "2021_duma_oik202_Придорожный_party": null, "2021_duma_oik202_Саблин_party": null, "2021_duma_oik202_Сиднев_party": null, "2021_duma_oik202_Суханов_party": null, "2021_duma_oik202_явка_party": null, "2021_duma_oik202_недействительные_party": null, "2021_duma_oik203_Казенков_party": null, "2021_duma_oik203_Нифантьев_party": null, "2021_duma_oik203_Пенкин_party": null, "2021_duma_oik203_Петров_party": null, "2021_duma_oik203_Смолич_party": null, "2021_duma_oik203_Турушев_party": null, "2021_duma_oik203_Шлямина_party": null, "2021_duma_oik203_Шушлебина_party": null, "2021_duma_oik203_Юдин_party": null, "2021_duma_oik203_явка_party": null, "2021_duma_oik203_недействительные_party": null, "2021_duma_oik204_Дворак_party": null, "2021_duma_oik204_Доможирова_party": null, "2021_duma_oik204_Игнатьев_party": null, "2021_duma_oik204_Измайлов_party": null, "2021_duma_oik204_Кавказский_party": null, "2021_duma_oik204_Курганов_party": null, "2021_duma_oik204_Курганский_party": null, "2021_duma_oik204_Монахов_party": null, "2021_duma_oik204_Пресняков_party": null, "2021_duma_oik204_Проханов_party": null, "2021_duma_oik204_Шувалов_party": null, "2021_duma_oik204_Яшин_party": null, "2021_duma_oik204_явка_party": null, "2021_duma_oik204_недействительные_party": null, "2021_duma_oik205_Демченко_party": null, "2021_duma_oik205_Загордан_party": null, "2021_duma_oik205_Ищенко_party": null, "2021_duma_oik205_Корягина_party": null, "2021_duma_oik205_Костычева_party": null, "2021_duma_oik205_Медведев_party": null, "2021_duma_oik205_Обухов_party": null, "2021_duma_oik205_Попова_party": null, "2021_duma_oik205_Сидоров_party": null, "2021_duma_oik205_явка_party": null, "2021_duma_oik205_недействительные_party": null, "2021_duma_oik206_Васильев_party": "Коммунисты России (КПКР)", "2021_duma_oik206_Гребенник_party": "КПРФ", "2021_duma_oik206_Иванова_party": "Новые люди", "2021_duma_oik206_Копкина_party": "Яблоко", "2021_duma_oik206_Мажуга_party": "Единая Россия", "2021_duma_oik206_Мишарин_party": "Зеленые", "2021_duma_oik206_Пономарев_party": "Партия свободы и справедливости", "2021_duma_oik206_Цыба_party": "Справедливая Россия", "2021_duma_oik206_явка_party": "Неизвестно", "2021_duma_oik206_недействительные_party": "Неизвестно", "2021_duma_oik207_Макаренко_party": null, "2021_duma_oik207_Милованов_party": null, "2021_duma_oik207_Павлинов_party": null, "2021_duma_oik207_Пангаев_party": null, "2021_duma_oik207_Серафонтов_party": null, "2021_duma_oik207_Соловьев_party": null, "2021_duma_oik207_Ульянов_party": null, "2021_duma_oik207_Ульянченко_party": null, "2021_duma_oik207_Хазин_party": null, "2021_duma_oik207_Юрченко_party": null, "2021_duma_oik207_явка_party": null, "2021_duma_oik207_недействительные_party": null, "2021_duma_oik208_Кошлаков-Крестовский_party": null, "2021_duma_oik208_Леонов_party": null, "2021_duma_oik208_Митрохин_party": null, "2021_duma_oik208_Останина_party": null, "2021_duma_oik208_Хараидзе_party": null, "2021_duma_oik208_Шевченко_party": null, "2021_duma_oik208_Широков_party": null, "2021_duma_oik208_Юшин_party": null, "2021_duma_oik208_Якубович_party": null, "2021_duma_oik208_Яндиев_party": null, "2021_duma_oik208_явка_party": null, "2021_duma_oik208_недействительные_party": null, "2021_duma_oik209_Волков_party": null, "2021_duma_oik209_Ильин_party": null, "2021_duma_oik209_Максимов_party": null, "2021_duma_oik209_Николаев_party": null, "2021_duma_oik209_Палюлин_party": null, "2021_duma_oik209_Румянцев_party": null, "2021_duma_oik209_Чирков_party": null, "2021_duma_oik209_Шупеня_party": null, "2021_duma_oik209_явка_party": null, "2021_duma_oik209_недействительные_party": null, "2021_duma_oik210_Буткеев_party": null, "2021_duma_oik210_Коршунков_party": null, "2021_duma_oik210_Крапухин_party": null, "2021_duma_oik210_Начевский_party": null, "2021_duma_oik210_Романенко_party": null, "2021_duma_oik210_Смитиенко_party": null, "2021_duma_oik210_Таранцов_party": null, "2021_duma_oik210_Таращанский_party": null, "2021_duma_oik210_Яцевский_party": null, "2021_duma_oik210_явка_party": null, "2021_duma_oik210_недействительные_party": null }, "geometry": { "type": "MultiPolygon", "coordinates": [ [ [ [ 37.5038208, 55.7910836 ], [ 37.5039651, 55.7904517 ], [ 37.5043504, 55.788724400000021 ], [ 37.504674100000017, 55.7873032 ], [ 37.5048433, 55.786515300000019 ], [ 37.5048806, 55.7863421 ], [ 37.5052337, 55.784854200000019 ], [ 37.505761, 55.7826699 ], [ 37.506285700000014, 55.780322100000014 ], [ 37.506599, 55.7788961 ], [ 37.506678900000011, 55.778625200000015 ], [ 37.50676270000001, 55.7783733 ], [ 37.5070247, 55.7778085 ], [ 37.507218800000011, 55.777450900000012 ], [ 37.5074052, 55.7771463 ], [ 37.5075431, 55.7769413 ], [ 37.507907, 55.7764565 ], [ 37.5087209, 55.7754839 ], [ 37.5094329, 55.7746615 ], [ 37.5096911, 55.774396 ], [ 37.510536, 55.773512900000014 ], [ 37.51096960000001, 55.7730554 ], [ 37.5112754, 55.77275980000001 ], [ 37.5117056, 55.772279499999989 ], [ 37.511888400000011, 55.7720859 ], [ 37.512122700000013, 55.7718391 ], [ 37.5125247, 55.771416700000032 ], [ 37.5128029, 55.7711244 ], [ 37.5131728, 55.770738600000023 ], [ 37.5133405, 55.770561200000017 ], [ 37.5136763, 55.77021580000001 ], [ 37.5138466, 55.7700395 ], [ 37.5140063, 55.7698742 ], [ 37.514308, 55.769558 ], [ 37.514665, 55.7691776 ], [ 37.5147929, 55.769041300000012 ], [ 37.5149266, 55.768898900000011 ], [ 37.515074100000021, 55.7687445 ], [ 37.5152416, 55.7685691 ], [ 37.5155606, 55.7682326 ], [ 37.5159631, 55.767810600000018 ], [ 37.5163263, 55.7674284 ], [ 37.5171018, 55.766624400000019 ], [ 37.517916800000016, 55.765770800000013 ], [ 37.51873740000002, 55.7649043 ], [ 37.519573100000017, 55.7640228 ], [ 37.5198497, 55.7637363 ], [ 37.520135900000014, 55.763439600000012 ], [ 37.5205166, 55.763041 ], [ 37.5208286, 55.7627143 ], [ 37.5212327, 55.762271 ], [ 37.521474800000014, 55.762019900000013 ], [ 37.521943500000013, 55.761509 ], [ 37.5218309, 55.7614838 ], [ 37.5218019, 55.7614628 ], [ 37.5217311, 55.761439800000012 ], [ 37.5216603, 55.7614167 ], [ 37.5215895, 55.761393700000013 ], [ 37.521518600000014, 55.7613706 ], [ 37.5211675, 55.7612401 ], [ 37.520972900000011, 55.7611227 ], [ 37.5203849, 55.760897500000013 ], [ 37.5199265, 55.7607219 ], [ 37.5192742, 55.760470100000013 ], [ 37.5166317, 55.7594597 ], [ 37.5156656, 55.7590896 ], [ 37.5139298, 55.7584219 ], [ 37.511664100000019, 55.759658700000017 ], [ 37.5058276, 55.7617836 ], [ 37.5042827, 55.76253210000003 ], [ 37.502952300000011, 55.763401300000019 ], [ 37.501064, 55.7643671 ], [ 37.49814580000001, 55.7655019 ], [ 37.4975162, 55.765686400000021 ], [ 37.49608580000001, 55.766105400000029 ], [ 37.4920518, 55.767360800000013 ], [ 37.489715800000013, 55.767959600000012 ], [ 37.487180600000016, 55.768194100000017 ], [ 37.484510800000017, 55.76817 ], [ 37.481918899999989, 55.7679769 ], [ 37.4800361, 55.7677128 ], [ 37.479418400000014, 55.76754540000001 ], [ 37.47886590000001, 55.7673434 ], [ 37.478421600000011, 55.7670545 ], [ 37.478055500000018, 55.7666923 ], [ 37.477087, 55.7655256 ], [ 37.476388, 55.7645104 ], [ 37.476173100000018, 55.7629909 ], [ 37.476173100000018, 55.7617112 ], [ 37.4767739, 55.756905900000021 ], [ 37.476731, 55.755964100000014 ], [ 37.47651650000001, 55.7545875 ], [ 37.476173100000018, 55.752293200000018 ], [ 37.475786900000017, 55.7512305 ], [ 37.475143200000012, 55.749878 ], [ 37.4741561, 55.7485012 ], [ 37.4727828, 55.7472693 ], [ 37.4710233, 55.7461099 ], [ 37.4673755, 55.74403250000001 ], [ 37.4648006, 55.742897100000015 ], [ 37.4617965, 55.7418583 ], [ 37.4591357, 55.741206100000028 ], [ 37.4553163, 55.7406021 ], [ 37.4525268, 55.7406021 ], [ 37.4492652, 55.7411336 ], [ 37.4465186, 55.7418583 ], [ 37.44445870000002, 55.742607200000016 ], [ 37.4424846, 55.743573500000011 ], [ 37.439738, 55.7452161 ], [ 37.4373777, 55.7464239 ], [ 37.436691, 55.747100300000014 ], [ 37.4363477, 55.747873199999987 ], [ 37.436605200000017, 55.7487186 ], [ 37.4368888, 55.749218499999984 ], [ 37.4369242, 55.7492525 ], [ 37.437376400000012, 55.7496856 ], [ 37.439221599999989, 55.7505309 ], [ 37.4421828, 55.7513038 ], [ 37.445571200000025, 55.7520988 ], [ 37.448834700000013, 55.7528978 ], [ 37.45308330000001, 55.753888 ], [ 37.455443600000017, 55.7547815 ], [ 37.4576323, 55.75582 ], [ 37.45960640000002, 55.7571482 ], [ 37.461838, 55.75883850000001 ], [ 37.4634259, 55.760190700000017 ], [ 37.4645205, 55.762383400000012 ], [ 37.4645693, 55.762695800000017 ], [ 37.4645846, 55.762794 ], [ 37.4646628, 55.76329530000001 ], [ 37.464561500000016, 55.7643068 ], [ 37.464271800000013, 55.7652279 ], [ 37.463990100000011, 55.7657713 ], [ 37.4629397, 55.7669505 ], [ 37.4603789, 55.7690757 ], [ 37.4552656, 55.7741771 ], [ 37.45303, 55.7756937 ], [ 37.4506431, 55.7768688 ], [ 37.44968380000001, 55.77714 ], [ 37.4488294, 55.7772765 ], [ 37.4481197, 55.777308 ], [ 37.4473534, 55.7772534 ], [ 37.445486700000011, 55.776877300000031 ], [ 37.4436401, 55.7763323 ], [ 37.439357900000012, 55.775217600000019 ], [ 37.4362176, 55.774406499999984 ], [ 37.4341209, 55.77419960000001 ], [ 37.4307464, 55.774173 ], [ 37.4288433, 55.77428250000002 ], [ 37.4256268, 55.7745234 ], [ 37.421025500000013, 55.7749416 ], [ 37.416948599999984, 55.7753278 ], [ 37.4142917, 55.775435500000015 ], [ 37.412185, 55.775520900000011 ], [ 37.4100321, 55.775665 ], [ 37.4085801, 55.775762200000017 ], [ 37.400120400000013, 55.7712722 ], [ 37.3997447, 55.77125150000002 ], [ 37.39825960000001, 55.771176900000015 ], [ 37.397342200000011, 55.7710959 ], [ 37.3948685, 55.771203 ], [ 37.3909336, 55.7710465 ], [ 37.386766, 55.7708554 ], [ 37.383374500000016, 55.771675500000015 ], [ 37.380406100000016, 55.7715781 ], [ 37.3710805, 55.7708963 ], [ 37.370260800000011, 55.771362300000021 ], [ 37.3702616, 55.7730269 ], [ 37.3688853, 55.77303830000001 ], [ 37.3689196, 55.77393620000003 ], [ 37.368941700000015, 55.774831300000024 ], [ 37.3689624, 55.7757301 ], [ 37.368967400000017, 55.7766275 ], [ 37.3689883, 55.777525500000017 ], [ 37.3689931, 55.778423700000019 ], [ 37.3689692, 55.779323600000026 ], [ 37.3689945, 55.780221200000021 ], [ 37.369071700000013, 55.78272590000001 ], [ 37.3691993, 55.783523500000015 ], [ 37.369275300000012, 55.7838327 ], [ 37.369347500000018, 55.7843999 ], [ 37.3693553, 55.7844458 ], [ 37.369412900000015, 55.78484490000001 ], [ 37.3700916, 55.7863746 ], [ 37.3704897, 55.787415300000013 ], [ 37.3706009, 55.787692400000012 ], [ 37.370622, 55.7877908 ], [ 37.3706192, 55.7879188 ], [ 37.370601, 55.7881919 ], [ 37.3705437, 55.7883226 ], [ 37.3704513, 55.788433600000012 ], [ 37.37031180000001, 55.7885664 ], [ 37.3700515, 55.788777100000011 ], [ 37.369872100000016, 55.788910500000014 ], [ 37.3691739, 55.7894487 ], [ 37.3687664, 55.7897352 ], [ 37.3683562, 55.7899745 ], [ 37.3638758, 55.7909609 ], [ 37.3678444, 55.791361 ], [ 37.3680686, 55.7913248 ], [ 37.3683071, 55.7912815 ], [ 37.368581, 55.791241600000021 ], [ 37.3688535, 55.791251100000025 ], [ 37.3691931, 55.791283900000032 ], [ 37.3694903, 55.7913 ], [ 37.3698347, 55.7913189 ], [ 37.3701508, 55.7913452 ], [ 37.370432200000018, 55.791373100000015 ], [ 37.3707554, 55.7914087 ], [ 37.3710367, 55.791450600000012 ], [ 37.3712613, 55.79148780000002 ], [ 37.3715411, 55.7915274 ], [ 37.371854200000016, 55.7915714 ], [ 37.372152400000012, 55.7916076 ], [ 37.372479500000011, 55.791659 ], [ 37.3727668, 55.791711800000023 ], [ 37.3729604, 55.791765100000013 ], [ 37.373181, 55.791828200000012 ], [ 37.373421500000021, 55.791904 ], [ 37.373602, 55.7919707 ], [ 37.37386690000001, 55.7920637 ], [ 37.374023400000013, 55.7921423 ], [ 37.374228200000012, 55.7922413 ], [ 37.3744812, 55.7923635 ], [ 37.3752637, 55.7931624 ], [ 37.376021, 55.7939526 ], [ 37.376778400000013, 55.79474290000001 ], [ 37.3777139, 55.79572 ], [ 37.380231600000023, 55.79834790000001 ], [ 37.381726100000016, 55.799918 ], [ 37.381806400000023, 55.799894500000015 ], [ 37.3823179, 55.8004493 ], [ 37.3823708, 55.80050660000002 ], [ 37.382756300000018, 55.800924500000022 ], [ 37.382885099999989, 55.801122 ], [ 37.383039300000014, 55.801297300000016 ], [ 37.38353, 55.801812800000015 ], [ 37.3844793, 55.8030063 ], [ 37.384475400000021, 55.803010400000012 ], [ 37.3846538, 55.8032365 ], [ 37.3859537, 55.8051878 ], [ 37.386785500000016, 55.8069524 ], [ 37.386708, 55.8069658 ], [ 37.3865231, 55.80700190000001 ], [ 37.386307, 55.8070627 ], [ 37.38618, 55.8071079 ], [ 37.386044300000016, 55.807220600000022 ], [ 37.3859825, 55.807309399999987 ], [ 37.3859492, 55.807444599999982 ], [ 37.3859926, 55.807585400000022 ], [ 37.3860223, 55.807761 ], [ 37.386059700000018, 55.8079233 ], [ 37.386093, 55.808080700000012 ], [ 37.38613440000001, 55.8082315 ], [ 37.3861759, 55.808411 ], [ 37.38622280000002, 55.80857 ], [ 37.3862501, 55.8087495 ], [ 37.3861694, 55.80879620000001 ], [ 37.3860556, 55.8088709 ], [ 37.38584560000001, 55.808898700000022 ], [ 37.38561, 55.808928200000011 ], [ 37.38494810000001, 55.8090119 ], [ 37.3850513, 55.809307200000013 ], [ 37.385184900000013, 55.809296400000015 ], [ 37.385287600000012, 55.8092925 ], [ 37.3853559, 55.80929 ], [ 37.3854506, 55.8092864 ], [ 37.38571060000001, 55.8092794 ], [ 37.385722199999982, 55.8092829 ], [ 37.386168500000018, 55.8098155 ], [ 37.3865342, 55.809870400000015 ], [ 37.38667, 55.8098691 ], [ 37.386884799999983, 55.809854500000014 ], [ 37.387225, 55.809822600000011 ], [ 37.387559600000017, 55.8097886 ], [ 37.3878905, 55.8097622 ], [ 37.3891387, 55.813671200000016 ], [ 37.390111200000014, 55.8167491 ], [ 37.3901437, 55.8168436 ], [ 37.3910795, 55.8198085 ], [ 37.392254500000014, 55.8235137 ], [ 37.3929857, 55.826775600000019 ], [ 37.3930197, 55.8269185 ], [ 37.393696, 55.829169700000016 ], [ 37.393918700000022, 55.829862 ], [ 37.3937807, 55.829862099999986 ], [ 37.3937442, 55.829876800000015 ], [ 37.393705700000012, 55.8298791 ], [ 37.393652600000017, 55.8298756 ], [ 37.3935881, 55.8298767 ], [ 37.393543499999986, 55.829884700000015 ], [ 37.3935008, 55.8298937 ], [ 37.3933145, 55.829903800000018 ], [ 37.393225200000018, 55.829900300000013 ], [ 37.39313, 55.829904799999987 ], [ 37.3930509, 55.8299185 ], [ 37.3929311, 55.8299434 ], [ 37.3928076, 55.8299616 ], [ 37.392712400000015, 55.829977400000011 ], [ 37.392625200000012, 55.8299786 ], [ 37.3925542, 55.829976200000011 ], [ 37.3925015, 55.829979600000016 ], [ 37.3923717, 55.8300057 ], [ 37.3922704, 55.8300022 ], [ 37.3921872, 55.8299976 ], [ 37.3921367, 55.829999700000016 ], [ 37.3920901, 55.830005400000019 ], [ 37.392029200000017, 55.8300214 ], [ 37.39195620000001, 55.83002920000002 ], [ 37.391889500000019, 55.8300429 ], [ 37.3918202, 55.830048500000011 ], [ 37.39167860000002, 55.8300496 ], [ 37.391573, 55.830054099999977 ], [ 37.391303500000014, 55.8300594 ], [ 37.391115100000022, 55.830073 ], [ 37.390979200000011, 55.830087700000014 ], [ 37.390934, 55.830087700000014 ], [ 37.39089, 55.830087600000013 ], [ 37.3906164, 55.830101 ], [ 37.390565700000018, 55.830118200000015 ], [ 37.3904765, 55.8301432 ], [ 37.390389399999989, 55.8301597 ], [ 37.3903102, 55.8301636 ], [ 37.3901177, 55.8301862 ], [ 37.38996550000001, 55.830200900000015 ], [ 37.38984, 55.8302144 ], [ 37.3897791, 55.8302178 ], [ 37.3897366, 55.8302053 ], [ 37.389679800000025, 55.8301915 ], [ 37.3895987, 55.830188 ], [ 37.3894144, 55.8301912 ], [ 37.389185600000012, 55.8302002 ], [ 37.38898660000001, 55.830211400000024 ], [ 37.3889492, 55.830216 ], [ 37.388895500000011, 55.8302227 ], [ 37.3888326, 55.830239700000028 ], [ 37.3887393, 55.830267 ], [ 37.3886116, 55.8302932 ], [ 37.3884615, 55.8303216 ], [ 37.3883217, 55.830346500000019 ], [ 37.3881772, 55.8303777 ], [ 37.3880743, 55.8304 ], [ 37.3879263, 55.8304181 ], [ 37.3875168, 55.830481500000012 ], [ 37.387407200000013, 55.8304963 ], [ 37.38735250000002, 55.830494 ], [ 37.3873201, 55.830487 ], [ 37.3872714, 55.8304893 ], [ 37.3872065, 55.830500700000016 ], [ 37.3871092, 55.83052450000001 ], [ 37.3870382, 55.830531200000024 ], [ 37.3869896, 55.8305267 ], [ 37.386908600000012, 55.8305152 ], [ 37.3868417, 55.8305095 ], [ 37.386803, 55.830513900000014 ], [ 37.3867301, 55.8305344 ], [ 37.3866835, 55.8305343 ], [ 37.386641, 55.830526300000017 ], [ 37.3865905, 55.830528600000022 ], [ 37.3865516, 55.830546800000015 ], [ 37.386523400000023, 55.830552500000017 ], [ 37.3864806, 55.830552400000016 ], [ 37.386415900000017, 55.830548899999975 ], [ 37.3862295, 55.8305739 ], [ 37.386002400000024, 55.8306125 ], [ 37.385692, 55.830639500000011 ], [ 37.385428599999983, 55.8306599 ], [ 37.3853273, 55.8306643 ], [ 37.3850254, 55.8306823 ], [ 37.3847456, 55.8306888 ], [ 37.3845349, 55.8306852 ], [ 37.3844051, 55.8306965 ], [ 37.3843189, 55.830686 ], [ 37.3842146, 55.8306952 ], [ 37.384143800000011, 55.8306883 ], [ 37.384056500000014, 55.830682500000016 ], [ 37.3839511, 55.8306847 ], [ 37.383797100000017, 55.8306834 ], [ 37.383711900000016, 55.830689 ], [ 37.383622699999989, 55.8307004 ], [ 37.3834992, 55.830707 ], [ 37.3833876, 55.8307115 ], [ 37.3833655, 55.830711600000015 ], [ 37.383326900000021, 55.8307047 ], [ 37.383268, 55.8307091 ], [ 37.383233600000011, 55.830708 ], [ 37.383172900000019, 55.8306931 ], [ 37.38293980000001, 55.830695100000014 ], [ 37.382723200000015, 55.830669800000017 ], [ 37.3825773, 55.830665099999983 ], [ 37.3824597, 55.8306582 ], [ 37.382378600000017, 55.8306586 ], [ 37.382267, 55.8306591 ], [ 37.3820562, 55.830654400000014 ], [ 37.3819612, 55.8306554 ], [ 37.3818537, 55.830647300000024 ], [ 37.3817077, 55.8306541 ], [ 37.3816287, 55.830674500000015 ], [ 37.3815659, 55.830680100000031 ], [ 37.3814847, 55.8306847 ], [ 37.3813551, 55.830660500000015 ], [ 37.381294300000015, 55.8306514 ], [ 37.3812153, 55.830661500000012 ], [ 37.381176800000013, 55.830663900000019 ], [ 37.3811505, 55.830655700000015 ], [ 37.381111900000015, 55.8306421 ], [ 37.3809682, 55.8306168 ], [ 37.3807817, 55.8306006 ], [ 37.380706799999984, 55.830590300000019 ], [ 37.3806198, 55.8305697 ], [ 37.380567, 55.830568500000012 ], [ 37.3805264, 55.8305741 ], [ 37.3804839, 55.8305775 ], [ 37.380435400000025, 55.8305775 ], [ 37.3803523, 55.8305625 ], [ 37.380285500000014, 55.8305568 ], [ 37.3801901, 55.8305533 ], [ 37.3801436, 55.830545300000026 ], [ 37.380087600000017, 55.830535500000018 ], [ 37.379937500000011, 55.830666100000016 ], [ 37.37596, 55.829713900000023 ], [ 37.3731062, 55.82903060000001 ], [ 37.3689161, 55.8280237 ], [ 37.367281300000023, 55.8274014 ], [ 37.365873, 55.8264811 ], [ 37.363537600000022, 55.8243612 ], [ 37.362607100000019, 55.82316680000001 ], [ 37.362157200000013, 55.8220367 ], [ 37.3603401, 55.8224401 ], [ 37.3597784, 55.8224988 ], [ 37.358924700000017, 55.82288770000001 ], [ 37.3575843, 55.825190300000017 ], [ 37.356882600000013, 55.826526800000025 ], [ 37.3563561, 55.8266578 ], [ 37.3560615, 55.826624100000011 ], [ 37.356044300000015, 55.826631400000018 ], [ 37.3540129, 55.8263994 ], [ 37.354018, 55.8263902 ], [ 37.3539978, 55.8263879 ], [ 37.354234, 55.8260018 ], [ 37.3546041, 55.825337 ], [ 37.3549247, 55.82489540000001 ], [ 37.356372500000013, 55.822660100000022 ], [ 37.354296900000016, 55.8223747 ], [ 37.354146200000024, 55.82235510000001 ], [ 37.35460590000001, 55.8217604 ], [ 37.3523121, 55.821284500000012 ], [ 37.34973, 55.822027400000024 ], [ 37.349155599999989, 55.8222253 ], [ 37.3501037, 55.8230599 ], [ 37.3512911, 55.8241247 ], [ 37.3515886, 55.824391600000013 ], [ 37.350966300000017, 55.8245869 ], [ 37.3497145, 55.8263737 ], [ 37.3491006, 55.826575700000014 ], [ 37.348039100000022, 55.8264068 ], [ 37.3453344, 55.82607460000002 ], [ 37.345129, 55.82596010000001 ], [ 37.344823500000018, 55.826067 ], [ 37.3446985, 55.82627 ], [ 37.347994, 55.8285145 ], [ 37.34856730000002, 55.8290754 ], [ 37.3486509, 55.830715200000014 ], [ 37.3481358, 55.8310258 ], [ 37.3483297, 55.831415700000022 ], [ 37.3487274, 55.8322154 ], [ 37.3476668, 55.832400800000016 ], [ 37.3444563, 55.832962 ], [ 37.343935500000022, 55.8330958 ], [ 37.3418339, 55.834151900000023 ], [ 37.342195200000013, 55.8344188 ], [ 37.3422458, 55.8343991 ], [ 37.342387100000018, 55.834402500000031 ], [ 37.343629800000016, 55.835411200000031 ], [ 37.344025700000017, 55.8357228 ], [ 37.3441114, 55.835822900000011 ], [ 37.345001300000014, 55.8364662 ], [ 37.344960700000023, 55.836494200000011 ], [ 37.3449766, 55.836519600000017 ], [ 37.344735, 55.8366515 ], [ 37.344700500000016, 55.8366757 ], [ 37.344541700000022, 55.8367571 ], [ 37.343056900000022, 55.8375675 ], [ 37.3431003, 55.8375947 ], [ 37.3427088, 55.8377731 ], [ 37.3422314, 55.838018 ], [ 37.3413531, 55.8385118 ], [ 37.34040980000001, 55.839012200000013 ], [ 37.340502, 55.839323400000026 ], [ 37.340782499999989, 55.8402701 ], [ 37.3410262, 55.840282500000015 ], [ 37.3410444, 55.8402834 ], [ 37.344922100000012, 55.8404798 ], [ 37.3457808, 55.8404782 ], [ 37.34696240000001, 55.8404773 ], [ 37.347366, 55.8404419 ], [ 37.3484957, 55.842436700000015 ], [ 37.3492301, 55.843864 ], [ 37.348413500000014, 55.8439808 ], [ 37.3467717, 55.844254 ], [ 37.342885700000011, 55.84484 ], [ 37.3384462, 55.845038399999986 ], [ 37.335564800000014, 55.8452137 ], [ 37.333004, 55.84528490000001 ], [ 37.3329203, 55.8452958 ], [ 37.3328612, 55.845366500000026 ], [ 37.3328449, 55.84542350000001 ], [ 37.332840600000011, 55.845458800000024 ], [ 37.332846500000016, 55.8454863 ], [ 37.33285020000001, 55.845576400000013 ], [ 37.3327972, 55.8456573 ], [ 37.332726, 55.8457108 ], [ 37.3326365, 55.845757500000012 ], [ 37.332585800000011, 55.8457779 ], [ 37.332512800000011, 55.84579040000002 ], [ 37.3324519, 55.8458052 ], [ 37.332413300000013, 55.8458062 ], [ 37.332360700000017, 55.8458004 ], [ 37.332306, 55.845776400000013 ], [ 37.332212799999986, 55.845758 ], [ 37.332141900000018, 55.845770500000015 ], [ 37.332095, 55.845801199999983 ], [ 37.3320685, 55.8458445 ], [ 37.3320561, 55.8459073 ], [ 37.332043700000014, 55.845948300000011 ], [ 37.3320456, 55.845982500000019 ], [ 37.332061500000016, 55.8460578 ], [ 37.3320996, 55.846141100000011 ], [ 37.3321076, 55.8461959 ], [ 37.332091200000015, 55.8462222 ], [ 37.332068700000015, 55.846265400000021 ], [ 37.332076700000016, 55.846299600000023 ], [ 37.332101, 55.8463157 ], [ 37.3322246, 55.8463432 ], [ 37.332267, 55.846366100000012 ], [ 37.332315200000011, 55.8464266 ], [ 37.3323416, 55.8464563 ], [ 37.332384, 55.846486 ], [ 37.3324254, 55.8465157 ], [ 37.332436600000023, 55.8465335 ], [ 37.3324638, 55.84655 ], [ 37.3324852, 55.846557500000017 ], [ 37.3325277, 55.8465621 ], [ 37.3325499, 55.8465701 ], [ 37.332561100000014, 55.846575800000011 ], [ 37.332564, 55.846585 ], [ 37.332562, 55.8466061 ], [ 37.332566, 55.8466152 ], [ 37.33258020000001, 55.846622 ], [ 37.3325984, 55.8466278 ], [ 37.332618600000025, 55.8466295 ], [ 37.332659100000022, 55.8466307 ], [ 37.332673400000019, 55.8466336 ], [ 37.3327574, 55.846671300000018 ], [ 37.332777600000021, 55.8466839 ], [ 37.3328028, 55.84670160000001 ], [ 37.332826199999985, 55.8467102 ], [ 37.3328403, 55.846711300000024 ], [ 37.332852500000016, 55.8467096 ], [ 37.332881, 55.8466977 ], [ 37.332903200000018, 55.8466921 ], [ 37.33293780000001, 55.8466881 ], [ 37.3329529, 55.8466881 ], [ 37.332967, 55.8466921 ], [ 37.333008499999984, 55.8467081 ], [ 37.3330268, 55.846711 ], [ 37.3330401, 55.846711 ], [ 37.3330725, 55.8467066 ], [ 37.3330816, 55.8467066 ], [ 37.33309970000002, 55.846718500000023 ], [ 37.3331048, 55.8467288 ], [ 37.3331037, 55.84674480000001 ], [ 37.3330864, 55.8467761 ], [ 37.3330863, 55.84678370000001 ], [ 37.3330963, 55.846792100000016 ], [ 37.3331106, 55.84679950000001 ], [ 37.3331369, 55.8468064 ], [ 37.333168300000018, 55.8468127 ], [ 37.3331774, 55.8468167 ], [ 37.333180400000018, 55.84682080000001 ], [ 37.333181400000015, 55.8468271 ], [ 37.333187400000014, 55.846837300000018 ], [ 37.333237, 55.8468721 ], [ 37.33324, 55.8468778 ], [ 37.3332338, 55.8469029 ], [ 37.333229600000024, 55.8469377 ], [ 37.333234600000011, 55.846952 ], [ 37.3332427, 55.846962800000014 ], [ 37.3332437, 55.8469748 ], [ 37.3332496, 55.8469845 ], [ 37.3332619, 55.8469902 ], [ 37.333274, 55.846990900000016 ], [ 37.3332932, 55.846988500000016 ], [ 37.3333186, 55.846984 ], [ 37.3333429, 55.846983 ], [ 37.333381400000022, 55.8469859 ], [ 37.3333996, 55.8469858 ], [ 37.3334301, 55.8469928 ], [ 37.3334482, 55.8470002 ], [ 37.333463500000015, 55.847008700000011 ], [ 37.3334756, 55.84701960000001 ], [ 37.3334816, 55.8470311 ], [ 37.3334816, 55.847043 ], [ 37.333478500000012, 55.8470527 ], [ 37.3334683, 55.8470612 ], [ 37.333445, 55.8470726 ], [ 37.3334297, 55.8470817 ], [ 37.3334256, 55.8470897 ], [ 37.3334247, 55.847095400000015 ], [ 37.3334347, 55.8471115 ], [ 37.3334326, 55.8471194 ], [ 37.333410100000016, 55.8471438 ], [ 37.333410100000016, 55.847149 ], [ 37.3334132, 55.847153600000013 ], [ 37.3334234, 55.847155800000017 ], [ 37.3334436, 55.847157 ], [ 37.333467900000016, 55.847154200000027 ], [ 37.333508500000015, 55.847145100000013 ], [ 37.3335562, 55.847129800000019 ], [ 37.3335886, 55.847123 ], [ 37.333614, 55.8471219 ], [ 37.3336354, 55.84712360000001 ], [ 37.3336617, 55.8471294 ], [ 37.3337071, 55.8471477 ], [ 37.3337435, 55.8471694 ], [ 37.3337497, 55.8471785 ], [ 37.3337536, 55.8472071 ], [ 37.333762700000023, 55.8472173 ], [ 37.3337789, 55.847228200000011 ], [ 37.333794, 55.8472356 ], [ 37.3338324, 55.8472477 ], [ 37.3338628, 55.847271 ], [ 37.3338911, 55.8472974 ], [ 37.333902100000024, 55.847303700000012 ], [ 37.33397, 55.8473128 ], [ 37.334005500000018, 55.8473163 ], [ 37.334020800000019, 55.847319200000015 ], [ 37.3340339, 55.8473232 ], [ 37.334044, 55.8473283 ], [ 37.3340581, 55.84734550000001 ], [ 37.334075300000016, 55.847354700000018 ], [ 37.3340794, 55.847360400000021 ], [ 37.3340813, 55.8473718 ], [ 37.334095400000017, 55.8473929 ], [ 37.3341025, 55.8474066 ], [ 37.3341024, 55.847414600000015 ], [ 37.33408, 55.847441899999986 ], [ 37.3340647, 55.8474476 ], [ 37.334015, 55.847461200000019 ], [ 37.333964300000012, 55.847464 ], [ 37.333947100000024, 55.847467400000014 ], [ 37.3339328, 55.8474742 ], [ 37.3339268, 55.847478800000019 ], [ 37.3339268, 55.8474856 ], [ 37.333936799999989, 55.8475033 ], [ 37.333951900000024, 55.847520400000022 ], [ 37.333963, 55.847530100000014 ], [ 37.3339874, 55.8475422 ], [ 37.3339934, 55.8475468 ], [ 37.3339944, 55.847553 ], [ 37.33399230000002, 55.8475684 ], [ 37.333985200000022, 55.847584300000022 ], [ 37.333983, 55.847598 ], [ 37.3339961, 55.847624299999985 ], [ 37.3339961, 55.84763520000002 ], [ 37.333998, 55.8476426 ], [ 37.3340072, 55.8476431 ], [ 37.3340243, 55.8476415 ], [ 37.3340477, 55.847634 ], [ 37.3340549, 55.8476346 ], [ 37.334059899999986, 55.847638100000012 ], [ 37.3340679, 55.8476534 ], [ 37.334078900000016, 55.847687100000016 ], [ 37.334089, 55.8477026 ], [ 37.3341093, 55.847717 ], [ 37.3341284, 55.847727800000015 ], [ 37.334150800000025, 55.847734 ], [ 37.3341994, 55.8477421 ], [ 37.334245, 55.8477484 ], [ 37.3342834, 55.847752500000013 ], [ 37.334323, 55.8477519 ], [ 37.3343696, 55.8477457 ], [ 37.3344549, 55.8477253 ], [ 37.334480300000017, 55.8477231 ], [ 37.334523899999986, 55.8477237 ], [ 37.3345431, 55.8477214 ], [ 37.334550200000017, 55.847718 ], [ 37.3345554, 55.8477106 ], [ 37.334564600000014, 55.8476912 ], [ 37.33457880000001, 55.8476792 ], [ 37.334594, 55.8476725 ], [ 37.3346123, 55.84766960000001 ], [ 37.3346245, 55.84766960000001 ], [ 37.3346549, 55.847673100000016 ], [ 37.3346731, 55.8476714 ], [ 37.334688300000025, 55.847666300000014 ], [ 37.3347059, 55.8476641 ], [ 37.334763400000014, 55.8476632 ], [ 37.334783600000016, 55.8476594 ], [ 37.3347959, 55.8476556 ], [ 37.3348059, 55.847655 ], [ 37.3348172, 55.84765850000003 ], [ 37.3348292, 55.847667 ], [ 37.334834099999988, 55.8477025 ], [ 37.334838100000013, 55.8477065 ], [ 37.334849400000017, 55.8477093 ], [ 37.334861500000017, 55.847708700000013 ], [ 37.334891900000024, 55.8477008 ], [ 37.3349051, 55.8476985 ], [ 37.3349447, 55.847686099999983 ], [ 37.3349721, 55.8476832 ], [ 37.335009700000015, 55.8476827 ], [ 37.335039, 55.847679900000017 ], [ 37.3350583, 55.847674700000013 ], [ 37.3350775, 55.847665700000022 ], [ 37.3350898, 55.847662300000025 ], [ 37.3351061, 55.847662300000025 ], [ 37.335131300000022, 55.847666300000014 ], [ 37.3351557, 55.8476732 ], [ 37.335219300000013, 55.847703500000016 ], [ 37.335228500000021, 55.8477058 ], [ 37.335235500000024, 55.8477064 ], [ 37.3352507, 55.847704699999987 ], [ 37.3352661, 55.8476996 ], [ 37.3352803, 55.847692200000012 ], [ 37.3352965, 55.8476911 ], [ 37.3353207, 55.8476916 ], [ 37.3353401, 55.8476951 ], [ 37.335356200000014, 55.8477009 ], [ 37.335369300000018, 55.8477106 ], [ 37.3353805, 55.8477214 ], [ 37.3353855, 55.8477317 ], [ 37.335387400000016, 55.8477636 ], [ 37.3353974, 55.847776200000013 ], [ 37.335407600000011, 55.8477825 ], [ 37.335431900000025, 55.847792700000014 ], [ 37.335451100000022, 55.84780940000001 ], [ 37.3354622, 55.8478157 ], [ 37.3354805, 55.847818499999988 ], [ 37.335498700000016, 55.847817400000018 ], [ 37.3355393, 55.8477941 ], [ 37.3355586, 55.847790099999983 ], [ 37.335578900000023, 55.8477895 ], [ 37.3356032, 55.847793 ], [ 37.335619500000014, 55.847798700000013 ], [ 37.3356295, 55.847805 ], [ 37.3356366, 55.847821 ], [ 37.3356354, 55.8478324 ], [ 37.335630300000012, 55.8478427 ], [ 37.3356223, 55.847850700000016 ], [ 37.3356131, 55.847856900000011 ], [ 37.335597800000023, 55.847862600000013 ], [ 37.335589700000014, 55.8478716 ], [ 37.3355867, 55.8478819 ], [ 37.33558870000001, 55.847891 ], [ 37.335597700000015, 55.8478997 ], [ 37.3356128, 55.8479105 ], [ 37.335635100000012, 55.8479202 ], [ 37.335666500000016, 55.8479316 ], [ 37.3356746, 55.8479391 ], [ 37.3356816, 55.847951600000016 ], [ 37.3356846, 55.847966500000027 ], [ 37.3356886, 55.847977299999989 ], [ 37.3356957, 55.847985400000013 ], [ 37.335713800000022, 55.8479956 ], [ 37.3357312, 55.8480025 ], [ 37.33575230000001, 55.848009300000022 ], [ 37.3357665, 55.8480157 ], [ 37.3357767, 55.8480242 ], [ 37.335789800000015, 55.8480288 ], [ 37.335807, 55.8480306 ], [ 37.335826299999987, 55.8480306 ], [ 37.3358475, 55.848024900000013 ], [ 37.3358801, 55.8480135 ], [ 37.3358921, 55.848011300000032 ], [ 37.335908400000015, 55.8480124 ], [ 37.3359206, 55.8480165 ], [ 37.3359409, 55.848027300000012 ], [ 37.3359621, 55.8480364 ], [ 37.3359843, 55.8480428 ], [ 37.3360107, 55.8480479 ], [ 37.336043200000013, 55.84805020000001 ], [ 37.3360654, 55.848054300000015 ], [ 37.336088600000011, 55.8480623 ], [ 37.336111900000013, 55.848073100000015 ], [ 37.3361261, 55.84807540000002 ], [ 37.3361382, 55.8480749 ], [ 37.3361495, 55.84807090000001 ], [ 37.336181, 55.848055 ], [ 37.3362094, 55.848044800000018 ], [ 37.3362328, 55.848041400000014 ], [ 37.336258, 55.8480408 ], [ 37.336283500000015, 55.8480443 ], [ 37.336310700000013, 55.8480506 ], [ 37.3363259, 55.848049400000015 ], [ 37.3363635, 55.848041 ], [ 37.3364133, 55.848026799999985 ], [ 37.3364416, 55.84802 ], [ 37.336464, 55.8480183 ], [ 37.3364913, 55.8480132 ], [ 37.336545200000018, 55.848000200000016 ], [ 37.3365635, 55.847997300000017 ], [ 37.3365765, 55.847997300000017 ], [ 37.3366029, 55.8480014 ], [ 37.336670900000016, 55.848002 ], [ 37.336701300000023, 55.848006100000013 ], [ 37.3367235, 55.8480112 ], [ 37.3367499, 55.848019800000017 ], [ 37.3367731, 55.84803070000001 ], [ 37.3367853, 55.8480393 ], [ 37.3367952, 55.848049500000016 ], [ 37.336797400000016, 55.848057 ], [ 37.336838900000018, 55.8480781 ], [ 37.336847900000024, 55.848087300000024 ], [ 37.33684980000001, 55.848096900000023 ], [ 37.336837699999982, 55.848114 ], [ 37.3368335, 55.8481254 ], [ 37.3368416, 55.848132300000017 ], [ 37.3368841, 55.8481426 ], [ 37.3369186, 55.8481472 ], [ 37.3369612, 55.8481484 ], [ 37.337024, 55.848139400000022 ], [ 37.337054400000014, 55.848137200000011 ], [ 37.33708080000001, 55.8481406 ], [ 37.3371557, 55.8481635 ], [ 37.337167900000019, 55.848171500000021 ], [ 37.3371699, 55.848178399999988 ], [ 37.3371637, 55.848189700000013 ], [ 37.337153600000022, 55.848203400000017 ], [ 37.3371555, 55.848224 ], [ 37.337159599999985, 55.848237800000014 ], [ 37.3371778, 55.8482548 ], [ 37.3371756, 55.8482684 ], [ 37.337163300000014, 55.8482776 ], [ 37.337122800000017, 55.848293500000011 ], [ 37.3371166, 55.848302700000026 ], [ 37.3371104, 55.848324200000015 ], [ 37.337094200000024, 55.8483333 ], [ 37.337072, 55.8483391 ], [ 37.3370293, 55.8483401 ], [ 37.337004900000011, 55.848344600000019 ], [ 37.3369826, 55.8483594 ], [ 37.3369744, 55.848370900000013 ], [ 37.3369723, 55.84838460000001 ], [ 37.336976300000011, 55.848409700000012 ], [ 37.3369722, 55.8484199 ], [ 37.336958, 55.8484256 ], [ 37.3369256, 55.8484313 ], [ 37.336919500000015, 55.84843690000001 ], [ 37.3369164, 55.848445 ], [ 37.336919300000019, 55.8484643 ], [ 37.336927399999986, 55.848476900000016 ], [ 37.3369415, 55.8484878 ], [ 37.336960800000014, 55.8484934 ], [ 37.3370064, 55.848494099999989 ], [ 37.337023500000015, 55.848492400000012 ], [ 37.3371049, 55.848464 ], [ 37.3371262, 55.848460600000017 ], [ 37.337146500000017, 55.848460700000011 ], [ 37.337164600000015, 55.8484641 ], [ 37.3371778, 55.848471600000011 ], [ 37.3371828, 55.84848 ], [ 37.3371908, 55.848500600000015 ], [ 37.3372, 55.848508 ], [ 37.3372111, 55.8485103 ], [ 37.3372476, 55.8485087 ], [ 37.3372608, 55.848510400000016 ], [ 37.337277899999989, 55.848519 ], [ 37.337292, 55.8485321 ], [ 37.337298100000019, 55.8485429 ], [ 37.337306, 55.8485829 ], [ 37.337302, 55.8485971 ], [ 37.3372867, 55.8486171 ], [ 37.3372694, 55.8486336 ], [ 37.3372612, 55.848652400000013 ], [ 37.3372509, 55.848692300000017 ], [ 37.337249700000015, 55.848718 ], [ 37.3372537, 55.8487322 ], [ 37.3372658, 55.848746 ], [ 37.3373255, 55.848786 ], [ 37.3373284, 55.8487928 ], [ 37.337333500000014, 55.8487991 ], [ 37.337353800000017, 55.848803599999989 ], [ 37.337372, 55.8488054 ], [ 37.3374197, 55.848804900000019 ], [ 37.337441, 55.848809500000016 ], [ 37.3374551, 55.8488169 ], [ 37.3374784, 55.8488397 ], [ 37.3374895, 55.8488438 ], [ 37.337507799999983, 55.848845 ], [ 37.3375342, 55.848844900000017 ], [ 37.337548200000015, 55.8488507 ], [ 37.3375543, 55.8488655 ], [ 37.3375645, 55.848867900000016 ], [ 37.3375766, 55.848866700000016 ], [ 37.337601, 55.84885640000001 ], [ 37.3376172, 55.8488553 ], [ 37.337629300000025, 55.8488599 ], [ 37.3376374, 55.848867900000016 ], [ 37.3376394, 55.8488817 ], [ 37.337653500000016, 55.8488908 ], [ 37.3376656, 55.8488908 ], [ 37.337692, 55.8488851 ], [ 37.33770830000001, 55.8488852 ], [ 37.3377225, 55.8488886 ], [ 37.337738600000016, 55.8488954 ], [ 37.3377508, 55.848909100000022 ], [ 37.337773, 55.8489149 ], [ 37.3378055, 55.8489195 ], [ 37.337878200000013, 55.848964 ], [ 37.3379107, 55.848972100000019 ], [ 37.337929, 55.848971 ], [ 37.3379513, 55.8489664 ], [ 37.3379999, 55.848951700000015 ], [ 37.3380813, 55.848905 ], [ 37.338111800000014, 55.8488959 ], [ 37.3381524, 55.848893699999984 ], [ 37.3381868, 55.848900599999986 ], [ 37.3382292, 55.8489132 ], [ 37.3382535, 55.848923500000019 ], [ 37.3382698, 55.8489406 ], [ 37.3382777, 55.84896 ], [ 37.338273500000021, 55.84898170000001 ], [ 37.3382593, 55.8490033 ], [ 37.338257200000015, 55.849014700000012 ], [ 37.3382653, 55.849027300000017 ], [ 37.3382875, 55.8490502 ], [ 37.3383017, 55.849073 ], [ 37.338311600000011, 55.8491027 ], [ 37.3383136, 55.849122 ], [ 37.3382993, 55.849143700000013 ], [ 37.3382728, 55.8491573 ], [ 37.338222, 55.849174400000017 ], [ 37.338181600000013, 55.849182299999981 ], [ 37.3381572, 55.84917890000002 ], [ 37.33812690000002, 55.8491697 ], [ 37.3381086, 55.8491697 ], [ 37.3380923, 55.849176600000021 ], [ 37.338076100000016, 55.8491901 ], [ 37.3380618, 55.8492209 ], [ 37.3380495, 55.849227800000016 ], [ 37.3380292, 55.8492386 ], [ 37.338018, 55.8492489 ], [ 37.3380078, 55.8492722 ], [ 37.337996400000023, 55.8492768 ], [ 37.3379632, 55.849272700000014 ], [ 37.3379489, 55.849275 ], [ 37.3379438, 55.849280700000016 ], [ 37.3379347, 55.8493075 ], [ 37.3379276, 55.849312 ], [ 37.3379154, 55.849313700000017 ], [ 37.337901200000012, 55.849312 ], [ 37.337881, 55.8492983 ], [ 37.3378668, 55.849292600000027 ], [ 37.337854600000021, 55.849294800000024 ], [ 37.337840300000018, 55.849302200000018 ], [ 37.337833300000014, 55.8493147 ], [ 37.3378281, 55.849334200000015 ], [ 37.337828, 55.8493529 ], [ 37.3378199, 55.849362600000021 ], [ 37.3378046, 55.849367200000017 ], [ 37.3377843, 55.849367200000017 ], [ 37.337764, 55.849361400000014 ], [ 37.3377509, 55.8493528 ], [ 37.3377358, 55.8493505 ], [ 37.3377225, 55.849351700000021 ], [ 37.337711400000011, 55.849361400000014 ], [ 37.3377082, 55.84937 ], [ 37.3377082, 55.849382400000025 ], [ 37.3377183, 55.849391600000011 ], [ 37.337737600000011, 55.8494025 ], [ 37.337738600000016, 55.849407 ], [ 37.3377334, 55.8494093 ], [ 37.337703100000013, 55.849415499999985 ], [ 37.337686800000014, 55.84942070000001 ], [ 37.337681700000012, 55.8494258 ], [ 37.3376837, 55.8494343 ], [ 37.337707, 55.849448600000031 ], [ 37.337711, 55.8494549 ], [ 37.33771, 55.8494628 ], [ 37.3376997, 55.8494686 ], [ 37.3376805, 55.849472 ], [ 37.337645, 55.8494691 ], [ 37.3376339, 55.8494713 ], [ 37.3376258, 55.8494754 ], [ 37.3376196, 55.8494838 ], [ 37.3376165, 55.849512900000015 ], [ 37.3376113, 55.8495209 ], [ 37.3375972, 55.849529400000016 ], [ 37.337570700000015, 55.8495392 ], [ 37.337562600000012, 55.8495448 ], [ 37.3375615, 55.8495545 ], [ 37.3375676, 55.8495693 ], [ 37.3375634, 55.8495762 ], [ 37.3375553, 55.8495802 ], [ 37.3375238, 55.849580700000018 ], [ 37.337514800000015, 55.8495847 ], [ 37.3375118, 55.8495898 ], [ 37.3375146, 55.849600100000025 ], [ 37.3375238, 55.8496081 ], [ 37.3375591, 55.849629200000017 ], [ 37.3375672, 55.849636 ], [ 37.3375713, 55.8496429 ], [ 37.337575100000024, 55.8497034 ], [ 37.337579100000013, 55.849714200000022 ], [ 37.337587200000016, 55.8497228 ], [ 37.3376033, 55.849734300000016 ], [ 37.33762260000001, 55.8497456 ], [ 37.337628500000015, 55.8497554 ], [ 37.3376284, 55.8498078 ], [ 37.33763440000002, 55.8498266 ], [ 37.3376436, 55.849836300000021 ], [ 37.3376566, 55.8498444 ], [ 37.3376709, 55.8498478 ], [ 37.337682, 55.8498478 ], [ 37.3376931, 55.8498461 ], [ 37.3377064, 55.8498404 ], [ 37.3377145, 55.8498285 ], [ 37.3377215, 55.8498233 ], [ 37.3377419, 55.849815400000011 ], [ 37.3377632, 55.8498123 ], [ 37.337796699999984, 55.8498132 ], [ 37.337831, 55.849819500000017 ], [ 37.3378837, 55.849836700000012 ], [ 37.337937400000015, 55.8498578 ], [ 37.3380083, 55.8498905 ], [ 37.338052700000013, 55.84991560000001 ], [ 37.338061900000014, 55.8499236 ], [ 37.3380649, 55.8499299 ], [ 37.3380658, 55.849936700000022 ], [ 37.338076, 55.8499441 ], [ 37.3381043, 55.8499624 ], [ 37.3381488, 55.849987 ], [ 37.338168, 55.8499905 ], [ 37.3382248, 55.849988 ], [ 37.338243, 55.8499872 ], [ 37.33826340000001, 55.8499883 ], [ 37.3382865, 55.8499944 ], [ 37.3383078, 55.850004500000018 ], [ 37.3383251, 55.85001460000003 ], [ 37.338341099999987, 55.850032900000016 ], [ 37.3383513, 55.8500404 ], [ 37.338368500000016, 55.8500472 ], [ 37.338396800000012, 55.850050700000011 ], [ 37.3384334, 55.850050700000011 ], [ 37.33845250000001, 55.8500558 ], [ 37.3384729, 55.8500639 ], [ 37.3384819, 55.8500713 ], [ 37.3384881, 55.85008040000001 ], [ 37.338491, 55.8500941 ], [ 37.33848680000002, 55.8501112 ], [ 37.338492799999983, 55.850118700000024 ], [ 37.3385061, 55.85012380000002 ], [ 37.3385325, 55.850128300000023 ], [ 37.3385536, 55.8501468 ], [ 37.338563800000017, 55.850150200000016 ], [ 37.3385881, 55.85014910000001 ], [ 37.3386024, 55.8501514 ], [ 37.338612500000018, 55.850156 ], [ 37.3386145, 55.8501628 ], [ 37.3386083, 55.8501765 ], [ 37.3386103, 55.850192500000013 ], [ 37.338624400000015, 55.8502074 ], [ 37.3386466, 55.850221 ], [ 37.338683, 55.8502314 ], [ 37.3386972, 55.8502371 ], [ 37.338707400000011, 55.8502462 ], [ 37.3387072, 55.8502622 ], [ 37.338701, 55.850281600000017 ], [ 37.3387011, 55.8503021 ], [ 37.338709, 55.850319200000023 ], [ 37.338735400000019, 55.8503421 ], [ 37.33875350000001, 55.85035340000001 ], [ 37.3388122, 55.8503729 ], [ 37.3388687, 55.8504021 ], [ 37.3389337, 55.850421 ], [ 37.3389661, 55.850439300000012 ], [ 37.338984100000019, 55.850461 ], [ 37.3390767, 55.850641300000014 ], [ 37.339092800000017, 55.850675600000017 ], [ 37.3391171, 55.8507029 ], [ 37.3391736, 55.850752 ], [ 37.3392666, 55.850814900000032 ], [ 37.3393759, 55.8508664 ], [ 37.339473, 55.8509098 ], [ 37.339564, 55.8509522 ], [ 37.3396975, 55.8510174 ], [ 37.339776400000012, 55.851059600000013 ], [ 37.3398472, 55.851105400000023 ], [ 37.339895700000021, 55.851141900000016 ], [ 37.33993, 55.8511739 ], [ 37.339948100000015, 55.851197800000016 ], [ 37.3399583, 55.8512286 ], [ 37.339982500000012, 55.8512561 ], [ 37.340006700000025, 55.8512755 ], [ 37.3400411, 55.8512881 ], [ 37.3401099, 55.8513166 ], [ 37.3401693, 55.8513441 ], [ 37.3402091, 55.851369300000023 ], [ 37.3402434, 55.851399 ], [ 37.3402655, 55.851421800000011 ], [ 37.340295900000015, 55.851448100000013 ], [ 37.340342400000011, 55.851473300000023 ], [ 37.3403829, 55.851492700000016 ], [ 37.340421300000024, 55.8515167 ], [ 37.3404435, 55.8515384 ], [ 37.34046170000002, 55.8515703 ], [ 37.3405018, 55.851679800000021 ], [ 37.340542, 55.8517564 ], [ 37.3405701, 55.851818 ], [ 37.3406022, 55.8519321 ], [ 37.3406099, 55.851988 ], [ 37.3406079, 55.8520199 ], [ 37.3405607, 55.8521213 ], [ 37.3405606, 55.852157900000016 ], [ 37.3405645, 55.8522035 ], [ 37.3405926, 55.852257100000024 ], [ 37.3406289, 55.85230390000001 ], [ 37.3407016, 55.852385 ], [ 37.3407622, 55.852433 ], [ 37.3408654, 55.8524833 ], [ 37.3409038, 55.852514199999987 ], [ 37.34093, 55.8525449 ], [ 37.3409421, 55.852575799999983 ], [ 37.340946, 55.8526145 ], [ 37.34094180000001, 55.8526499 ], [ 37.3409356, 55.852675 ], [ 37.3409091, 55.852704600000017 ], [ 37.34087670000001, 55.852726300000015 ], [ 37.3408218, 55.852744400000013 ], [ 37.3407487, 55.8527591 ], [ 37.340673700000011, 55.852771600000011 ], [ 37.3406331, 55.852780700000011 ], [ 37.340588399999987, 55.8527977 ], [ 37.3405437, 55.8528204 ], [ 37.3404889, 55.8528603 ], [ 37.340456200000013, 55.8529024 ], [ 37.340419400000016, 55.8529675 ], [ 37.340405, 55.8530073 ], [ 37.3404008, 55.853046100000022 ], [ 37.3403986, 55.8530905 ], [ 37.3403905, 55.8531225 ], [ 37.340371900000015, 55.853167 ], [ 37.340363700000012, 55.8532137 ], [ 37.3403676, 55.853265 ], [ 37.3403652, 55.8533186 ], [ 37.340361100000017, 55.8533676 ], [ 37.3403487, 55.8534087 ], [ 37.3403221, 55.853470300000012 ], [ 37.3403037, 55.853504400000013 ], [ 37.34028330000001, 55.853536300000016 ], [ 37.340273, 55.853571700000018 ], [ 37.3402543, 55.85366410000001 ], [ 37.34024, 55.8537108 ], [ 37.3402278, 55.853730200000022 ], [ 37.3401178, 55.853841800000019 ], [ 37.3400872, 55.8538806 ], [ 37.340068800000019, 55.8539251 ], [ 37.3400482, 55.853982 ], [ 37.3400338, 55.8540481 ], [ 37.3400368, 55.85413650000001 ], [ 37.3400365, 55.8542235 ], [ 37.3400199, 55.8543014 ], [ 37.3400196, 55.8543701 ], [ 37.3399949, 55.8544343 ], [ 37.3399129, 55.854535 ], [ 37.339839200000014, 55.85460830000001 ], [ 37.3397408, 55.8547456 ], [ 37.3396834, 55.8548325 ], [ 37.3396014, 55.854947 ], [ 37.3395683, 55.8550708 ], [ 37.3395515, 55.855176100000016 ], [ 37.3395754, 55.8553365 ], [ 37.339687400000017, 55.855507 ], [ 37.340053600000012, 55.8557238 ], [ 37.340215200000017, 55.855844500000025 ], [ 37.340290300000014, 55.856001500000012 ], [ 37.3402801, 55.8560989 ], [ 37.340225100000012, 55.85619070000002 ], [ 37.340085500000015, 55.8563939 ], [ 37.3400704, 55.856474700000014 ], [ 37.340114699999987, 55.8565305 ], [ 37.3401937, 55.8565806 ], [ 37.340292600000012, 55.856656 ], [ 37.340351599999984, 55.8567452 ], [ 37.3403511, 55.8568594 ], [ 37.340345900000017, 55.856968 ], [ 37.340291, 55.8570487 ], [ 37.3402805, 55.8571824 ], [ 37.3403443, 55.85732260000001 ], [ 37.3404132, 55.857477800000012 ], [ 37.3404913, 55.8577091 ], [ 37.34060430000001, 55.857951600000014 ], [ 37.340633700000012, 55.858049100000024 ], [ 37.3406978, 55.8581328 ], [ 37.3408163, 55.8582193 ], [ 37.341014, 55.8583421 ], [ 37.34126590000001, 55.858529 ], [ 37.341355, 55.8585737 ], [ 37.3414536, 55.8586909 ], [ 37.3414829, 55.858782800000014 ], [ 37.3414474, 55.8589665 ], [ 37.341471800000015, 55.8590669 ], [ 37.3415062, 55.8591589 ], [ 37.3416098, 55.8592398 ], [ 37.341684, 55.8593207 ], [ 37.34172310000001, 55.8594294 ], [ 37.341747400000024, 55.859554700000011 ], [ 37.3417568, 55.859668900000024 ], [ 37.3417814, 55.859705100000014 ], [ 37.341825900000018, 55.859747 ], [ 37.3418357, 55.8597777 ], [ 37.3419189, 55.860000600000014 ], [ 37.3420073, 55.8601929 ], [ 37.342022300000011, 55.860206800000022 ], [ 37.3421607, 55.8602573 ], [ 37.342239800000023, 55.8602879 ], [ 37.342333800000013, 55.860352 ], [ 37.342477, 55.8604442 ], [ 37.342565900000011, 55.8605167 ], [ 37.342618, 55.86059430000001 ], [ 37.3451935, 55.861309500000011 ], [ 37.346585300000022, 55.8622364 ], [ 37.3458799, 55.862943700000031 ], [ 37.3464132, 55.863061500000015 ], [ 37.3464795, 55.863129 ], [ 37.347058900000015, 55.8631837 ], [ 37.3478345, 55.8634304 ], [ 37.3493919, 55.8635282 ], [ 37.349819, 55.863798800000026 ], [ 37.3578908, 55.8642649 ], [ 37.359114200000022, 55.8650687 ], [ 37.3594751, 55.865515 ], [ 37.35986740000002, 55.8658569 ], [ 37.360146600000014, 55.86605680000001 ], [ 37.3617292, 55.8671137 ], [ 37.3623222, 55.8675032 ], [ 37.362346, 55.8675198 ], [ 37.36238, 55.867522900000012 ], [ 37.362424, 55.8675293 ], [ 37.362492400000015, 55.8675233 ], [ 37.362579799999985, 55.8675243 ], [ 37.3626138, 55.867529499999989 ], [ 37.362649500000025, 55.8675489 ], [ 37.3627271, 55.8675874 ], [ 37.3627722, 55.8676198 ], [ 37.36280630000001, 55.867639900000022 ], [ 37.3628222, 55.867647100000021 ], [ 37.362835800000013, 55.8676478 ], [ 37.3628516, 55.867641 ], [ 37.362856, 55.8676321 ], [ 37.362864, 55.8675928 ], [ 37.3628518, 55.8675578 ], [ 37.362817700000022, 55.867509700000021 ], [ 37.3628085, 55.867464300000016 ], [ 37.3628158, 55.867448300000014 ], [ 37.3628335, 55.867439900000015 ], [ 37.3628755, 55.867432800000017 ], [ 37.3629547, 55.8674347 ], [ 37.3630249, 55.867431300000021 ], [ 37.363049800000013, 55.867426500000015 ], [ 37.363059200000023, 55.867412100000031 ], [ 37.3630717, 55.867376300000011 ], [ 37.363078400000013, 55.8673614 ], [ 37.363095100000017, 55.86735620000001 ], [ 37.363154200000018, 55.8673518 ], [ 37.363232100000019, 55.8673493 ], [ 37.363253200000024, 55.8673411 ], [ 37.36327720000002, 55.867325699999988 ], [ 37.363355, 55.867318 ], [ 37.363435800000019, 55.867318 ], [ 37.3634965, 55.8673251 ], [ 37.36354140000001, 55.867345300000011 ], [ 37.363577100000015, 55.8673786 ], [ 37.3635847, 55.867400400000029 ], [ 37.363561400000016, 55.867423100000011 ], [ 37.363535, 55.8674467 ], [ 37.363531599999988, 55.867465900000013 ], [ 37.363558100000013, 55.8674878 ], [ 37.3635813, 55.8675184 ], [ 37.3635953, 55.8675341 ], [ 37.3636185, 55.8675413 ], [ 37.363641800000011, 55.86753250000001 ], [ 37.3636948, 55.8674993 ], [ 37.3637448, 55.867478400000024 ], [ 37.363807, 55.8674688 ], [ 37.3638521, 55.8674453 ], [ 37.3638818, 55.867434899999985 ], [ 37.363914400000013, 55.867434 ], [ 37.3639409, 55.86744620000001 ], [ 37.363939100000017, 55.8674829 ], [ 37.3639406, 55.867517100000015 ], [ 37.3639575, 55.867553 ], [ 37.3639825, 55.8675792 ], [ 37.3640367, 55.8675967 ], [ 37.3641004, 55.8676169 ], [ 37.3641517, 55.8676309 ], [ 37.3642171, 55.867631 ], [ 37.3642964, 55.867621400000012 ], [ 37.3643555, 55.8676049 ], [ 37.3644008, 55.86757350000002 ], [ 37.364432, 55.8675446 ], [ 37.364448300000014, 55.867540100000021 ], [ 37.3644708, 55.8675412 ], [ 37.364508200000024, 55.8675623 ], [ 37.3645485, 55.8675754 ], [ 37.3645983, 55.8675668 ], [ 37.3646451, 55.8675456 ], [ 37.3647059, 55.8675065 ], [ 37.3647434, 55.8674577 ], [ 37.3647885, 55.867427900000017 ], [ 37.3648384, 55.867405300000023 ], [ 37.3648836, 55.867398300000019 ], [ 37.3649318, 55.867401800000025 ], [ 37.3649814, 55.867416 ], [ 37.3650328, 55.867437800000012 ], [ 37.3650824, 55.8674633 ], [ 37.3651196, 55.8674973 ], [ 37.3651677, 55.8675464 ], [ 37.3652173, 55.867578800000011 ], [ 37.3652388, 55.8676059 ], [ 37.3652372, 55.86762860000001 ], [ 37.365209299999989, 55.867650400000024 ], [ 37.365160899999985, 55.8676985 ], [ 37.365128100000014, 55.8677474 ], [ 37.3651046, 55.8677971 ], [ 37.365103, 55.8678313 ], [ 37.3651213, 55.867859200000012 ], [ 37.36515880000001, 55.8678855 ], [ 37.3652052, 55.8678988 ], [ 37.3652514, 55.8678987 ], [ 37.3653048, 55.867891 ], [ 37.365351700000012, 55.8678586 ], [ 37.365406200000017, 55.867819400000023 ], [ 37.3654468, 55.867801900000011 ], [ 37.3654827, 55.867797400000022 ], [ 37.365504400000013, 55.8677991 ], [ 37.3655167, 55.86780370000001 ], [ 37.365535300000012, 55.8678334 ], [ 37.3655585, 55.8678763 ], [ 37.3655786, 55.867907 ], [ 37.365600300000011, 55.8679236 ], [ 37.3656199, 55.8679268 ], [ 37.3656438, 55.8679236 ], [ 37.365679700000015, 55.8679088 ], [ 37.365709400000014, 55.867880900000024 ], [ 37.365739, 55.8678617 ], [ 37.365763600000015, 55.8678568 ], [ 37.3657809, 55.8678582 ], [ 37.3658058, 55.867864400000023 ], [ 37.3658198, 55.8678854 ], [ 37.3658257, 55.8679422 ], [ 37.3658366, 55.867966700000018 ], [ 37.3658614, 55.8679834 ], [ 37.365912700000017, 55.867986 ], [ 37.366062100000015, 55.867980100000011 ], [ 37.366105499999989, 55.8679696 ], [ 37.3661242, 55.867947900000019 ], [ 37.366152400000011, 55.867912 ], [ 37.3661807, 55.8678884 ], [ 37.3662116, 55.8678744 ], [ 37.3662428, 55.8678727 ], [ 37.366288, 55.867878900000015 ], [ 37.366318900000017, 55.8678815 ], [ 37.3663394, 55.867876400000029 ], [ 37.36635, 55.8678606 ], [ 37.3663533, 55.8678405 ], [ 37.3663844, 55.867831800000012 ], [ 37.366436, 55.867822200000013 ], [ 37.3664778, 55.867822200000013 ], [ 37.3665121, 55.8678355 ], [ 37.3665399, 55.8678566 ], [ 37.3666004, 55.8679019 ], [ 37.3666641, 55.8679492 ], [ 37.3667091, 55.8679913 ], [ 37.366746300000017, 55.868018300000024 ], [ 37.3667945, 55.8680263 ], [ 37.3668441, 55.868028100000011 ], [ 37.366877, 55.868018500000019 ], [ 37.3668973, 55.867987100000015 ], [ 37.3669037, 55.867932 ], [ 37.366907, 55.8678674 ], [ 37.3669258, 55.867837600000016 ], [ 37.36695850000001, 55.867822799999985 ], [ 37.367012799999983, 55.867820300000012 ], [ 37.3670736, 55.8678247 ], [ 37.3671623, 55.8678169 ], [ 37.36722450000002, 55.8678091 ], [ 37.3672931, 55.867785600000012 ], [ 37.3673366, 55.867782200000015 ], [ 37.367364600000016, 55.8677935 ], [ 37.367369200000013, 55.867805700000012 ], [ 37.3673411, 55.8678259 ], [ 37.3672943, 55.86786510000001 ], [ 37.367291, 55.867902700000016 ], [ 37.3672755, 55.8679306 ], [ 37.36726740000001, 55.867972600000016 ], [ 37.3672798, 55.867998 ], [ 37.3673156, 55.868013800000021 ], [ 37.3673514, 55.868019 ], [ 37.367394900000015, 55.868004300000024 ], [ 37.367460500000014, 55.8679676 ], [ 37.367521100000012, 55.867933500000021 ], [ 37.367541600000024, 55.8679047 ], [ 37.367538400000015, 55.867874200000024 ], [ 37.367513700000018, 55.8678523 ], [ 37.3674857, 55.867819900000022 ], [ 37.3674906, 55.867782300000016 ], [ 37.367525, 55.8677482 ], [ 37.3675592, 55.8677238 ], [ 37.3675853, 55.867721900000014 ], [ 37.367605800000021, 55.8677256 ], [ 37.367650800000021, 55.8677326 ], [ 37.3676992, 55.867732 ], [ 37.367749, 55.8677021 ], [ 37.367792700000024, 55.8676689 ], [ 37.3678255, 55.8676193 ], [ 37.3678397, 55.8675834 ], [ 37.367856800000013, 55.8675786 ], [ 37.3678755, 55.8675799 ], [ 37.3679189, 55.867585200000015 ], [ 37.367991900000021, 55.8676071 ], [ 37.3680185, 55.86761150000001 ], [ 37.368057300000011, 55.867602 ], [ 37.3681227, 55.8675933 ], [ 37.368191, 55.867582900000023 ], [ 37.36825, 55.867576799999988 ], [ 37.368286, 55.867586500000016 ], [ 37.368317, 55.867606600000016 ], [ 37.368354400000015, 55.8676241 ], [ 37.3684118, 55.867626799999982 ], [ 37.36847550000001, 55.86762860000001 ], [ 37.368517600000018, 55.8676305 ], [ 37.368555, 55.8676428 ], [ 37.3685766, 55.8676611 ], [ 37.3685889, 55.8676829 ], [ 37.3685921, 55.867717900000017 ], [ 37.368598100000021, 55.8677485 ], [ 37.368627699999983, 55.8677756 ], [ 37.368678900000013, 55.867795 ], [ 37.368727, 55.86781160000001 ], [ 37.368782900000014, 55.867821200000016 ], [ 37.3688406, 55.8678213 ], [ 37.368916800000015, 55.8678135 ], [ 37.3690225, 55.8677979 ], [ 37.369128400000022, 55.867790200000016 ], [ 37.3691859, 55.8677954 ], [ 37.369238600000017, 55.8677947 ], [ 37.369301, 55.8677859 ], [ 37.36935230000001, 55.8677738 ], [ 37.3693805, 55.8677589 ], [ 37.369379, 55.86773010000001 ], [ 37.3693541, 55.8676996 ], [ 37.3693092, 55.86765410000001 ], [ 37.369285899999987, 55.867620800000019 ], [ 37.369279900000024, 55.867597200000013 ], [ 37.3693, 55.867580500000024 ], [ 37.369356200000013, 55.867560500000017 ], [ 37.3694029, 55.8675458 ], [ 37.369457400000016, 55.867546600000011 ], [ 37.369502400000023, 55.8675625 ], [ 37.3695226, 55.8675773 ], [ 37.3695443, 55.867594900000022 ], [ 37.369566, 55.867608 ], [ 37.3695892, 55.86761150000001 ], [ 37.369617400000017, 55.8676097 ], [ 37.3696593, 55.8676002 ], [ 37.3697216, 55.86758540000001 ], [ 37.369757400000012, 55.867585500000011 ], [ 37.3697852, 55.867588100000013 ], [ 37.3698039, 55.8675933 ], [ 37.3698118, 55.867609 ], [ 37.3698193, 55.867638800000016 ], [ 37.369831800000021, 55.8676598 ], [ 37.3698598, 55.867673 ], [ 37.369887600000013, 55.8676826 ], [ 37.3699235, 55.8676843 ], [ 37.369951500000013, 55.8676739 ], [ 37.3699686, 55.8676548 ], [ 37.3699748, 55.8676119 ], [ 37.3699813, 55.867563 ], [ 37.36999070000001, 55.867536700000016 ], [ 37.369992500000023, 55.867502500000015 ], [ 37.36998950000001, 55.8674686 ], [ 37.3699943, 55.867438 ], [ 37.370023900000014, 55.8674134 ], [ 37.370056700000013, 55.867389899999985 ], [ 37.3700815, 55.8673725 ], [ 37.3701097, 55.867354199999987 ], [ 37.3701438, 55.867349 ], [ 37.3702029, 55.867349 ], [ 37.3702746, 55.867346500000011 ], [ 37.370357, 55.867341400000015 ], [ 37.3704065, 55.8673353 ], [ 37.3705156, 55.867319200000011 ], [ 37.370617600000024, 55.8673116 ], [ 37.370658100000021, 55.8673173 ], [ 37.370688800000025, 55.867328500000021 ], [ 37.370735300000014, 55.8673628 ], [ 37.3707842, 55.8673936 ], [ 37.3708233, 55.867416900000016 ], [ 37.3708532, 55.8674236 ], [ 37.3709406, 55.867428100000012 ], [ 37.3709811, 55.867445900000014 ], [ 37.371032100000022, 55.867467100000013 ], [ 37.3710755, 55.8674745 ], [ 37.371133, 55.867471 ], [ 37.3711892, 55.8674548 ], [ 37.3712466, 55.867424600000014 ], [ 37.371260799999988, 55.8674086 ], [ 37.371285, 55.867366500000017 ], [ 37.3713325, 55.8673402 ], [ 37.371367299999989, 55.867336 ], [ 37.3713988, 55.8673423 ], [ 37.3714535, 55.8673503 ], [ 37.3714971, 55.867346500000011 ], [ 37.3715171, 55.8673444 ], [ 37.3715405, 55.867353 ], [ 37.3715562, 55.8673713 ], [ 37.3715432, 55.867391200000021 ], [ 37.371524800000017, 55.8674091 ], [ 37.371515400000014, 55.867443100000017 ], [ 37.371545099999985, 55.8674586 ], [ 37.3716013, 55.8674617 ], [ 37.371659900000012, 55.8674608 ], [ 37.3716924, 55.867481 ], [ 37.3717103, 55.867492800000022 ], [ 37.3717365, 55.867503800000016 ], [ 37.371768800000019, 55.8675075 ], [ 37.3717953, 55.8675154 ], [ 37.3718371, 55.8675383 ], [ 37.371869, 55.867551500000012 ], [ 37.3719055, 55.8675528 ], [ 37.3719708, 55.867539500000014 ], [ 37.3719999, 55.8675443 ], [ 37.3720501, 55.8675747 ], [ 37.372099, 55.8675958 ], [ 37.372162100000011, 55.867617700000011 ], [ 37.3722076, 55.8676378 ], [ 37.372254200000022, 55.86766140000001 ], [ 37.3722924, 55.8676874 ], [ 37.3723143, 55.8676862 ], [ 37.372338, 55.8676746 ], [ 37.372355, 55.867649 ], [ 37.3724102, 55.8676173 ], [ 37.372519, 55.8675723 ], [ 37.372542, 55.867555900000013 ], [ 37.3725482, 55.8675305 ], [ 37.3725139, 55.8675153 ], [ 37.372464700000016, 55.8675056 ], [ 37.3723925, 55.86749440000002 ], [ 37.372358300000023, 55.867483500000013 ], [ 37.372353400000016, 55.8674697 ], [ 37.372379500000015, 55.867450500000018 ], [ 37.372449499999988, 55.86739840000002 ], [ 37.372464, 55.867377 ], [ 37.3724789, 55.8673322 ], [ 37.372512200000017, 55.8672956 ], [ 37.37254290000002, 55.867274100000017 ], [ 37.3725734, 55.867260600000016 ], [ 37.3726163, 55.8672376 ], [ 37.372679600000012, 55.8672185 ], [ 37.3727416, 55.8672057 ], [ 37.3727878, 55.867200700000012 ], [ 37.372829600000017, 55.867196700000022 ], [ 37.372865400000016, 55.8671986 ], [ 37.372904500000011, 55.867205600000013 ], [ 37.3729769, 55.867212600000016 ], [ 37.373008700000014, 55.867200500000024 ], [ 37.3730324, 55.867181600000023 ], [ 37.3730889, 55.8671554 ], [ 37.3731226, 55.867153100000024 ], [ 37.3731453, 55.867161 ], [ 37.37319810000001, 55.8671797 ], [ 37.3732233, 55.867185200000016 ], [ 37.373253400000024, 55.8671832 ], [ 37.373290400000016, 55.867181600000023 ], [ 37.373321, 55.8671873 ], [ 37.3733618, 55.8672028 ], [ 37.373386100000012, 55.867200500000024 ], [ 37.3734238, 55.86719 ], [ 37.3734511, 55.8671903 ], [ 37.3734873, 55.8671942 ], [ 37.3735671, 55.867194700000013 ], [ 37.373606100000025, 55.867202 ], [ 37.373645, 55.8672359 ], [ 37.3736624, 55.8672416 ], [ 37.3737054, 55.867246500000029 ], [ 37.3737337, 55.8672589 ], [ 37.3737408, 55.8672825 ], [ 37.3737311, 55.8672992 ], [ 37.373705, 55.867315600000012 ], [ 37.3736317, 55.8673402 ], [ 37.373609200000011, 55.867354 ], [ 37.3736186, 55.8673732 ], [ 37.373657400000013, 55.8673943 ], [ 37.3736899, 55.8673976 ], [ 37.3737259, 55.8674034 ], [ 37.373753500000014, 55.867419900000016 ], [ 37.3737845, 55.8674524 ], [ 37.373810200000015, 55.8674648 ], [ 37.3738558, 55.867467500000011 ], [ 37.373901400000015, 55.867453900000022 ], [ 37.3739291, 55.8674512 ], [ 37.3739516, 55.8674587 ], [ 37.373964100000016, 55.8674924 ], [ 37.374001700000022, 55.867509800000015 ], [ 37.374018500000012, 55.8675154 ], [ 37.374052699999986, 55.867537400000018 ], [ 37.374049200000016, 55.8675776 ], [ 37.374059100000011, 55.867594100000012 ], [ 37.3740838, 55.8675997 ], [ 37.374171099999984, 55.8675873 ], [ 37.3741989, 55.8675915 ], [ 37.374225, 55.867606700000017 ], [ 37.3742619, 55.86764130000001 ], [ 37.3742875, 55.8676794 ], [ 37.3742886, 55.867722900000011 ], [ 37.3742984, 55.8677553 ], [ 37.3743154, 55.8677755 ], [ 37.37432410000001, 55.8677801 ], [ 37.374354500000024, 55.8677869 ], [ 37.3744358, 55.867781700000016 ], [ 37.3744621, 55.8677857 ], [ 37.3744936, 55.8677948 ], [ 37.3745426, 55.8678142 ], [ 37.3745891, 55.8678281 ], [ 37.3746262, 55.867828 ], [ 37.3746541, 55.8678188 ], [ 37.374714400000023, 55.867783300000013 ], [ 37.374737099999983, 55.8677777 ], [ 37.3747626, 55.867776400000011 ], [ 37.3747982, 55.867791 ], [ 37.374818500000025, 55.8677998 ], [ 37.374837900000017, 55.867809 ], [ 37.374870700000017, 55.8678139 ], [ 37.374924100000015, 55.867817300000027 ], [ 37.3749698, 55.8678229 ], [ 37.3749877, 55.8678264 ], [ 37.3750279, 55.867847900000022 ], [ 37.375076800000016, 55.867879 ], [ 37.375114500000024, 55.867900700000014 ], [ 37.375141900000017, 55.8679061 ], [ 37.375210800000012, 55.8679013 ], [ 37.3752431, 55.867886200000015 ], [ 37.3752611, 55.867874300000018 ], [ 37.375286, 55.867837700000017 ], [ 37.375298500000014, 55.8678306 ], [ 37.3753252, 55.8678302 ], [ 37.3753768, 55.8678351 ], [ 37.3754027, 55.8678498 ], [ 37.3754288, 55.867866200000016 ], [ 37.375457900000022, 55.8678682 ], [ 37.3754738, 55.867861400000017 ], [ 37.3755134, 55.8678325 ], [ 37.375549300000017, 55.867823500000014 ], [ 37.3755698, 55.867829100000016 ], [ 37.3756912, 55.867855500000019 ], [ 37.3757462, 55.8678776 ], [ 37.3757852, 55.8679032 ], [ 37.3758045, 55.8679481 ], [ 37.375806200000021, 55.867974499999988 ], [ 37.3758032, 55.8680004 ], [ 37.375808800000016, 55.8680225 ], [ 37.37583810000001, 55.868032 ], [ 37.3759442, 55.868025100000011 ], [ 37.3759699, 55.8680191 ], [ 37.376024200000018, 55.8679986 ], [ 37.3760583, 55.867995100000016 ], [ 37.3760779, 55.8679986 ], [ 37.3760972, 55.8680197 ], [ 37.3761173, 55.8680287 ], [ 37.3761608, 55.868031700000017 ], [ 37.3762112, 55.8680272 ], [ 37.376238199999989, 55.8680166 ], [ 37.3762781, 55.867996200000015 ], [ 37.376297700000016, 55.867998900000011 ], [ 37.3763386, 55.868019499999988 ], [ 37.3763493, 55.868035400000011 ], [ 37.3763469, 55.8680693 ], [ 37.3763609, 55.8680904 ], [ 37.376424200000017, 55.8681198 ], [ 37.376468200000012, 55.8681193 ], [ 37.376523700000021, 55.868112600000011 ], [ 37.376541700000011, 55.8681224 ], [ 37.3765608, 55.8681556 ], [ 37.3765802, 55.8681757 ], [ 37.376603, 55.868181200000016 ], [ 37.3766275, 55.868174 ], [ 37.376648300000014, 55.868162900000023 ], [ 37.3766731, 55.8681603 ], [ 37.3766884, 55.8681619 ], [ 37.3767384, 55.86820010000001 ], [ 37.3767495, 55.8682089 ], [ 37.376764100000017, 55.868233600000011 ], [ 37.376755800000012, 55.868250900000014 ], [ 37.3767395, 55.8682693 ], [ 37.376734600000013, 55.868288500000027 ], [ 37.376754, 55.868308599999985 ], [ 37.376778500000015, 55.868318800000011 ], [ 37.3768068, 55.868321600000016 ], [ 37.3768419, 55.8683087 ], [ 37.3768794, 55.868285500000013 ], [ 37.376941600000016, 55.8682455 ], [ 37.376975700000024, 55.868231 ], [ 37.376995100000016, 55.868228100000024 ], [ 37.3770196, 55.868225599999988 ], [ 37.377046700000022, 55.868232900000017 ], [ 37.3771091, 55.8682641 ], [ 37.3771578, 55.868288900000017 ], [ 37.3771953, 55.868293300000019 ], [ 37.377295700000012, 55.868285300000011 ], [ 37.37735480000002, 55.868285400000012 ], [ 37.3773744, 55.868295100000012 ], [ 37.377416500000017, 55.8683358 ], [ 37.377460200000016, 55.8683606 ], [ 37.3774889, 55.868361899999989 ], [ 37.3775238, 55.8683541 ], [ 37.3775614, 55.868342300000016 ], [ 37.377590700000013, 55.868328700000013 ], [ 37.3776135, 55.868305500000012 ], [ 37.3776149, 55.8682681 ], [ 37.377626200000016, 55.86824840000002 ], [ 37.3776442, 55.868239200000012 ], [ 37.377659, 55.868234200000018 ], [ 37.377687, 55.8682221 ], [ 37.3777048, 55.8682076 ], [ 37.3777014, 55.868197700000017 ], [ 37.3776633, 55.8681733 ], [ 37.3776539, 55.86816080000002 ], [ 37.377655, 55.868149 ], [ 37.3776705, 55.868132700000011 ], [ 37.3776945, 55.8681212 ], [ 37.3777402, 55.868108500000027 ], [ 37.3777816, 55.868102 ], [ 37.377859300000011, 55.868089600000026 ], [ 37.3778861, 55.86808 ], [ 37.377903, 55.8680571 ], [ 37.3779101, 55.868037200000018 ], [ 37.377926, 55.868018600000013 ], [ 37.3779439, 55.8680081 ], [ 37.377970300000023, 55.86800370000001 ], [ 37.37798870000001, 55.86800460000002 ], [ 37.378013, 55.868008200000013 ], [ 37.3780316, 55.8680184 ], [ 37.3780554, 55.868052 ], [ 37.37807620000001, 55.86806880000001 ], [ 37.3781157, 55.8680728 ], [ 37.3781466, 55.8680701 ], [ 37.3782074, 55.8680488 ], [ 37.3782407, 55.8680395 ], [ 37.37828480000001, 55.8680388 ], [ 37.3783195, 55.8680429 ], [ 37.378348, 55.8680524 ], [ 37.3783629, 55.868061 ], [ 37.3783716, 55.8680979 ], [ 37.378400199999987, 55.868122 ], [ 37.378434700000014, 55.8681375 ], [ 37.3784718, 55.868144200000025 ], [ 37.3784999, 55.868143 ], [ 37.3785297, 55.8681398 ], [ 37.3785515, 55.8681321 ], [ 37.37856870000001, 55.8681232 ], [ 37.378576700000018, 55.868116 ], [ 37.3785848, 55.868106400000016 ], [ 37.3785939, 55.8680903 ], [ 37.378604300000013, 55.8680775 ], [ 37.3786116, 55.8680698 ], [ 37.3786237, 55.868064 ], [ 37.3786364, 55.868061400000016 ], [ 37.378650100000016, 55.868058200000014 ], [ 37.3786649, 55.8680583 ], [ 37.3786868, 55.868060900000017 ], [ 37.378690600000013, 55.8680545 ], [ 37.37868, 55.868011700000011 ], [ 37.3786686, 55.8680015 ], [ 37.3786522, 55.8680009 ], [ 37.378586400000017, 55.8680218 ], [ 37.378561400000017, 55.868025700000025 ], [ 37.3785444, 55.8680276 ], [ 37.3785181, 55.868014100000011 ], [ 37.378476200000016, 55.8679979 ], [ 37.3784566, 55.8679743 ], [ 37.3784544, 55.867964 ], [ 37.378459, 55.8679423 ], [ 37.378477300000014, 55.8679282 ], [ 37.378518599999985, 55.867916600000022 ], [ 37.3786164, 55.8679117 ], [ 37.3787145, 55.867904 ], [ 37.3788198, 55.8678856 ], [ 37.378856100000014, 55.867876 ], [ 37.378872, 55.867867100000019 ], [ 37.378887, 55.8678539 ], [ 37.378883500000015, 55.8678312 ], [ 37.3788698, 55.8678209 ], [ 37.3788474, 55.867814100000011 ], [ 37.378724, 55.86779520000001 ], [ 37.378666900000013, 55.8677798 ], [ 37.37861, 55.867759099999986 ], [ 37.3786009, 55.867747600000023 ], [ 37.378607900000013, 55.8677386 ], [ 37.3786238, 55.867734500000019 ], [ 37.3788883, 55.8677152 ], [ 37.378929500000012, 55.867698 ], [ 37.3789684, 55.8676711 ], [ 37.378995800000013, 55.867628799999984 ], [ 37.3790142, 55.8675904 ], [ 37.3790332, 55.867565500000012 ], [ 37.379331800000024, 55.86740240000001 ], [ 37.3794062, 55.8673525 ], [ 37.3794086, 55.8673303 ], [ 37.3794002, 55.867316 ], [ 37.379376800000024, 55.867296400000015 ], [ 37.3793042, 55.8672937 ], [ 37.3792206, 55.867294 ], [ 37.3792167, 55.8672856 ], [ 37.379249300000019, 55.8672249 ], [ 37.379237200000013, 55.8671789 ], [ 37.3792652, 55.8671652 ], [ 37.3792934, 55.867155599999982 ], [ 37.3793217, 55.867144600000024 ], [ 37.379339, 55.867127200000013 ], [ 37.379318899999987, 55.867095400000018 ], [ 37.3792881, 55.867079499999988 ], [ 37.3792695, 55.867054 ], [ 37.379274, 55.86703510000001 ], [ 37.379291, 55.8670209 ], [ 37.379323800000016, 55.8669856 ], [ 37.3793166, 55.8669574 ], [ 37.379305300000013, 55.8669384 ], [ 37.3792621, 55.8669205 ], [ 37.37920110000001, 55.8668923 ], [ 37.3791503, 55.866878 ], [ 37.379105200000012, 55.8668716 ], [ 37.3790676, 55.866872500000014 ], [ 37.3790543, 55.866879500000017 ], [ 37.37906, 55.8668922 ], [ 37.3790937, 55.866903200000024 ], [ 37.379147400000015, 55.8669208 ], [ 37.3791721, 55.866938800000014 ], [ 37.3791981, 55.8669589 ], [ 37.379212, 55.866978 ], [ 37.379209200000012, 55.866995400000029 ], [ 37.3791951, 55.8670081 ], [ 37.3791552, 55.8670179 ], [ 37.3791131, 55.8670318 ], [ 37.3790792, 55.867038100000023 ], [ 37.3790537, 55.867041699999987 ], [ 37.3790143, 55.8670332 ], [ 37.378986200000014, 55.8670221 ], [ 37.3789468, 55.86700470000001 ], [ 37.3789242, 55.8669888 ], [ 37.3789157, 55.866969600000019 ], [ 37.3789017, 55.8669666 ], [ 37.378856500000012, 55.8669729 ], [ 37.3787293, 55.8669902 ], [ 37.378692700000016, 55.8669965 ], [ 37.3786674, 55.8669996 ], [ 37.378633400000012, 55.866998 ], [ 37.3786108, 55.86699320000001 ], [ 37.3785844, 55.8669781 ], [ 37.3785941, 55.8669599 ], [ 37.3786139, 55.8669536 ], [ 37.378642, 55.8669472 ], [ 37.3786647, 55.8669361 ], [ 37.3786719, 55.8669201 ], [ 37.3787061, 55.8668911 ], [ 37.3787055, 55.866884200000023 ], [ 37.3786945, 55.866876200000021 ], [ 37.378678700000016, 55.866877200000019 ], [ 37.3786376, 55.8668833 ], [ 37.3785284, 55.866924900000015 ], [ 37.3784957, 55.8669238 ], [ 37.3784612, 55.8669238 ], [ 37.3784185, 55.866930600000025 ], [ 37.3783598, 55.866924900000015 ], [ 37.3783335, 55.8669169 ], [ 37.3783363, 55.866905600000017 ], [ 37.3783452, 55.8668848 ], [ 37.378367300000015, 55.866872400000027 ], [ 37.37845140000001, 55.8668378 ], [ 37.3784482, 55.866808500000026 ], [ 37.3784351, 55.8667961 ], [ 37.3784353, 55.8667573 ], [ 37.3784212, 55.866718500000026 ], [ 37.3784031, 55.8666911 ], [ 37.37836870000001, 55.866666 ], [ 37.3783363, 55.8666477 ], [ 37.3783221, 55.8666317 ], [ 37.3783191, 55.866612300000014 ], [ 37.3783263, 55.866580400000018 ], [ 37.3783208, 55.866570600000024 ], [ 37.3783083, 55.866565 ], [ 37.3782846, 55.8665614 ], [ 37.378264100000017, 55.8665703 ], [ 37.3782434, 55.8666023 ], [ 37.378232300000015, 55.86662170000001 ], [ 37.378201299999986, 55.866648 ], [ 37.3781895, 55.8666484 ], [ 37.378162700000011, 55.8666368 ], [ 37.3781358, 55.866615499999988 ], [ 37.3781107, 55.866600300000016 ], [ 37.378068, 55.8665887 ], [ 37.3780316, 55.8665772 ], [ 37.37801910000001, 55.8665727 ], [ 37.3780111, 55.8665572 ], [ 37.3780224, 55.866542500000016 ], [ 37.3780493, 55.866535400000018 ], [ 37.378088700000021, 55.866531 ], [ 37.378123500000015, 55.8665257 ], [ 37.378155400000011, 55.8665152 ], [ 37.3781868, 55.8664947 ], [ 37.3782074, 55.8664686 ], [ 37.378233400000013, 55.8664479 ], [ 37.3782254, 55.8664092 ], [ 37.3782297, 55.866359 ], [ 37.3782717, 55.866280400000022 ], [ 37.378252300000014, 55.866265500000011 ], [ 37.3782199, 55.866235800000013 ], [ 37.378203699999986, 55.866216400000027 ], [ 37.3782038, 55.866201600000011 ], [ 37.378224100000011, 55.8661902 ], [ 37.378325700000012, 55.866156 ], [ 37.378348, 55.8661424 ], [ 37.3783521, 55.866120700000018 ], [ 37.378351500000022, 55.8660894 ], [ 37.3783336, 55.8660587 ], [ 37.3783096, 55.866042600000014 ], [ 37.378227800000012, 55.866020400000018 ], [ 37.37816140000001, 55.8660115 ], [ 37.3780731, 55.8660016 ], [ 37.3780128, 55.8660022 ], [ 37.3779845, 55.8659918 ], [ 37.377945, 55.8659758 ], [ 37.377913600000021, 55.865953500000025 ], [ 37.377916400000011, 55.865914600000025 ], [ 37.3779453, 55.865893099999987 ], [ 37.3780165, 55.865860400000017 ], [ 37.3781454, 55.865832 ], [ 37.3781544, 55.865770300000015 ], [ 37.3781216, 55.8657198 ], [ 37.3780412, 55.8656041 ], [ 37.37800270000001, 55.86548770000001 ], [ 37.377978900000016, 55.8654473 ], [ 37.377931700000012, 55.8653093 ], [ 37.3779287, 55.86522350000002 ], [ 37.377931700000012, 55.865191700000011 ], [ 37.377951400000022, 55.865126600000011 ], [ 37.377962700000012, 55.8651183 ], [ 37.3779834, 55.865094100000022 ], [ 37.3777425, 55.865058400000031 ], [ 37.3776405, 55.8650129 ], [ 37.3775554, 55.8649541 ], [ 37.3774961, 55.8648871 ], [ 37.3774557, 55.864804400000011 ], [ 37.37744960000002, 55.8647195 ], [ 37.3774714, 55.8646118 ], [ 37.37751260000001, 55.864532 ], [ 37.3775621, 55.8644591 ], [ 37.377604900000016, 55.8643994 ], [ 37.377662500000021, 55.864367 ], [ 37.3777631, 55.864344900000013 ], [ 37.377896400000012, 55.8643208 ], [ 37.377970600000012, 55.8642736 ], [ 37.378022, 55.86423 ], [ 37.378031900000025, 55.8641287 ], [ 37.378091500000011, 55.8640298 ], [ 37.378208900000011, 55.863964700000018 ], [ 37.378495, 55.8638827 ], [ 37.3787181, 55.8638043 ], [ 37.3790207, 55.8637073 ], [ 37.3791572, 55.8636269 ], [ 37.3792243, 55.8635631 ], [ 37.379372600000011, 55.863488 ], [ 37.379698100000013, 55.8633642 ], [ 37.3797707, 55.863294400000022 ], [ 37.3798065, 55.8632147 ], [ 37.379811599999989, 55.8631177 ], [ 37.3797747, 55.863034600000013 ], [ 37.3797066, 55.862945600000018 ], [ 37.3795956, 55.862821 ], [ 37.379486400000012, 55.8627295 ], [ 37.3793548, 55.8626564 ], [ 37.379117800000017, 55.8625589 ], [ 37.3787653, 55.8624311 ], [ 37.3786316, 55.8623739 ], [ 37.3784697, 55.8622951 ], [ 37.3783671, 55.8622164 ], [ 37.3782733, 55.862134 ], [ 37.378202600000016, 55.8620667 ], [ 37.37817350000001, 55.8619917 ], [ 37.3781844, 55.861942300000024 ], [ 37.3781919, 55.8618866 ], [ 37.3782176, 55.8617633 ], [ 37.3782221, 55.8616777 ], [ 37.3782074, 55.861530800000011 ], [ 37.378240200000022, 55.861387300000018 ], [ 37.378296400000011, 55.861258 ], [ 37.3783291, 55.861165700000015 ], [ 37.3783478, 55.8610562 ], [ 37.378412600000011, 55.8609742 ], [ 37.378496500000011, 55.860848200000021 ], [ 37.3785915, 55.8607255 ], [ 37.378645300000017, 55.860665900000022 ], [ 37.378742700000011, 55.8606154 ], [ 37.3788758, 55.8605568 ], [ 37.3789843, 55.8604933 ], [ 37.379161, 55.8603829 ], [ 37.379344300000014, 55.86030250000001 ], [ 37.379499200000012, 55.860236 ], [ 37.3796397, 55.8601411 ], [ 37.379748, 55.860056299999982 ], [ 37.379866900000025, 55.8599734 ], [ 37.3799498, 55.859900700000011 ], [ 37.3800003, 55.859842200000017 ], [ 37.3800401, 55.8597512 ], [ 37.380051700000024, 55.85961720000001 ], [ 37.3800303, 55.8594722 ], [ 37.3800089, 55.85937710000001 ], [ 37.3799336, 55.8593003 ], [ 37.3798547, 55.859259700000017 ], [ 37.379711, 55.8592211 ], [ 37.379541900000014, 55.8591967 ], [ 37.379391, 55.859174300000014 ], [ 37.3791538, 55.859105300000031 ], [ 37.3789402, 55.859024200000015 ], [ 37.378751800000018, 55.858965700000027 ], [ 37.3784925, 55.858881 ], [ 37.3782108, 55.858799900000029 ], [ 37.37802640000001, 55.8587369 ], [ 37.3778462, 55.858660300000025 ], [ 37.377678099999983, 55.858583700000018 ], [ 37.377475800000013, 55.8585315 ], [ 37.377208, 55.858454300000012 ], [ 37.3770034, 55.858388 ], [ 37.376758200000019, 55.858310100000011 ], [ 37.3766314, 55.8582495 ], [ 37.3765154, 55.8581766 ], [ 37.3764485, 55.8580694 ], [ 37.3764094, 55.8579298 ], [ 37.376399, 55.857832700000017 ], [ 37.3763849, 55.85773970000001 ], [ 37.3762739, 55.8575557 ], [ 37.376231, 55.857497 ], [ 37.3761627, 55.857478700000023 ], [ 37.376087100000014, 55.8574686 ], [ 37.3760154, 55.8574239 ], [ 37.3759824, 55.8573764 ], [ 37.3759726, 55.8573006 ], [ 37.3759407, 55.8572055 ], [ 37.375883300000012, 55.857082099999985 ], [ 37.3758579, 55.8569941 ], [ 37.3758702, 55.856937 ], [ 37.3759231, 55.8568733 ], [ 37.375998300000013, 55.8568414 ], [ 37.376071300000014, 55.856799200000012 ], [ 37.376122, 55.8567123 ], [ 37.3761834, 55.856623800000015 ], [ 37.37623150000001, 55.8565208 ], [ 37.3762317, 55.856412100000014 ], [ 37.376219299999988, 55.85632080000002 ], [ 37.3761554, 55.856178800000016 ], [ 37.3761127, 55.8561299 ], [ 37.375991100000014, 55.8560611 ], [ 37.3758874, 55.8559961 ], [ 37.3756103, 55.855862600000023 ], [ 37.3753733, 55.855769300000013 ], [ 37.3752009, 55.8557045 ], [ 37.3750716, 55.8556416 ], [ 37.374954100000011, 55.855548 ], [ 37.3748408, 55.855445200000013 ], [ 37.374818700000013, 55.855369899999985 ], [ 37.3748189, 55.855301400000016 ], [ 37.3748454, 55.8552513 ], [ 37.374934700000018, 55.8551704 ], [ 37.3750731, 55.855082700000018 ], [ 37.375589599999984, 55.85482660000001 ], [ 37.3760441, 55.854575 ], [ 37.3761822, 55.8545066 ], [ 37.3763952, 55.854434900000015 ], [ 37.376535400000023, 55.8544021 ], [ 37.376758100000018, 55.8543703 ], [ 37.3769329, 55.854348500000015 ], [ 37.3771499, 55.854349 ], [ 37.377437900000018, 55.85434140000001 ], [ 37.377539300000024, 55.8543312 ], [ 37.377724100000023, 55.854296 ], [ 37.3778683, 55.8542517 ], [ 37.3780237, 55.8542105 ], [ 37.37814250000001, 55.854114300000013 ], [ 37.3782521, 55.8540163 ], [ 37.378510200000022, 55.853874800000021 ], [ 37.3788165, 55.8537569 ], [ 37.378980400000017, 55.8536389 ], [ 37.3794263, 55.853511300000015 ], [ 37.3798725, 55.853472200000013 ], [ 37.380104400000015, 55.853493 ], [ 37.3803523, 55.853546900000019 ], [ 37.380532500000022, 55.8536225 ], [ 37.380834299999989, 55.853805200000011 ], [ 37.3810447, 55.8539412 ], [ 37.381247, 55.854121500000012 ], [ 37.381360099999988, 55.8542334 ], [ 37.381528, 55.8543602 ], [ 37.3817008, 55.8544746 ], [ 37.3818075, 55.8545362 ], [ 37.3819717, 55.854568 ], [ 37.382634500000016, 55.8546258 ], [ 37.382727800000019, 55.854631700000013 ], [ 37.3828696, 55.8546296 ], [ 37.38304, 55.854634200000014 ], [ 37.3832449, 55.8546334 ], [ 37.383433600000018, 55.8546152 ], [ 37.3840867, 55.8545702 ], [ 37.3841879, 55.854570300000013 ], [ 37.384303499999987, 55.8545648 ], [ 37.3847154, 55.854498900000017 ], [ 37.3848028, 55.8544876 ], [ 37.384967, 55.854470700000014 ], [ 37.38508860000001, 55.8544651 ], [ 37.3851919, 55.8544663 ], [ 37.385321900000015, 55.8544664 ], [ 37.385401, 55.8544802 ], [ 37.3855164, 55.85451 ], [ 37.38564190000001, 55.8545752 ], [ 37.385917500000012, 55.85471230000001 ], [ 37.385978, 55.8547694 ], [ 37.3860225, 55.854849300000012 ], [ 37.386044500000011, 55.854941700000012 ], [ 37.3861314, 55.855047799999987 ], [ 37.3861878, 55.8551654 ], [ 37.38629670000001, 55.8553411 ], [ 37.3864142, 55.85543770000001 ], [ 37.3865111, 55.8555592 ], [ 37.386571100000019, 55.855633300000015 ], [ 37.3866386, 55.855693900000013 ], [ 37.3867112, 55.855750100000016 ], [ 37.3868001, 55.85579420000002 ], [ 37.3869052, 55.855826 ], [ 37.3870072, 55.855848900000012 ], [ 37.3871672, 55.8558609 ], [ 37.3872476, 55.8558598 ], [ 37.387369, 55.855846200000016 ], [ 37.3874976, 55.855823200000032 ], [ 37.3875903, 55.8557979 ], [ 37.3876821, 55.8557646 ], [ 37.3877576, 55.8557298 ], [ 37.3878468, 55.8556784 ], [ 37.387908900000021, 55.855626900000011 ], [ 37.38796110000002, 55.855560500000017 ], [ 37.3884201, 55.8552405 ], [ 37.3886237, 55.855065 ], [ 37.3888403, 55.8548846 ], [ 37.3891223, 55.8546864 ], [ 37.389358200000011, 55.854453700000022 ], [ 37.3895991, 55.8542993 ], [ 37.389816, 55.854203 ], [ 37.389969400000012, 55.8541642 ], [ 37.3900942, 55.854144700000013 ], [ 37.39021, 55.8541433 ], [ 37.3903606, 55.8541645 ], [ 37.390809500000024, 55.8544338 ], [ 37.391258900000011, 55.8547422 ], [ 37.3914227, 55.8548519 ], [ 37.3916537, 55.8549479 ], [ 37.392055100000015, 55.8550098 ], [ 37.3925221, 55.8550142 ], [ 37.392985800000019, 55.854986700000012 ], [ 37.3932658, 55.8549493 ], [ 37.3934837, 55.8549174 ], [ 37.3936425, 55.8548657 ], [ 37.393795600000011, 55.854782 ], [ 37.393942, 55.8546864 ], [ 37.394064, 55.85456 ], [ 37.394112800000023, 55.854426500000017 ], [ 37.39455610000001, 55.8544023 ], [ 37.3950478, 55.8543249 ], [ 37.3937397, 55.851785900000024 ], [ 37.394709400000025, 55.851807500000014 ], [ 37.3951965, 55.8517904 ], [ 37.3955905, 55.851755200000028 ], [ 37.3961313, 55.85170590000002 ], [ 37.3965957, 55.851643 ], [ 37.3972658, 55.851526100000015 ], [ 37.397776100000016, 55.851443 ], [ 37.3985403, 55.851320699999988 ], [ 37.3990826, 55.85122 ], [ 37.399662700000015, 55.851129300000018 ], [ 37.4002197, 55.851045 ], [ 37.4007357, 55.850968200000018 ], [ 37.4009037, 55.8509441 ], [ 37.401298900000015, 55.8508874 ], [ 37.4017056, 55.8508315 ], [ 37.4019494, 55.8507876 ], [ 37.402169100000016, 55.8507378 ], [ 37.4023425, 55.8506882 ], [ 37.4027172, 55.8505912 ], [ 37.402914900000013, 55.8505393 ], [ 37.40300280000001, 55.850518100000023 ], [ 37.403108, 55.8505034 ], [ 37.4033488, 55.8504834 ], [ 37.403694, 55.8504764 ], [ 37.4040721, 55.8504785 ], [ 37.405120399999987, 55.8504953 ], [ 37.4052632, 55.8504966 ], [ 37.405686699999983, 55.850497800000014 ], [ 37.406043200000013, 55.8505035 ], [ 37.4063305, 55.850507299999983 ], [ 37.406862, 55.850511300000015 ], [ 37.4076944, 55.850519100000014 ], [ 37.4084263, 55.8505282 ], [ 37.408697600000011, 55.850531500000017 ], [ 37.409427, 55.8505323 ], [ 37.4099591, 55.8505344 ], [ 37.410072100000015, 55.850534900000021 ], [ 37.410236, 55.8505371 ], [ 37.410338600000017, 55.8505384 ], [ 37.4109781, 55.8505464 ], [ 37.4110354, 55.8505471 ], [ 37.411176900000015, 55.850547400000032 ], [ 37.4114059, 55.8505479 ], [ 37.411680900000022, 55.8505458 ], [ 37.411754400000021, 55.8505448 ], [ 37.4119327, 55.8505369 ], [ 37.412207899999984, 55.8505244 ], [ 37.4122982, 55.8505197 ], [ 37.4126656, 55.8504966 ], [ 37.413045100000012, 55.8504565 ], [ 37.4133854, 55.8504143 ], [ 37.4136077, 55.85038380000001 ], [ 37.4138435, 55.8503502 ], [ 37.4140293, 55.850321600000022 ], [ 37.414356, 55.85026850000002 ], [ 37.4146592, 55.8502169 ], [ 37.415008400000012, 55.85015640000001 ], [ 37.415235500000016, 55.8501152 ], [ 37.4154055, 55.850084799999983 ], [ 37.4157425, 55.850012500000027 ], [ 37.4160462, 55.849936800000016 ], [ 37.4162729, 55.84987670000001 ], [ 37.416331900000017, 55.8498603 ], [ 37.4164189, 55.8498352 ], [ 37.4166124, 55.8497787 ], [ 37.4169106, 55.8496915 ], [ 37.4171023, 55.84963410000001 ], [ 37.4176888, 55.849444500000018 ], [ 37.4179356, 55.8493715 ], [ 37.4182246, 55.849285900000012 ], [ 37.4185454, 55.849183900000021 ], [ 37.4189996, 55.8490589 ], [ 37.41931790000001, 55.8489834 ], [ 37.419583200000012, 55.8489286 ], [ 37.420105400000011, 55.84885640000001 ], [ 37.420204399999989, 55.8488444 ], [ 37.4203774, 55.8488217 ], [ 37.420741100000015, 55.8487787 ], [ 37.4209615, 55.848761300000014 ], [ 37.4212316, 55.8487478 ], [ 37.4214434, 55.8487437 ], [ 37.4216271, 55.8487537 ], [ 37.42197740000001, 55.8487763 ], [ 37.422446100000016, 55.8488249 ], [ 37.4228655, 55.848865800000013 ], [ 37.423111400000018, 55.8488953 ], [ 37.4275116, 55.849414399999986 ], [ 37.4297623, 55.8496655 ], [ 37.43158, 55.8498524 ], [ 37.435491500000012, 55.8502638 ], [ 37.437372399999987, 55.8504679 ], [ 37.4383122, 55.850565399999986 ], [ 37.4390529, 55.8506343 ], [ 37.4393802, 55.850663500000024 ], [ 37.43944560000002, 55.850668800000015 ], [ 37.4395837, 55.85068 ], [ 37.440163100000021, 55.8507223 ], [ 37.440466200000017, 55.850748100000011 ], [ 37.440696100000011, 55.8507674 ], [ 37.441197900000013, 55.850815 ], [ 37.4414145, 55.8508352 ], [ 37.4417938, 55.8508728 ], [ 37.4430978, 55.8510201 ], [ 37.4441659, 55.8511341 ], [ 37.4447718, 55.851198800000027 ], [ 37.4460111, 55.851331100000024 ], [ 37.4461808, 55.8513491 ], [ 37.446201800000011, 55.8513514 ], [ 37.4463964, 55.8513722 ], [ 37.44682920000001, 55.8514203 ], [ 37.4469343, 55.8514296 ], [ 37.447132, 55.8514507 ], [ 37.448807, 55.8516295 ], [ 37.4499661, 55.8517536 ], [ 37.4506232, 55.8518293 ], [ 37.451273, 55.851897500000014 ], [ 37.4515654, 55.851936800000011 ], [ 37.4520255, 55.85199190000003 ], [ 37.4521859, 55.8520083 ], [ 37.460847200000025, 55.853004 ], [ 37.46100610000002, 55.8518067 ], [ 37.4613263, 55.851045 ], [ 37.4628942, 55.8500763 ], [ 37.4636035, 55.849086300000032 ], [ 37.4634933, 55.8481997 ], [ 37.4639345, 55.8476856 ], [ 37.46446250000001, 55.8471182 ], [ 37.465379800000015, 55.8462341 ], [ 37.4667117, 55.8456326 ], [ 37.4680678, 55.8446782 ], [ 37.4688453, 55.843538100000018 ], [ 37.4698854, 55.8431779 ], [ 37.4703495, 55.8427259 ], [ 37.4715156, 55.8423979 ], [ 37.4722678, 55.8417749 ], [ 37.472512300000012, 55.840983 ], [ 37.4725865, 55.84035380000001 ], [ 37.472060900000017, 55.8393886 ], [ 37.4717789, 55.8385544 ], [ 37.4716778, 55.837785500000017 ], [ 37.472178500000012, 55.8371823 ], [ 37.4742235, 55.8359672 ], [ 37.4762079, 55.834285900000012 ], [ 37.4778166, 55.8328528 ], [ 37.4785499, 55.8319632 ], [ 37.478983, 55.83155410000002 ], [ 37.4791227, 55.830748 ], [ 37.4783235, 55.830470699999985 ], [ 37.474467800000021, 55.8300036 ], [ 37.4744188, 55.8298286 ], [ 37.47577170000001, 55.8286851 ], [ 37.4762377, 55.828284300000014 ], [ 37.4762994, 55.82823190000002 ], [ 37.4779908, 55.8267936 ], [ 37.4782013, 55.826614600000013 ], [ 37.47849380000001, 55.826574200000017 ], [ 37.4788291, 55.82665380000001 ], [ 37.480385300000023, 55.8270233 ], [ 37.4813937, 55.827013700000016 ], [ 37.4828335, 55.8269148 ], [ 37.48353070000001, 55.8268374 ], [ 37.4842849, 55.8267077 ], [ 37.4856033, 55.826517 ], [ 37.485962500000014, 55.8264992 ], [ 37.486376, 55.8264788 ], [ 37.487159300000016, 55.8264847 ], [ 37.488427, 55.8265657 ], [ 37.4897929, 55.826931 ], [ 37.4902928, 55.827064700000015 ], [ 37.4906405, 55.8271576 ], [ 37.4909498, 55.827239800000022 ], [ 37.49107510000001, 55.8272718 ], [ 37.4933282, 55.824519 ], [ 37.4933657, 55.824478300000024 ], [ 37.4926481, 55.824203100000013 ], [ 37.4919622, 55.8238104 ], [ 37.4907202, 55.8230964 ], [ 37.490261199999985, 55.822766400000013 ], [ 37.4898587, 55.8224393 ], [ 37.4889712, 55.821682 ], [ 37.488042, 55.820629700000012 ], [ 37.487549200000011, 55.819867100000018 ], [ 37.487069600000012, 55.818851300000013 ], [ 37.4868036, 55.8179345 ], [ 37.486701, 55.8174275 ], [ 37.486719700000023, 55.8171743 ], [ 37.486724600000016, 55.8168705 ], [ 37.4867584, 55.8161493 ], [ 37.4868576, 55.815334 ], [ 37.4869086, 55.8150244 ], [ 37.487027800000014, 55.813951699999983 ], [ 37.4871006, 55.8136659 ], [ 37.487224, 55.8132784 ], [ 37.48736190000001, 55.8129907 ], [ 37.4876596, 55.812438700000016 ], [ 37.487897899999986, 55.8121021 ], [ 37.488582399999984, 55.8112688 ], [ 37.48941, 55.81031340000002 ], [ 37.4909199, 55.808485200000021 ], [ 37.491933, 55.8072716 ], [ 37.4934173, 55.805565500000014 ], [ 37.4960944, 55.802469700000017 ], [ 37.498791800000021, 55.799338 ], [ 37.499914300000015, 55.798037700000016 ], [ 37.500775200000014, 55.797038 ], [ 37.501479, 55.7962303 ], [ 37.502123, 55.795448500000013 ], [ 37.5025463, 55.794866 ], [ 37.5028255, 55.794398300000012 ], [ 37.503094500000017, 55.793826400000015 ], [ 37.5032493, 55.7934544 ], [ 37.503378, 55.7930337 ], [ 37.5038208, 55.7910836 ] ] ] ] } },
{ "type": "Feature", "properties": { "fid": 207, "okrug": 207, "wiki_name": "Город Москва - Ховринский одномандатный избирательный округ ", "wiki_pop": 481272, "wiki_terr": "Зеленоградский административный округ; Северный административный округ (Войковский район, Головинский район, район Левобережный, Молжаниновский район, район Ховрино); Северо-Западный административный округ (район Куркино, район Северное Тушино) ", "color": "#DA669E", "2021_duma_oik196_Иванова": 0.0, "2021_duma_oik196_Крюков": 0.0, "2021_duma_oik196_Малинкович": 0.0, "2021_duma_oik196_Миронова": 0.0, "2021_duma_oik196_Рашкин": 0.0, "2021_duma_oik196_Рвачев": 0.0, "2021_duma_oik196_Стрельникова": 0.0, "2021_duma_oik196_Тарасов": 0.0, "2021_duma_oik196_Федоров": 0.0, "2021_duma_oik196_Янков": 0.0, "2021_duma_oik196_явка": 0.0, "2021_duma_oik196_недействительные": 0.0, "2021_duma_oik197_Гончаров": 0.0, "2021_duma_oik197_Горшкова": 0.0, "2021_duma_oik197_Лобанов": 0.0, "2021_duma_oik197_Меньшиков": 0.0, "2021_duma_oik197_Митина": 0.0, "2021_duma_oik197_Попов": 0.0, "2021_duma_oik197_Раменский": 0.0, "2021_duma_oik197_Соболев": 0.0, "2021_duma_oik197_Тарнавский": 0.0, "2021_duma_oik197_явка": 0.0, "2021_duma_oik197_недействительные": 0.0, "2021_duma_oik198_Брюханова": 0.0, "2021_duma_oik198_Власов": 0.0, "2021_duma_oik198_Голуенко": 0.0, "2021_duma_oik198_Звягинцев": 0.0, "2021_duma_oik198_Катаев": 0.0, "2021_duma_oik198_Литвинович": 0.0, "2021_duma_oik198_Мельников": 0.0, "2021_duma_oik198_Тарбаев": 0.0, "2021_duma_oik198_Хованская": 0.0, "2021_duma_oik198_явка": 0.0, "2021_duma_oik198_недействительные": 0.0, "2021_duma_oik199_Гулина": 0.0, "2021_duma_oik199_Гуличева": 0.0, "2021_duma_oik199_Катков": 0.0, "2021_duma_oik199_Киселёв": 0.0, "2021_duma_oik199_Кульнев": 0.0, "2021_duma_oik199_Прохоренкова": 0.0, "2021_duma_oik199_Рашкин": 0.0, "2021_duma_oik199_Тарасов": 0.0, "2021_duma_oik199_Толстой": 0.0, "2021_duma_oik199_Шах": 0.0, "2021_duma_oik199_Шоладеми": 0.0, "2021_duma_oik199_явка": 0.0, "2021_duma_oik199_недействительные": 0.0, "2021_duma_oik200_Бабушкин": 0.0, "2021_duma_oik200_Вельмакин": 0.0, "2021_duma_oik200_Загребной": 0.0, "2021_duma_oik200_Запотылок": 0.0, "2021_duma_oik200_Орлов": 0.0, "2021_duma_oik200_Парфенов": 0.0, "2021_duma_oik200_Певцов": 0.0, "2021_duma_oik200_Степкин": 0.0, "2021_duma_oik200_явка": 0.0, "2021_duma_oik200_недействительные": 0.0, "2021_duma_oik201_Гаспарян": 0.0, "2021_duma_oik201_Демин": 0.0, "2021_duma_oik201_Куликов": 0.0, "2021_duma_oik201_Разворотнева": 0.0, "2021_duma_oik201_Туманов": 0.0, "2021_duma_oik201_Удалова": 0.0, "2021_duma_oik201_Удальцова": 0.0, "2021_duma_oik201_Черников": 0.0, "2021_duma_oik201_явка": 0.0, "2021_duma_oik201_недействительные": 0.0, "2021_duma_oik202_Гершберг": 0.0, "2021_duma_oik202_Лапшов": 0.0, "2021_duma_oik202_Махницкий": 0.0, "2021_duma_oik202_Михайловский": 0.0, "2021_duma_oik202_Муратова": 0.0, "2021_duma_oik202_Придорожный": 0.0, "2021_duma_oik202_Саблин": 0.0, "2021_duma_oik202_Сиднев": 0.0, "2021_duma_oik202_Суханов": 0.0, "2021_duma_oik202_явка": 0.0, "2021_duma_oik202_недействительные": 0.0, "2021_duma_oik203_Казенков": 0.0, "2021_duma_oik203_Нифантьев": 0.0, "2021_duma_oik203_Пенкин": 0.0, "2021_duma_oik203_Петров": 0.0, "2021_duma_oik203_Смолич": 0.0, "2021_duma_oik203_Турушев": 0.0, "2021_duma_oik203_Шлямина": 0.0, "2021_duma_oik203_Шушлебина": 0.0, "2021_duma_oik203_Юдин": 0.0, "2021_duma_oik203_явка": 0.0, "2021_duma_oik203_недействительные": 0.0, "2021_duma_oik204_Дворак": 0.0, "2021_duma_oik204_Доможирова": 0.0, "2021_duma_oik204_Игнатьев": 0.0, "2021_duma_oik204_Измайлов": 0.0, "2021_duma_oik204_Кавказский": 0.0, "2021_duma_oik204_Курганов": 0.0, "2021_duma_oik204_Курганский": 0.0, "2021_duma_oik204_Монахов": 0.0, "2021_duma_oik204_Пресняков": 0.0, "2021_duma_oik204_Проханов": 0.0, "2021_duma_oik204_Шувалов": 0.0, "2021_duma_oik204_Яшин": 0.0, "2021_duma_oik204_явка": 0.0, "2021_duma_oik204_недействительные": 0.0, "2021_duma_oik205_Демченко": 0.0, "2021_duma_oik205_Загордан": 0.0, "2021_duma_oik205_Ищенко": 0.0, "2021_duma_oik205_Корягина": 0.0, "2021_duma_oik205_Костычева": 0.0, "2021_duma_oik205_Медведев": 0.0, "2021_duma_oik205_Обухов": 0.0, "2021_duma_oik205_Попова": 0.0, "2021_duma_oik205_Сидоров": 0.0, "2021_duma_oik205_явка": 0.0, "2021_duma_oik205_недействительные": 0.0, "2021_duma_oik206_Васильев": 0.0, "2021_duma_oik206_Гребенник": 0.0, "2021_duma_oik206_Иванова": 0.0, "2021_duma_oik206_Копкина": 0.0, "2021_duma_oik206_Мажуга": 0.0, "2021_duma_oik206_Мишарин": 0.0, "2021_duma_oik206_Пономарев": 0.0, "2021_duma_oik206_Цыба": 0.0, "2021_duma_oik206_явка": 0.0, "2021_duma_oik206_недействительные": 0.0, "2021_duma_oik207_Макаренко": 6.45, "2021_duma_oik207_Милованов": 5.36, "2021_duma_oik207_Павлинов": 7.31, "2021_duma_oik207_Пангаев": 2.4, "2021_duma_oik207_Серафонтов": 1.61, "2021_duma_oik207_Соловьев": 1.48, "2021_duma_oik207_Ульянов": 2.8, "2021_duma_oik207_Ульянченко": 21.09, "2021_duma_oik207_Хазин": 4.61, "2021_duma_oik207_Юрченко": 1.02, "2021_duma_oik207_явка": 49.04, "2021_duma_oik207_недействительные": 2.26, "2021_duma_oik208_Кошлаков-Крестовский": 0.0, "2021_duma_oik208_Леонов": 0.0, "2021_duma_oik208_Митрохин": 0.0, "2021_duma_oik208_Останина": 0.0, "2021_duma_oik208_Хараидзе": 0.0, "2021_duma_oik208_Шевченко": 0.0, "2021_duma_oik208_Широков": 0.0, "2021_duma_oik208_Юшин": 0.0, "2021_duma_oik208_Якубович": 0.0, "2021_duma_oik208_Яндиев": 0.0, "2021_duma_oik208_явка": 0.0, "2021_duma_oik208_недействительные": 0.0, "2021_duma_oik209_Волков": 0.0, "2021_duma_oik209_Ильин": 0.0, "2021_duma_oik209_Максимов": 0.0, "2021_duma_oik209_Николаев": 0.0, "2021_duma_oik209_Палюлин": 0.0, "2021_duma_oik209_Румянцев": 0.0, "2021_duma_oik209_Чирков": 0.0, "2021_duma_oik209_Шупеня": 0.0, "2021_duma_oik209_явка": 0.0, "2021_duma_oik209_недействительные": 0.0, "2021_duma_oik210_Буткеев": 0.0, "2021_duma_oik210_Коршунков": 0.0, "2021_duma_oik210_Крапухин": 0.0, "2021_duma_oik210_Начевский": 0.0, "2021_duma_oik210_Романенко": 0.0, "2021_duma_oik210_Смитиенко": 0.0, "2021_duma_oik210_Таранцов": 0.0, "2021_duma_oik210_Таращанский": 0.0, "2021_duma_oik210_Яцевский": 0.0, "2021_duma_oik210_явка": 0.0, "2021_duma_oik210_недействительные": 0.0, "2021_duma_oik196_Иванова_party": null, "2021_duma_oik196_Крюков_party": null, "2021_duma_oik196_Малинкович_party": null, "2021_duma_oik196_Миронова_party": null, "2021_duma_oik196_Рашкин_party": null, "2021_duma_oik196_Рвачев_party": null, "2021_duma_oik196_Стрельникова_party": null, "2021_duma_oik196_Тарасов_party": null, "2021_duma_oik196_Федоров_party": null, "2021_duma_oik196_Янков_party": null, "2021_duma_oik196_явка_party": null, "2021_duma_oik196_недействительные_party": null, "2021_duma_oik197_Гончаров_party": null, "2021_duma_oik197_Горшкова_party": null, "2021_duma_oik197_Лобанов_party": null, "2021_duma_oik197_Меньшиков_party": null, "2021_duma_oik197_Митина_party": null, "2021_duma_oik197_Попов_party": null, "2021_duma_oik197_Раменский_party": null, "2021_duma_oik197_Соболев_party": null, "2021_duma_oik197_Тарнавский_party": null, "2021_duma_oik197_явка_party": null, "2021_duma_oik197_недействительные_party": null, "2021_duma_oik198_Брюханова_party": null, "2021_duma_oik198_Власов_party": null, "2021_duma_oik198_Голуенко_party": null, "2021_duma_oik198_Звягинцев_party": null, "2021_duma_oik198_Катаев_party": null, "2021_duma_oik198_Литвинович_party": null, "2021_duma_oik198_Мельников_party": null, "2021_duma_oik198_Тарбаев_party": null, "2021_duma_oik198_Хованская_party": null, "2021_duma_oik198_явка_party": null, "2021_duma_oik198_недействительные_party": null, "2021_duma_oik199_Гулина_party": null, "2021_duma_oik199_Гуличева_party": null, "2021_duma_oik199_Катков_party": null, "2021_duma_oik199_Киселёв_party": null, "2021_duma_oik199_Кульнев_party": null, "2021_duma_oik199_Прохоренкова_party": null, "2021_duma_oik199_Рашкин_party": null, "2021_duma_oik199_Тарасов_party": null, "2021_duma_oik199_Толстой_party": null, "2021_duma_oik199_Шах_party": null, "2021_duma_oik199_Шоладеми_party": null, "2021_duma_oik199_явка_party": null, "2021_duma_oik199_недействительные_party": null, "2021_duma_oik200_Бабушкин_party": null, "2021_duma_oik200_Вельмакин_party": null, "2021_duma_oik200_Загребной_party": null, "2021_duma_oik200_Запотылок_party": null, "2021_duma_oik200_Орлов_party": null, "2021_duma_oik200_Парфенов_party": null, "2021_duma_oik200_Певцов_party": null, "2021_duma_oik200_Степкин_party": null, "2021_duma_oik200_явка_party": null, "2021_duma_oik200_недействительные_party": null, "2021_duma_oik201_Гаспарян_party": null, "2021_duma_oik201_Демин_party": null, "2021_duma_oik201_Куликов_party": null, "2021_duma_oik201_Разворотнева_party": null, "2021_duma_oik201_Туманов_party": null, "2021_duma_oik201_Удалова_party": null, "2021_duma_oik201_Удальцова_party": null, "2021_duma_oik201_Черников_party": null, "2021_duma_oik201_явка_party": null, "2021_duma_oik201_недействительные_party": null, "2021_duma_oik202_Гершберг_party": null, "2021_duma_oik202_Лапшов_party": null, "2021_duma_oik202_Махницкий_party": null, "2021_duma_oik202_Михайловский_party": null, "2021_duma_oik202_Муратова_party": null, "2021_duma_oik202_Придорожный_party": null, "2021_duma_oik202_Саблин_party": null, "2021_duma_oik202_Сиднев_party": null, "2021_duma_oik202_Суханов_party": null, "2021_duma_oik202_явка_party": null, "2021_duma_oik202_недействительные_party": null, "2021_duma_oik203_Казенков_party": null, "2021_duma_oik203_Нифантьев_party": null, "2021_duma_oik203_Пенкин_party": null, "2021_duma_oik203_Петров_party": null, "2021_duma_oik203_Смолич_party": null, "2021_duma_oik203_Турушев_party": null, "2021_duma_oik203_Шлямина_party": null, "2021_duma_oik203_Шушлебина_party": null, "2021_duma_oik203_Юдин_party": null, "2021_duma_oik203_явка_party": null, "2021_duma_oik203_недействительные_party": null, "2021_duma_oik204_Дворак_party": null, "2021_duma_oik204_Доможирова_party": null, "2021_duma_oik204_Игнатьев_party": null, "2021_duma_oik204_Измайлов_party": null, "2021_duma_oik204_Кавказский_party": null, "2021_duma_oik204_Курганов_party": null, "2021_duma_oik204_Курганский_party": null, "2021_duma_oik204_Монахов_party": null, "2021_duma_oik204_Пресняков_party": null, "2021_duma_oik204_Проханов_party": null, "2021_duma_oik204_Шувалов_party": null, "2021_duma_oik204_Яшин_party": null, "2021_duma_oik204_явка_party": null, "2021_duma_oik204_недействительные_party": null, "2021_duma_oik205_Демченко_party": null, "2021_duma_oik205_Загордан_party": null, "2021_duma_oik205_Ищенко_party": null, "2021_duma_oik205_Корягина_party": null, "2021_duma_oik205_Костычева_party": null, "2021_duma_oik205_Медведев_party": null, "2021_duma_oik205_Обухов_party": null, "2021_duma_oik205_Попова_party": null, "2021_duma_oik205_Сидоров_party": null, "2021_duma_oik205_явка_party": null, "2021_duma_oik205_недействительные_party": null, "2021_duma_oik206_Васильев_party": null, "2021_duma_oik206_Гребенник_party": null, "2021_duma_oik206_Иванова_party": null, "2021_duma_oik206_Копкина_party": null, "2021_duma_oik206_Мажуга_party": null, "2021_duma_oik206_Мишарин_party": null, "2021_duma_oik206_Пономарев_party": null, "2021_duma_oik206_Цыба_party": null, "2021_duma_oik206_явка_party": null, "2021_duma_oik206_недействительные_party": null, "2021_duma_oik207_Макаренко_party": "Новые люди", "2021_duma_oik207_Милованов_party": "ЛДПР", "2021_duma_oik207_Павлинов_party": "Справедливая Россия", "2021_duma_oik207_Пангаев_party": "Зеленые", "2021_duma_oik207_Серафонтов_party": "Партия свободы и справедливости", "2021_duma_oik207_Соловьев_party": "Зеленая альтернатива", "2021_duma_oik207_Ульянов_party": "Партия пенсионеров", "2021_duma_oik207_Ульянченко_party": "КПРФ", "2021_duma_oik207_Хазин_party": "Родина", "2021_duma_oik207_Юрченко_party": "Гражданская Платформа", "2021_duma_oik207_явка_party": "Неизвестно", "2021_duma_oik207_недействительные_party": "Неизвестно", "2021_duma_oik208_Кошлаков-Крестовский_party": null, "2021_duma_oik208_Леонов_party": null, "2021_duma_oik208_Митрохин_party": null, "2021_duma_oik208_Останина_party": null, "2021_duma_oik208_Хараидзе_party": null, "2021_duma_oik208_Шевченко_party": null, "2021_duma_oik208_Широков_party": null, "2021_duma_oik208_Юшин_party": null, "2021_duma_oik208_Якубович_party": null, "2021_duma_oik208_Яндиев_party": null, "2021_duma_oik208_явка_party": null, "2021_duma_oik208_недействительные_party": null, "2021_duma_oik209_Волков_party": null, "2021_duma_oik209_Ильин_party": null, "2021_duma_oik209_Максимов_party": null, "2021_duma_oik209_Николаев_party": null, "2021_duma_oik209_Палюлин_party": null, "2021_duma_oik209_Румянцев_party": null, "2021_duma_oik209_Чирков_party": null, "2021_duma_oik209_Шупеня_party": null, "2021_duma_oik209_явка_party": null, "2021_duma_oik209_недействительные_party": null, "2021_duma_oik210_Буткеев_party": null, "2021_duma_oik210_Коршунков_party": null, "2021_duma_oik210_Крапухин_party": null, "2021_duma_oik210_Начевский_party": null, "2021_duma_oik210_Романенко_party": null, "2021_duma_oik210_Смитиенко_party": null, "2021_duma_oik210_Таранцов_party": null, "2021_duma_oik210_Таращанский_party": null, "2021_duma_oik210_Яцевский_party": null, "2021_duma_oik210_явка_party": null, "2021_duma_oik210_недействительные_party": null }, "geometry": { "type": "MultiPolygon", "coordinates": [ [ [ [ 37.2524878, 55.967897800000017 ], [ 37.2526505, 55.9680639 ], [ 37.2528408, 55.9685687 ], [ 37.25327, 55.9704143 ], [ 37.250464, 55.972682900000017 ], [ 37.2464974, 55.975739400000016 ], [ 37.2436962, 55.976698300000017 ], [ 37.2440902, 55.9769374 ], [ 37.244092300000013, 55.977123100000021 ], [ 37.244092100000017, 55.977148200000016 ], [ 37.244077800000021, 55.977189 ], [ 37.244035500000017, 55.9772187 ], [ 37.243982200000012, 55.977242100000012 ], [ 37.2439369, 55.977326800000014 ], [ 37.2439114, 55.977342500000013 ], [ 37.243880600000011, 55.9773503 ], [ 37.2437939, 55.977336 ], [ 37.2437295, 55.9773373 ], [ 37.2436678, 55.977342 ], [ 37.2436145, 55.9773607 ], [ 37.2435751, 55.9773794 ], [ 37.243558200000017, 55.977408399999987 ], [ 37.2435495, 55.97743590000001 ], [ 37.243564400000011, 55.9774909 ], [ 37.243624399999987, 55.9775774 ], [ 37.243637500000013, 55.9776872 ], [ 37.2436201, 55.977787800000016 ], [ 37.2435777, 55.977850400000015 ], [ 37.2435272, 55.9778675 ], [ 37.2433897, 55.977871900000011 ], [ 37.2432188, 55.9778825 ], [ 37.243034, 55.9778696 ], [ 37.2429947, 55.9778805 ], [ 37.2429215, 55.977951 ], [ 37.242831300000013, 55.978024600000012 ], [ 37.2427104, 55.978084 ], [ 37.2425841, 55.978137 ], [ 37.2424688, 55.97819650000001 ], [ 37.2423676, 55.9782685 ], [ 37.2423392, 55.9783092 ], [ 37.2423417, 55.9783532 ], [ 37.2423723, 55.9783908 ], [ 37.2425231, 55.9784619 ], [ 37.2426152, 55.9785106 ], [ 37.242642900000021, 55.97855160000001 ], [ 37.242639700000012, 55.9786003 ], [ 37.242603, 55.9786424 ], [ 37.242527200000012, 55.9786784 ], [ 37.2424598, 55.9787128 ], [ 37.2424258, 55.978758300000024 ], [ 37.242417, 55.9788085 ], [ 37.242442, 55.9788619 ], [ 37.242505900000012, 55.9789484 ], [ 37.242505600000015, 55.9789814 ], [ 37.2424662, 55.9790063 ], [ 37.242384900000019, 55.979025 ], [ 37.242284, 55.9790326 ], [ 37.242171900000017, 55.979043400000016 ], [ 37.2420988, 55.9790622 ], [ 37.2420594, 55.979093400000025 ], [ 37.2420564, 55.9791467 ], [ 37.2420559, 55.9792127 ], [ 37.242027500000013, 55.979273800000016 ], [ 37.2419796, 55.9793146 ], [ 37.2419261, 55.979338 ], [ 37.241879600000011, 55.9793454 ], [ 37.241776500000014, 55.9793589 ], [ 37.2416742, 55.9793614 ], [ 37.241552600000013, 55.9793448 ], [ 37.241416400000013, 55.979311800000012 ], [ 37.241328800000019, 55.9792953 ], [ 37.241246200000013, 55.979295 ], [ 37.241173, 55.979314 ], [ 37.2411336, 55.979352 ], [ 37.241084700000023, 55.9794092 ], [ 37.2410405, 55.9794419 ], [ 37.240982, 55.9794692 ], [ 37.240899100000014, 55.9794826 ], [ 37.24084550000002, 55.9794742 ], [ 37.24080690000001, 55.9794496 ], [ 37.2407828, 55.9793977 ], [ 37.240773600000011, 55.9793076 ], [ 37.240754500000016, 55.9792587 ], [ 37.2407257, 55.979228500000012 ], [ 37.2406722, 55.979209200000014 ], [ 37.2405941, 55.979200899999988 ], [ 37.2405222, 55.979209 ], [ 37.240433400000022, 55.9792169 ], [ 37.2403604, 55.97921130000001 ], [ 37.2403118, 55.9791921 ], [ 37.240283, 55.9791402 ], [ 37.2402491, 55.979082900000016 ], [ 37.24019590000001, 55.979055600000024 ], [ 37.240142400000011, 55.97905530000002 ], [ 37.2401082, 55.9790716 ], [ 37.240073500000022, 55.979148 ], [ 37.2400295, 55.9791779 ], [ 37.2399566, 55.979177800000016 ], [ 37.239801100000022, 55.9791201 ], [ 37.239718400000022, 55.9791036 ], [ 37.2396506, 55.979068 ], [ 37.23962150000002, 55.9790215 ], [ 37.239646200000017, 55.9789643 ], [ 37.239680800000016, 55.9789071 ], [ 37.23966650000002, 55.9788716 ], [ 37.2396081, 55.978849600000018 ], [ 37.2394621, 55.9788384 ], [ 37.2393601, 55.9788218 ], [ 37.2392726, 55.978797 ], [ 37.239184700000017, 55.9787915 ], [ 37.2391118, 55.9788103 ], [ 37.238984500000015, 55.9789083 ], [ 37.2388918, 55.978957299999983 ], [ 37.238794100000014, 55.9789842 ], [ 37.23866730000001, 55.978997600000021 ], [ 37.2385943, 55.9789866 ], [ 37.2385508, 55.9789647 ], [ 37.2385412, 55.9789237 ], [ 37.238565800000011, 55.9788747 ], [ 37.238571, 55.9788338 ], [ 37.2385372, 55.978803700000014 ], [ 37.2384498, 55.978787100000012 ], [ 37.2383718, 55.97878690000001 ], [ 37.238313200000015, 55.9788059 ], [ 37.238279, 55.9788359 ], [ 37.2382588, 55.9789286 ], [ 37.238195100000013, 55.978985700000024 ], [ 37.2380828, 55.9790291 ], [ 37.2379219, 55.9790725 ], [ 37.237863300000015, 55.979105100000027 ], [ 37.2378094, 55.9791514 ], [ 37.2377457, 55.979181200000021 ], [ 37.237672900000014, 55.979183800000015 ], [ 37.2376194, 55.9791564 ], [ 37.23760510000001, 55.9791155 ], [ 37.2376492, 55.979071900000022 ], [ 37.2376694, 55.9790228 ], [ 37.2376256, 55.978984600000011 ], [ 37.2375574, 55.97896810000001 ], [ 37.2374746, 55.9789842 ], [ 37.2373183, 55.9790494 ], [ 37.2372157, 55.97908180000001 ], [ 37.2371379, 55.9790763 ], [ 37.2370505, 55.979054300000023 ], [ 37.236943400000015, 55.9790431 ], [ 37.236836, 55.979062 ], [ 37.2367531, 55.979094499999988 ], [ 37.2367285, 55.9791381 ], [ 37.2367378, 55.979209200000014 ], [ 37.2366933, 55.9792962 ], [ 37.236663600000021, 55.9793644 ], [ 37.236663, 55.9794353 ], [ 37.2366722, 55.9795226 ], [ 37.236637700000017, 55.979601700000011 ], [ 37.2365642, 55.9796589 ], [ 37.2364566, 55.979710400000016 ], [ 37.23633980000001, 55.979732 ], [ 37.2361887, 55.97974270000001 ], [ 37.236023, 55.979775 ], [ 37.2359254, 55.9797939 ], [ 37.235818400000021, 55.9797992 ], [ 37.235701600000013, 55.979779800000024 ], [ 37.2355561, 55.9796976 ], [ 37.2354686, 55.979678300000025 ], [ 37.2353372, 55.9796644 ], [ 37.2352106, 55.9796505 ], [ 37.235147500000011, 55.9796232 ], [ 37.2351479, 55.9795821 ], [ 37.235206400000017, 55.979555 ], [ 37.2353722, 55.9795117 ], [ 37.2354602, 55.979471 ], [ 37.2354995, 55.9794301 ], [ 37.2354949, 55.979389200000021 ], [ 37.2354318, 55.9793535 ], [ 37.2353199, 55.979339600000017 ], [ 37.23518840000002, 55.9793285 ], [ 37.2350421, 55.979344600000019 ], [ 37.23494980000001, 55.979360700000029 ], [ 37.234891299999987, 55.979352399999982 ], [ 37.2348625, 55.9793224 ], [ 37.234862900000017, 55.9792597 ], [ 37.234819100000017, 55.979205 ], [ 37.234601, 55.9790845 ], [ 37.234513500000013, 55.9790706 ], [ 37.2343968, 55.97905690000001 ], [ 37.234353, 55.979029400000016 ], [ 37.2343487, 55.9789693 ], [ 37.2343442, 55.978903800000019 ], [ 37.2343057, 55.9788274 ], [ 37.2342574, 55.978780900000018 ], [ 37.2341942, 55.9787671 ], [ 37.234116300000011, 55.978783300000011 ], [ 37.2340477, 55.978818600000018 ], [ 37.233955200000011, 55.9788266 ], [ 37.233906700000013, 55.978804600000011 ], [ 37.233887500000016, 55.978761 ], [ 37.2338926, 55.978711900000022 ], [ 37.2338492, 55.9786655 ], [ 37.2337472, 55.9786161 ], [ 37.2336307, 55.9785696 ], [ 37.233489700000014, 55.978531 ], [ 37.233348800000016, 55.978500600000011 ], [ 37.233266, 55.978495099999989 ], [ 37.2331978, 55.9785113 ], [ 37.2331636, 55.9785412 ], [ 37.2331437, 55.978579300000014 ], [ 37.2331918, 55.978664 ], [ 37.2332062, 55.978705 ], [ 37.233176799999988, 55.9787321 ], [ 37.233103700000015, 55.9787375 ], [ 37.2329481, 55.9787045 ], [ 37.2328898, 55.978709700000017 ], [ 37.232743, 55.9788049 ], [ 37.23262050000001, 55.978908400000023 ], [ 37.2324885, 55.9789871 ], [ 37.2323859, 55.979033200000011 ], [ 37.2322105, 55.9790629 ], [ 37.23202040000001, 55.9790762 ], [ 37.231718600000015, 55.9790619 ], [ 37.23155770000001, 55.9790806 ], [ 37.2313387, 55.9790964 ], [ 37.2311292, 55.979079700000014 ], [ 37.2309589, 55.9790902 ], [ 37.230876100000025, 55.979079100000021 ], [ 37.230837500000014, 55.979043600000018 ], [ 37.23085260000002, 55.9789808 ], [ 37.2308771, 55.978929100000016 ], [ 37.2308336, 55.978893399999983 ], [ 37.2307412, 55.978882300000031 ], [ 37.2306533, 55.9789095 ], [ 37.230575, 55.97895840000001 ], [ 37.230535700000011, 55.979015600000011 ], [ 37.23054, 55.979078400000013 ], [ 37.2306124, 55.979174 ], [ 37.2306463, 55.9792205 ], [ 37.2306315, 55.9792587 ], [ 37.2305535, 55.9792775 ], [ 37.230475200000015, 55.979293800000015 ], [ 37.23047, 55.97933740000002 ], [ 37.2305039, 55.979389300000015 ], [ 37.230474300000012, 55.9794356 ], [ 37.23044, 55.979482 ], [ 37.230469, 55.979523 ], [ 37.2305805, 55.9795723 ], [ 37.23068150000001, 55.9797361 ], [ 37.230773499999984, 55.979834600000018 ], [ 37.2307778, 55.9799001 ], [ 37.2307434, 55.9799573 ], [ 37.23067510000002, 55.97997890000002 ], [ 37.2305826, 55.9799733 ], [ 37.2304757, 55.9799485 ], [ 37.2304026, 55.9799511 ], [ 37.2303488, 55.979989100000012 ], [ 37.2303383, 55.980101 ], [ 37.2303231, 55.9801801 ], [ 37.2302595, 55.9802236 ], [ 37.2301717, 55.9802425 ], [ 37.2300354, 55.980234 ], [ 37.229923500000012, 55.980225600000011 ], [ 37.229787200000011, 55.9802281 ], [ 37.2296753, 55.980200500000024 ], [ 37.229573300000013, 55.980159300000018 ], [ 37.2294468, 55.9801482 ], [ 37.229325, 55.9801643 ], [ 37.2292027, 55.9802295 ], [ 37.229105, 55.9802838 ], [ 37.229027, 55.9803 ], [ 37.228929700000016, 55.9802889 ], [ 37.228847400000014, 55.980220500000016 ], [ 37.2286681, 55.9801109 ], [ 37.2284739, 55.9800178 ], [ 37.2283328, 55.9799929 ], [ 37.228269600000012, 55.979995500000022 ], [ 37.2281622, 55.9800225 ], [ 37.2280454, 55.980016900000017 ], [ 37.2278559, 55.979961800000012 ], [ 37.227647, 55.979882300000014 ], [ 37.2275062, 55.9798329 ], [ 37.227355300000021, 55.979816199999988 ], [ 37.2272044, 55.979815900000013 ], [ 37.22710210000001, 55.9798457 ], [ 37.22702850000001, 55.979905400000028 ], [ 37.2269938, 55.979981700000017 ], [ 37.226978800000019, 55.9800554 ], [ 37.2269298, 55.980088 ], [ 37.2268372, 55.980087800000021 ], [ 37.226798600000023, 55.9800496 ], [ 37.226779700000023, 55.9799704 ], [ 37.2267169, 55.9799048 ], [ 37.2266391, 55.9798883 ], [ 37.2265755, 55.9799181 ], [ 37.2265507, 55.9799808 ], [ 37.22655, 55.980092700000014 ], [ 37.226486300000019, 55.980160700000013 ], [ 37.226325300000013, 55.9801931 ], [ 37.226159500000016, 55.980233599999984 ], [ 37.2260618, 55.9802662 ], [ 37.225988700000016, 55.9802578 ], [ 37.225979700000011, 55.9801787 ], [ 37.2259411, 55.980099500000023 ], [ 37.2258878, 55.980080300000012 ], [ 37.225855400000015, 55.9800801 ], [ 37.225775, 55.9801128 ], [ 37.225673300000011, 55.98019190000003 ], [ 37.2255786, 55.980237100000025 ], [ 37.22547070000001, 55.980263200000024 ], [ 37.2254165, 55.9802896 ], [ 37.2254096, 55.9803198 ], [ 37.2254497, 55.9803538 ], [ 37.2256244, 55.9804411 ], [ 37.225664600000016, 55.9804865 ], [ 37.2256642, 55.980528100000022 ], [ 37.2256168, 55.980561900000012 ], [ 37.2254977, 55.9805808 ], [ 37.225400900000011, 55.980599200000015 ], [ 37.2252793, 55.98062920000001 ], [ 37.2251913, 55.9806593 ], [ 37.2251288, 55.9807043 ], [ 37.2250354, 55.98077210000001 ], [ 37.224974500000016, 55.9808438 ], [ 37.2249266, 55.9809306 ], [ 37.2249135, 55.98104450000001 ], [ 37.224907, 55.981110700000023 ], [ 37.224861700000012, 55.981207900000015 ], [ 37.224854500000021, 55.98122690000001 ], [ 37.2248398, 55.981246799999987 ], [ 37.2248232, 55.9812642 ], [ 37.2247778, 55.9812711 ], [ 37.224755100000017, 55.9812728 ], [ 37.2247228, 55.981271800000023 ], [ 37.2247181, 55.9812739 ], [ 37.224690300000013, 55.9812774 ], [ 37.224643, 55.981297200000014 ], [ 37.224615400000019, 55.981314600000019 ], [ 37.2245938, 55.9813262 ], [ 37.22456810000002, 55.981343 ], [ 37.2245496, 55.981355100000016 ], [ 37.224537700000013, 55.9813724 ], [ 37.224530400000013, 55.981385600000024 ], [ 37.224506500000011, 55.981404500000011 ], [ 37.2244954, 55.9814172 ], [ 37.224480800000016, 55.9814381 ], [ 37.224466, 55.9814585 ], [ 37.2244494, 55.9814702 ], [ 37.224431, 55.981476 ], [ 37.2244115, 55.981478100000011 ], [ 37.224382600000013, 55.9814824 ], [ 37.2243594, 55.9814846 ], [ 37.22433980000001, 55.981482500000027 ], [ 37.224313800000012, 55.98149260000001 ], [ 37.2242999, 55.981496800000016 ], [ 37.2242777, 55.9815057 ], [ 37.224245900000021, 55.981512199999976 ], [ 37.2242032, 55.981514399999988 ], [ 37.224170600000015, 55.981516 ], [ 37.2241427, 55.9815131 ], [ 37.2241081, 55.981506300000014 ], [ 37.224087600000011, 55.9815021 ], [ 37.2240586, 55.9814975 ], [ 37.2240473, 55.9814938 ], [ 37.2240196, 55.981496 ], [ 37.224008300000015, 55.9814972 ], [ 37.2240009, 55.9814998 ], [ 37.2239983, 55.981509699999989 ], [ 37.224004700000016, 55.981523300000013 ], [ 37.2240181, 55.98153480000002 ], [ 37.22403340000001, 55.9815547 ], [ 37.2240419, 55.981573 ], [ 37.2240384, 55.9815872 ], [ 37.224029900000012, 55.981602400000014 ], [ 37.2240063, 55.9816218 ], [ 37.223982, 55.9816297 ], [ 37.2239589, 55.98163610000001 ], [ 37.2239486, 55.9816382 ], [ 37.223922699999989, 55.981651900000017 ], [ 37.2238753, 55.9816552 ], [ 37.2238503, 55.98166530000001 ], [ 37.223827, 55.981676800000024 ], [ 37.2237994, 55.981693200000016 ], [ 37.223772300000022, 55.9817038 ], [ 37.2237548, 55.9817069 ], [ 37.223740800000016, 55.981707500000027 ], [ 37.2237241, 55.9817044 ], [ 37.2237138, 55.981699700000014 ], [ 37.22370990000001, 55.981696 ], [ 37.223707, 55.981681900000012 ], [ 37.2237058, 55.981669900000021 ], [ 37.2237049, 55.9816542 ], [ 37.2236859, 55.9816326 ], [ 37.2236784, 55.9816207 ], [ 37.2236669, 55.9816139 ], [ 37.223653, 55.9816092 ], [ 37.2236418, 55.9816077 ], [ 37.2236231, 55.981606200000016 ], [ 37.223609100000019, 55.981604699999984 ], [ 37.2235869, 55.9816115 ], [ 37.2235729, 55.9816194 ], [ 37.2235554, 55.981631 ], [ 37.223532400000011, 55.9816468 ], [ 37.223512, 55.981658899999985 ], [ 37.2234927, 55.981671500000012 ], [ 37.223451900000015, 55.9816848 ], [ 37.2234194, 55.981699500000019 ], [ 37.223388, 55.981721700000023 ], [ 37.2233519, 55.9817353 ], [ 37.2233054, 55.9817486 ], [ 37.223262600000012, 55.981750300000023 ], [ 37.223226, 55.981746700000016 ], [ 37.2232038, 55.9817404 ], [ 37.223185100000016, 55.981730099999979 ], [ 37.223155800000015, 55.981714900000014 ], [ 37.2231279, 55.981705600000012 ], [ 37.223095200000017, 55.981696799999987 ], [ 37.223056, 55.9816901 ], [ 37.2230159, 55.9816865 ], [ 37.2229813, 55.9816845 ], [ 37.222938100000015, 55.981694599999983 ], [ 37.22290610000001, 55.981696900000017 ], [ 37.222845, 55.981710100000022 ], [ 37.222793700000011, 55.98172120000001 ], [ 37.2227454, 55.981733 ], [ 37.222716400000017, 55.9817415 ], [ 37.2225783, 55.981726500000015 ], [ 37.222464500000015, 55.981714500000024 ], [ 37.2223758, 55.9817083 ], [ 37.222270300000012, 55.9816959 ], [ 37.2222199, 55.9816931 ], [ 37.222166700000017, 55.981686400000015 ], [ 37.222126600000024, 55.981680900000015 ], [ 37.2220721, 55.981674600000012 ], [ 37.2219855, 55.981664700000024 ], [ 37.2218848, 55.9816574 ], [ 37.221804400000018, 55.98164890000001 ], [ 37.2217512, 55.9816397 ], [ 37.2216827, 55.9816174 ], [ 37.221606, 55.981598400000024 ], [ 37.221544300000012, 55.981583099999987 ], [ 37.2214573, 55.981564600000013 ], [ 37.22135990000001, 55.98153520000001 ], [ 37.221280200000017, 55.981511 ], [ 37.221195, 55.9814904 ], [ 37.2210995, 55.981461500000016 ], [ 37.2210172, 55.9814367 ], [ 37.220932, 55.9814193 ], [ 37.220845800000014, 55.9813956 ], [ 37.22075490000001, 55.9813683 ], [ 37.22051470000001, 55.9813061 ], [ 37.2200532, 55.981033599999989 ], [ 37.218912400000015, 55.98036010000002 ], [ 37.2174582, 55.9783647 ], [ 37.217435, 55.978270600000016 ], [ 37.217266499999987, 55.978014900000012 ], [ 37.2171811, 55.9779113 ], [ 37.2171144, 55.9778202 ], [ 37.2170506, 55.977668200000011 ], [ 37.217753200000018, 55.977736900000018 ], [ 37.2187735, 55.9772412 ], [ 37.217001400000015, 55.975993800000012 ], [ 37.21555780000002, 55.976682500000031 ], [ 37.2149228, 55.9760791 ], [ 37.214338500000018, 55.9761515 ], [ 37.2144503, 55.9763505 ], [ 37.213185200000012, 55.9765199 ], [ 37.212839700000018, 55.9765963 ], [ 37.2117745, 55.9732403 ], [ 37.2113639, 55.9713447 ], [ 37.2113032, 55.9704557 ], [ 37.2131413, 55.97017330000002 ], [ 37.2124004, 55.9692435 ], [ 37.2085291, 55.9700967 ], [ 37.2083771, 55.9698521 ], [ 37.207674900000015, 55.968721700000017 ], [ 37.208916200000012, 55.968681300000021 ], [ 37.2091156, 55.9681923 ], [ 37.2115659, 55.9671511 ], [ 37.20928, 55.9644195 ], [ 37.2058114, 55.9632131 ], [ 37.2056397, 55.9631208 ], [ 37.2056539, 55.9628403 ], [ 37.2068763, 55.9614407 ], [ 37.207298500000022, 55.961447300000017 ], [ 37.2093294, 55.960172 ], [ 37.210128300000015, 55.957527900000024 ], [ 37.21017830000001, 55.957371800000011 ], [ 37.2103162, 55.9573461 ], [ 37.2113848, 55.9564182 ], [ 37.212592, 55.9558441 ], [ 37.2129634, 55.955835100000023 ], [ 37.213827100000017, 55.9566009 ], [ 37.215335600000017, 55.9563228 ], [ 37.217245300000016, 55.9579073 ], [ 37.2193881, 55.9571182 ], [ 37.218555800000011, 55.9552062 ], [ 37.2207934, 55.9540293 ], [ 37.219285, 55.9530747 ], [ 37.2184454, 55.951466200000013 ], [ 37.2199076, 55.950230400000017 ], [ 37.219216700000018, 55.9494097 ], [ 37.21794240000002, 55.9482059 ], [ 37.217712900000016, 55.9480263 ], [ 37.217572200000014, 55.948047 ], [ 37.2175401, 55.9480389 ], [ 37.217497500000015, 55.948014800000017 ], [ 37.217454800000013, 55.9480078 ], [ 37.2174103, 55.948014599999986 ], [ 37.2173405, 55.948043400000017 ], [ 37.2172421, 55.948106200000012 ], [ 37.217026, 55.9481896 ], [ 37.216973900000013, 55.9482255 ], [ 37.216919900000015, 55.948321200000031 ], [ 37.2168783, 55.948389100000014 ], [ 37.2167262, 55.9484937 ], [ 37.2166726, 55.9485054 ], [ 37.216603, 55.9485852 ], [ 37.216582300000013, 55.9486701 ], [ 37.2165581, 55.948705 ], [ 37.2165072, 55.948724 ], [ 37.216375100000015, 55.9487337 ], [ 37.2162718, 55.948731400000014 ], [ 37.2162041, 55.9487153 ], [ 37.216131200000014, 55.9487082 ], [ 37.2160796, 55.948701 ], [ 37.21603870000002, 55.9486769 ], [ 37.215905800000023, 55.9485906 ], [ 37.2158668, 55.948539600000011 ], [ 37.2158033, 55.9484906 ], [ 37.215760500000016, 55.9484854 ], [ 37.2156498, 55.9485091 ], [ 37.215560600000011, 55.9485339 ], [ 37.2154855, 55.948574700000023 ], [ 37.215328300000017, 55.9486383 ], [ 37.2152497, 55.948647100000017 ], [ 37.2151143, 55.9486418 ], [ 37.2150449, 55.9486556 ], [ 37.214968, 55.9486604 ], [ 37.214902100000018, 55.94867820000001 ], [ 37.214778800000012, 55.9487109 ], [ 37.214741300000014, 55.9487348 ], [ 37.2146093, 55.9487644 ], [ 37.21448070000001, 55.9488032 ], [ 37.214437900000014, 55.948800100000014 ], [ 37.2143438, 55.948740900000018 ], [ 37.2143193, 55.94869790000002 ], [ 37.214294700000018, 55.948662900000016 ], [ 37.2142079, 55.948584300000022 ], [ 37.213996800000011, 55.9484653 ], [ 37.213863499999988, 55.9484121 ], [ 37.2137051, 55.948387800000013 ], [ 37.2135896, 55.9483674 ], [ 37.2135683, 55.9483385 ], [ 37.21358450000001, 55.9483115 ], [ 37.2135704, 55.9482875 ], [ 37.2135367, 55.9482854 ], [ 37.2134633, 55.9483122 ], [ 37.2133599, 55.948341 ], [ 37.2132243, 55.9483516 ], [ 37.2131369, 55.9483615 ], [ 37.2130941, 55.948378300000023 ], [ 37.213044, 55.9484082 ], [ 37.212831500000014, 55.9484726 ], [ 37.2127403, 55.9485224 ], [ 37.212523700000013, 55.948643800000013 ], [ 37.212472, 55.9486526 ], [ 37.212438200000015, 55.9486655 ], [ 37.2124484, 55.9486846 ], [ 37.212498500000024, 55.948709600000029 ], [ 37.212535500000016, 55.948734700000017 ], [ 37.2125408, 55.9487567 ], [ 37.2125265, 55.948773600000017 ], [ 37.212476300000013, 55.9487876 ], [ 37.2124212, 55.9487874 ], [ 37.212373100000015, 55.9487803 ], [ 37.2123214, 55.9487892 ], [ 37.212284, 55.948782100000017 ], [ 37.2122393, 55.948803 ], [ 37.2122001, 55.948806800000014 ], [ 37.2121218, 55.948783600000013 ], [ 37.2120952, 55.94878460000001 ], [ 37.212041500000012, 55.948801400000015 ], [ 37.21199, 55.9487964 ], [ 37.21195640000002, 55.9487772 ], [ 37.2119514, 55.94869340000001 ], [ 37.2119676, 55.9486634 ], [ 37.2120182, 55.9486376 ], [ 37.2122106, 55.9485751 ], [ 37.212264300000015, 55.948544200000022 ], [ 37.2122805, 55.948517300000013 ], [ 37.2122624, 55.9484883 ], [ 37.2121477, 55.9484241 ], [ 37.2120518, 55.9483889 ], [ 37.2119414, 55.9483677 ], [ 37.21184, 55.9483604 ], [ 37.211745500000013, 55.94836410000002 ], [ 37.2116704, 55.948383 ], [ 37.211608100000014, 55.9484098 ], [ 37.211508, 55.948434500000012 ], [ 37.2114437, 55.9484574 ], [ 37.211400899999987, 55.9484633 ], [ 37.211361900000021, 55.94844920000002 ], [ 37.211333300000021, 55.9484521 ], [ 37.2113084, 55.9484431 ], [ 37.211298, 55.9484111 ], [ 37.2112662, 55.9483781 ], [ 37.21122720000001, 55.948337 ], [ 37.211222, 55.948311 ], [ 37.2112406, 55.948221100000012 ], [ 37.211207300000012, 55.9481401 ], [ 37.2111365, 55.9480771 ], [ 37.2111045, 55.9480719 ], [ 37.2110704, 55.948077800000014 ], [ 37.2110402, 55.9480938 ], [ 37.2109008, 55.9481414 ], [ 37.2107688, 55.9481801 ], [ 37.2106473, 55.9482098 ], [ 37.21054190000001, 55.9482404 ], [ 37.210422300000012, 55.9482702 ], [ 37.210245700000016, 55.948309700000024 ], [ 37.210156600000012, 55.9483246 ], [ 37.210073800000011, 55.948350500000011 ], [ 37.2100045, 55.9483674 ], [ 37.2099464, 55.9483932 ], [ 37.2098361, 55.948432 ], [ 37.2097402, 55.9484561 ], [ 37.209705299999989, 55.9484772 ], [ 37.2096529, 55.94849660000002 ], [ 37.209565900000015, 55.9485207 ], [ 37.209502100000016, 55.948527 ], [ 37.209421, 55.948520400000014 ], [ 37.209314, 55.948503800000026 ], [ 37.209181100000016, 55.94846620000002 ], [ 37.209126, 55.948461200000018 ], [ 37.2089843, 55.9484267 ], [ 37.2089178, 55.9484217 ], [ 37.208772900000014, 55.9484099 ], [ 37.208686, 55.9484146 ], [ 37.208526600000013, 55.948404500000017 ], [ 37.208442600000012, 55.9484076 ], [ 37.20843390000001, 55.9484254 ], [ 37.208476700000013, 55.948477500000024 ], [ 37.2085402, 55.948518300000011 ], [ 37.2086122, 55.9485801 ], [ 37.208667, 55.948612700000027 ], [ 37.208724200000013, 55.9487087 ], [ 37.208712400000017, 55.9487559 ], [ 37.2086713, 55.948809400000016 ], [ 37.2086016, 55.948849800000019 ], [ 37.2085173, 55.9488822 ], [ 37.2084417, 55.9489193 ], [ 37.208351200000017, 55.949008500000019 ], [ 37.20825640000001, 55.949086300000012 ], [ 37.208161800000013, 55.949144500000017 ], [ 37.208103600000015, 55.9491606 ], [ 37.208031299999988, 55.9491588 ], [ 37.207953199999984, 55.949140700000022 ], [ 37.20781740000001, 55.949077 ], [ 37.2076992, 55.949016600000014 ], [ 37.2075692, 55.9489627 ], [ 37.2075027, 55.9489318 ], [ 37.207453800000017, 55.9488943 ], [ 37.2073327, 55.9488388 ], [ 37.2071564, 55.9487473 ], [ 37.2070929, 55.9487326 ], [ 37.2069136, 55.948704400000011 ], [ 37.206780300000013, 55.948681400000027 ], [ 37.2067081, 55.948678 ], [ 37.2066588, 55.9486681 ], [ 37.206601099999986, 55.948630600000016 ], [ 37.206523, 55.948606100000013 ], [ 37.2064306, 55.9485896 ], [ 37.2063233, 55.948579700000018 ], [ 37.206138, 55.9485792 ], [ 37.2060657, 55.948567700000027 ], [ 37.2058317, 55.94847930000001 ], [ 37.2056412, 55.948396 ], [ 37.2055513, 55.94836810000001 ], [ 37.205349400000017, 55.9482751 ], [ 37.2052771, 55.9482538 ], [ 37.2052018, 55.9482406 ], [ 37.20510340000002, 55.94823390000002 ], [ 37.2049645, 55.9482027 ], [ 37.2048778, 55.9481976 ], [ 37.2047559, 55.94822 ], [ 37.2046196, 55.9482245 ], [ 37.2045212, 55.9482341 ], [ 37.204445500000013, 55.9482632 ], [ 37.204291300000015, 55.9483424 ], [ 37.2041781, 55.948381100000013 ], [ 37.204122900000023, 55.948389100000014 ], [ 37.2040477, 55.948384 ], [ 37.203946499999986, 55.9483659 ], [ 37.203836400000021, 55.948354500000015 ], [ 37.203694500000019, 55.948344200000015 ], [ 37.203567, 55.948340700000017 ], [ 37.203509, 55.948345400000015 ], [ 37.2034277, 55.9483907 ], [ 37.2032939, 55.948442300000011 ], [ 37.2032504, 55.9484406 ], [ 37.203186800000012, 55.9484323 ], [ 37.203160700000012, 55.94844370000002 ], [ 37.203128400000018, 55.9484761 ], [ 37.2028642, 55.9485664 ], [ 37.2027625, 55.9485922 ], [ 37.202678500000012, 55.9486 ], [ 37.2026032, 55.948591800000017 ], [ 37.202516500000016, 55.9485721 ], [ 37.2024439, 55.9485769 ], [ 37.202348200000017, 55.9485977 ], [ 37.2022378, 55.9486396 ], [ 37.2021301, 55.948689700000017 ], [ 37.202039500000012, 55.948777300000025 ], [ 37.2020077, 55.9488064 ], [ 37.201955300000016, 55.948820900000023 ], [ 37.2018798, 55.948853200000023 ], [ 37.2018042, 55.9488953 ], [ 37.2017515, 55.9489423 ], [ 37.2017397, 55.948989400000016 ], [ 37.2017449, 55.9490706 ], [ 37.2017271, 55.949129 ], [ 37.2016774, 55.9491793 ], [ 37.2016337, 55.9492052 ], [ 37.2016383, 55.949221100000031 ], [ 37.2016513, 55.9492489 ], [ 37.20164130000002, 55.949261600000021 ], [ 37.2016245, 55.949279600000018 ], [ 37.2015721, 55.9493143 ], [ 37.201546600000015, 55.949341100000012 ], [ 37.2015381, 55.9493602 ], [ 37.2015293, 55.949413 ], [ 37.2015376, 55.949424900000011 ], [ 37.2015752, 55.9494542 ], [ 37.201606, 55.949477200000011 ], [ 37.2016172, 55.9494946 ], [ 37.201634, 55.9495064 ], [ 37.2016703, 55.9495216 ], [ 37.2016927, 55.949541400000015 ], [ 37.2016966, 55.9495818 ], [ 37.20168790000001, 55.949599100000015 ], [ 37.2016962, 55.9496137 ], [ 37.201713900000016, 55.94962550000001 ], [ 37.201731, 55.9496272 ], [ 37.2017604, 55.9496249 ], [ 37.2018151, 55.949619400000017 ], [ 37.201854600000019, 55.949622699999985 ], [ 37.2018769, 55.9496336 ], [ 37.201900799999983, 55.949649 ], [ 37.2019145, 55.949670200000021 ], [ 37.201982100000023, 55.9498436 ], [ 37.2019818, 55.9498602 ], [ 37.2019735, 55.949876 ], [ 37.20195780000001, 55.9498949 ], [ 37.201942100000011, 55.9499278 ], [ 37.2019377, 55.9499496 ], [ 37.2019476, 55.949962200000023 ], [ 37.2019699, 55.94997020000001 ], [ 37.2020162, 55.9499743 ], [ 37.202042800000015, 55.949980600000011 ], [ 37.202068799999985, 55.9500046 ], [ 37.202076200000015, 55.950011600000011 ], [ 37.202065100000013, 55.9500435 ], [ 37.202044, 55.950070600000018 ], [ 37.202017100000013, 55.950104600000017 ], [ 37.2020611, 55.9501501 ], [ 37.2021089, 55.9502251 ], [ 37.2021118, 55.9503536 ], [ 37.202250200000016, 55.950536800000023 ], [ 37.2022889, 55.9505998 ], [ 37.202503400000019, 55.9509551 ], [ 37.202506900000017, 55.950960900000013 ], [ 37.20253, 55.9509963 ], [ 37.202581, 55.9511202 ], [ 37.202678400000025, 55.951347400000024 ], [ 37.20268, 55.951350200000014 ], [ 37.202916800000011, 55.9517714 ], [ 37.2029325, 55.952573600000015 ], [ 37.202935700000012, 55.9526342 ], [ 37.2029496, 55.9526837 ], [ 37.202851, 55.9532172 ], [ 37.1998648, 55.9538739 ], [ 37.1959052, 55.9547182 ], [ 37.1957142, 55.954447 ], [ 37.195687300000017, 55.95445260000001 ], [ 37.195692800000025, 55.954416800000011 ], [ 37.1952343, 55.953765300000022 ], [ 37.193864800000014, 55.954504300000025 ], [ 37.1943295, 55.955039200000023 ], [ 37.192574400000019, 55.955368700000015 ], [ 37.1915904, 55.9555652 ], [ 37.1888245, 55.956113900000013 ], [ 37.1875313, 55.955446700000017 ], [ 37.1864636, 55.9532056 ], [ 37.186403500000019, 55.953089299999988 ], [ 37.1858288, 55.9533006 ], [ 37.1858263, 55.953301500000016 ], [ 37.1841046, 55.953926 ], [ 37.1836741, 55.9540886 ], [ 37.1832438, 55.9542512 ], [ 37.184181100000011, 55.9550273 ], [ 37.1841791, 55.9550293 ], [ 37.1842377, 55.955072700000017 ], [ 37.184202, 55.9550901 ], [ 37.1841061, 55.955128400000014 ], [ 37.1840812, 55.955135600000013 ], [ 37.1839902, 55.955161700000012 ], [ 37.183879200000021, 55.9551777 ], [ 37.1837762, 55.9551991 ], [ 37.1837395, 55.9552148 ], [ 37.183691099999983, 55.9552482 ], [ 37.1836727, 55.955301200000029 ], [ 37.1836878, 55.9553623 ], [ 37.183682800000014, 55.9553998 ], [ 37.1836527, 55.9554299 ], [ 37.1836079, 55.95546610000001 ], [ 37.183556200000012, 55.9555002 ], [ 37.1835058, 55.9555232 ], [ 37.183502700000012, 55.9555243 ], [ 37.183442300000017, 55.9555315 ], [ 37.1833932, 55.955542700000024 ], [ 37.183361799999986, 55.95556890000001 ], [ 37.1833352, 55.955605700000014 ], [ 37.183335, 55.955632599999987 ], [ 37.1833573, 55.9556675 ], [ 37.183404800000012, 55.9557234 ], [ 37.1834571, 55.9557685 ], [ 37.1835175, 55.9558317 ], [ 37.1835364, 55.9558855 ], [ 37.183532, 55.9559633 ], [ 37.183534, 55.956022300000015 ], [ 37.1835503, 55.9560781 ], [ 37.183574900000018, 55.9561399 ], [ 37.1836224, 55.9561945 ], [ 37.183692500000014, 55.9562477 ], [ 37.1837665, 55.9562961 ], [ 37.183901, 55.956384400000019 ], [ 37.1839652, 55.9564396 ], [ 37.1840315, 55.9565097 ], [ 37.1840599, 55.956560100000011 ], [ 37.184070100000014, 55.956644 ], [ 37.1840646, 55.956705600000014 ], [ 37.184051200000013, 55.9567641 ], [ 37.1840278, 55.9568244 ], [ 37.184017900000015, 55.956873399999985 ], [ 37.184036900000017, 55.956903600000018 ], [ 37.1840725, 55.9569346 ], [ 37.1841188, 55.956962200000021 ], [ 37.184205800000022, 55.957008 ], [ 37.1842393, 55.9570363 ], [ 37.1842879, 55.957076799999989 ], [ 37.1843854, 55.9571582 ], [ 37.1844009, 55.957182500000023 ], [ 37.184412300000012, 55.9572248 ], [ 37.184418100000016, 55.9572717 ], [ 37.1844176, 55.957314 ], [ 37.1844112, 55.957357800000018 ], [ 37.184396700000015, 55.9574046 ], [ 37.184364, 55.9574388 ], [ 37.184302300000013, 55.957503700000011 ], [ 37.1842447, 55.9575478 ], [ 37.1841892, 55.957588700000017 ], [ 37.184074800000012, 55.957665500000026 ], [ 37.183982200000017, 55.957723 ], [ 37.183923300000011, 55.9577605 ], [ 37.183847500000013, 55.957795100000013 ], [ 37.183784, 55.957823200000021 ], [ 37.1836987, 55.95784110000001 ], [ 37.183554900000011, 55.95786360000001 ], [ 37.183485200000014, 55.9578908 ], [ 37.1834167, 55.9579269 ], [ 37.183326600000015, 55.957959 ], [ 37.183223400000017, 55.957999 ], [ 37.1831248, 55.958045800000015 ], [ 37.1830105, 55.9581091 ], [ 37.1829253, 55.9581553 ], [ 37.1828085, 55.95821 ], [ 37.182716200000023, 55.958247300000011 ], [ 37.182682400000012, 55.958274700000011 ], [ 37.1826559, 55.9583069 ], [ 37.182625600000016, 55.958347800000013 ], [ 37.1825976, 55.95839740000001 ], [ 37.182574400000021, 55.958453800000022 ], [ 37.182578900000024, 55.958494 ], [ 37.1826011, 55.958551 ], [ 37.1826342, 55.95860960000001 ], [ 37.182629100000014, 55.958653200000015 ], [ 37.1826084, 55.958688 ], [ 37.1825723, 55.958713500000016 ], [ 37.1825098, 55.958733400000021 ], [ 37.1824199, 55.95874460000001 ], [ 37.1823107, 55.9587457 ], [ 37.182228600000016, 55.958740800000015 ], [ 37.1821232, 55.9587257 ], [ 37.1820277, 55.9587 ], [ 37.181867800000013, 55.9586512 ], [ 37.18174590000001, 55.9586133 ], [ 37.1816457, 55.958580799999986 ], [ 37.1815668, 55.95853970000001 ], [ 37.1814789, 55.9584795 ], [ 37.1814097, 55.95845180000002 ], [ 37.181354800000015, 55.9584409 ], [ 37.181282900000014, 55.95843570000001 ], [ 37.1812158, 55.958439900000016 ], [ 37.1810458, 55.9584535 ], [ 37.1807873, 55.958456200000022 ], [ 37.1806938, 55.958464 ], [ 37.1805583, 55.958479100000019 ], [ 37.1804469, 55.958493500000017 ], [ 37.1804397, 55.9584938 ], [ 37.1803139, 55.9585117 ], [ 37.1802, 55.95852750000001 ], [ 37.1801281, 55.9585307 ], [ 37.18, 55.9585282 ], [ 37.1798504, 55.95853 ], [ 37.179723500000016, 55.9585302 ], [ 37.179624100000012, 55.9585267 ], [ 37.179513, 55.95851560000002 ], [ 37.179278400000015, 55.9584882 ], [ 37.179164800000017, 55.9584798 ], [ 37.1790716, 55.9584661 ], [ 37.1789711, 55.958449100000024 ], [ 37.178854, 55.9584219 ], [ 37.178725, 55.9583893 ], [ 37.1786282, 55.9583723 ], [ 37.178527600000017, 55.9583633 ], [ 37.1784607, 55.958363100000014 ], [ 37.178390100000023, 55.958366400000017 ], [ 37.178232, 55.9583841 ], [ 37.178172, 55.958392600000018 ], [ 37.178117800000024, 55.958412800000019 ], [ 37.1780721, 55.958438 ], [ 37.178049200000018, 55.9584621 ], [ 37.1780322, 55.9584956 ], [ 37.1780282, 55.9585286 ], [ 37.1780434, 55.9585923 ], [ 37.1780477, 55.9586393 ], [ 37.1780321, 55.9586622 ], [ 37.1780025, 55.9586848 ], [ 37.1779753, 55.958692 ], [ 37.1778796, 55.9587055 ], [ 37.1777826, 55.958720600000014 ], [ 37.177693900000023, 55.958719500000015 ], [ 37.1776085, 55.958712 ], [ 37.177534500000014, 55.9586873 ], [ 37.1774412, 55.9586431 ], [ 37.177364100000013, 55.958617300000022 ], [ 37.1773143, 55.9585901 ], [ 37.1772904, 55.958558300000014 ], [ 37.1772922, 55.9585176 ], [ 37.1772816, 55.9584633 ], [ 37.1773108, 55.9584272 ], [ 37.177311, 55.9583992 ], [ 37.1772872, 55.9583684 ], [ 37.1772214, 55.9583302 ], [ 37.176996, 55.9582663 ], [ 37.1769203, 55.9582426 ], [ 37.176825400000013, 55.958205300000017 ], [ 37.1767499, 55.9581752 ], [ 37.1766873, 55.958151500000014 ], [ 37.1766243, 55.9581442 ], [ 37.176524400000012, 55.958135800000015 ], [ 37.1764214, 55.958112100000015 ], [ 37.1763361, 55.95809180000002 ], [ 37.176220300000011, 55.958049 ], [ 37.176112400000015, 55.958001600000017 ], [ 37.1760195, 55.9579608 ], [ 37.1759471, 55.957922600000011 ], [ 37.175896, 55.957871800000021 ], [ 37.1758624, 55.9578247 ], [ 37.175830500000018, 55.957797500000012 ], [ 37.175770900000018, 55.957777400000012 ], [ 37.1756985, 55.9577691 ], [ 37.17562250000001, 55.9577679 ], [ 37.1755663, 55.9577588 ], [ 37.175534, 55.9577415 ], [ 37.1755166, 55.957714300000013 ], [ 37.175505700000024, 55.9576663 ], [ 37.175470600000011, 55.957614700000022 ], [ 37.175421, 55.9575694 ], [ 37.1753648, 55.957532100000016 ], [ 37.1752844, 55.957511 ], [ 37.175200700000012, 55.9575046 ], [ 37.1750813, 55.957497800000013 ], [ 37.1750216, 55.9574861 ], [ 37.1749347, 55.9574722 ], [ 37.1748638, 55.957475700000032 ], [ 37.174745600000016, 55.9575087 ], [ 37.1746744, 55.9575312 ], [ 37.1745952, 55.9575581 ], [ 37.174451500000011, 55.9576003 ], [ 37.17433650000001, 55.9576234 ], [ 37.1742656, 55.957634100000014 ], [ 37.1741526, 55.9576356 ], [ 37.174028300000018, 55.9576481 ], [ 37.173953900000015, 55.957670400000019 ], [ 37.173812100000013, 55.957668200000015 ], [ 37.1737137, 55.9576571 ], [ 37.173646, 55.957660500000024 ], [ 37.1735765, 55.9576758 ], [ 37.1734681, 55.9577125 ], [ 37.173362900000015, 55.9577448 ], [ 37.173270800000019, 55.957769 ], [ 37.1732013, 55.957781500000017 ], [ 37.173128700000014, 55.95778760000001 ], [ 37.173049600000013, 55.9577811 ], [ 37.172977100000011, 55.9577809 ], [ 37.1728947, 55.9577978 ], [ 37.172801, 55.957822 ], [ 37.172716900000012, 55.957848100000021 ], [ 37.172626200000025, 55.9578884 ], [ 37.1725598, 55.957934400000013 ], [ 37.1725284, 55.95799 ], [ 37.1724876, 55.9580518 ], [ 37.172451800000012, 55.958096 ], [ 37.1724401, 55.958143900000024 ], [ 37.1724375, 55.958249 ], [ 37.1724339, 55.958314800000011 ], [ 37.1724462, 55.95838 ], [ 37.1724668, 55.9584356 ], [ 37.1724922, 55.9584742 ], [ 37.172527300000013, 55.9585023 ], [ 37.1726298, 55.9585903 ], [ 37.1727277, 55.9586648 ], [ 37.1728687, 55.958762 ], [ 37.1729363, 55.958809100000025 ], [ 37.1729844, 55.9588309 ], [ 37.1730667, 55.9588456 ], [ 37.1731535, 55.9588622 ], [ 37.173253100000011, 55.958899400000014 ], [ 37.1733791, 55.9589668 ], [ 37.173582300000014, 55.959089400000011 ], [ 37.1737425, 55.959221 ], [ 37.173796800000012, 55.959288 ], [ 37.1738042, 55.959346800000013 ], [ 37.173791, 55.959396500000025 ], [ 37.173759800000013, 55.9594589 ], [ 37.1737141, 55.959536600000014 ], [ 37.1736763, 55.9595988 ], [ 37.173642200000025, 55.959634900000012 ], [ 37.1735725, 55.9596791 ], [ 37.173494400000017, 55.9597575 ], [ 37.173424300000022, 55.95984140000003 ], [ 37.1733575, 55.9599281 ], [ 37.1732938, 55.96001840000001 ], [ 37.1732629, 55.960042700000017 ], [ 37.173222400000014, 55.9600607 ], [ 37.17315940000001, 55.9600722 ], [ 37.1730382, 55.9600864 ], [ 37.1729495, 55.9601043 ], [ 37.1728507, 55.960137500000016 ], [ 37.172794, 55.960166300000019 ], [ 37.1727469, 55.960215900000016 ], [ 37.172693100000011, 55.9602809 ], [ 37.172621700000022, 55.9603286 ], [ 37.172529300000022, 55.9603645 ], [ 37.172416100000014, 55.9603986 ], [ 37.1722773, 55.96042180000002 ], [ 37.1721657, 55.960445800000016 ], [ 37.1720414, 55.960479900000017 ], [ 37.1719085, 55.960531100000019 ], [ 37.1717664, 55.960560600000015 ], [ 37.1714702, 55.960680100000012 ], [ 37.1713813, 55.9607034 ], [ 37.1712989, 55.960705 ], [ 37.1711956, 55.9607056 ], [ 37.1710485, 55.9607386 ], [ 37.170909800000018, 55.960758200000015 ], [ 37.1707093, 55.96081550000001 ], [ 37.1706575, 55.9608217 ], [ 37.1706108, 55.9608098 ], [ 37.1705804, 55.9607854 ], [ 37.17052420000001, 55.960762699999989 ], [ 37.170482199999988, 55.9607589 ], [ 37.170433800000012, 55.960771400000013 ], [ 37.17033330000001, 55.96081 ], [ 37.1702956, 55.960822600000014 ], [ 37.1702588, 55.9608274 ], [ 37.1702131, 55.9608232 ], [ 37.170180600000016, 55.9608083 ], [ 37.1701221, 55.960802200000018 ], [ 37.1700544, 55.960804800000012 ], [ 37.1699962, 55.96081270000002 ], [ 37.169891, 55.960845 ], [ 37.16979580000001, 55.9608465 ], [ 37.169710500000015, 55.960831 ], [ 37.1695477, 55.9608061 ], [ 37.169438200000016, 55.960786700000014 ], [ 37.1692965, 55.960771 ], [ 37.1691723, 55.9607707 ], [ 37.1690303, 55.960765 ], [ 37.1688226, 55.9607238 ], [ 37.1687017, 55.9607188 ], [ 37.1686421, 55.960701500000013 ], [ 37.1685972, 55.960667800000031 ], [ 37.168588, 55.9606289 ], [ 37.1686042, 55.9605892 ], [ 37.1687377, 55.960473800000017 ], [ 37.1688223, 55.96038810000001 ], [ 37.168882700000012, 55.960297 ], [ 37.1689028, 55.960207500000017 ], [ 37.168945600000015, 55.9601072 ], [ 37.1689673, 55.960016800000027 ], [ 37.168944, 55.9599154 ], [ 37.1689119, 55.959877300000024 ], [ 37.168849500000015, 55.9598383 ], [ 37.1687272, 55.959787200000015 ], [ 37.168508700000018, 55.959699900000011 ], [ 37.1684253, 55.959648 ], [ 37.1682548, 55.9595791 ], [ 37.168193800000019, 55.959546200000013 ], [ 37.1681507, 55.959510800000011 ], [ 37.168112300000011, 55.959458200000022 ], [ 37.168106200000018, 55.959433800000014 ], [ 37.1681257, 55.9594058 ], [ 37.1681857, 55.9593454 ], [ 37.168228, 55.9593129 ], [ 37.1682783, 55.9593023 ], [ 37.168346, 55.95930420000002 ], [ 37.1684669, 55.959322599999986 ], [ 37.168593900000019, 55.9593438 ], [ 37.168705200000019, 55.959358600000016 ], [ 37.1687939, 55.9593651 ], [ 37.1688971, 55.95936 ], [ 37.1689876, 55.9593449 ], [ 37.169054, 55.959320600000012 ], [ 37.1691073, 55.959285400000013 ], [ 37.169149600000011, 55.959247600000012 ], [ 37.169169500000017, 55.959205200000014 ], [ 37.1691698, 55.959168100000014 ], [ 37.1691345, 55.959132599999982 ], [ 37.169131600000014, 55.9590955 ], [ 37.1691464, 55.959063100000016 ], [ 37.1691967, 55.9590306 ], [ 37.169222800000014, 55.9590053 ], [ 37.1692165, 55.958976400000012 ], [ 37.169188, 55.9589283 ], [ 37.1691449, 55.958861300000017 ], [ 37.1690916, 55.958825100000013 ], [ 37.1690066, 55.9588041 ], [ 37.16891, 55.958805599999984 ], [ 37.1688147, 55.958826200000011 ], [ 37.168738500000018, 55.958859300000015 ], [ 37.1686445, 55.9589098 ], [ 37.1685618, 55.9589548 ], [ 37.1684584, 55.958982500000012 ], [ 37.168305, 55.95900570000002 ], [ 37.168204700000011, 55.9590325 ], [ 37.1681449, 55.959034200000026 ], [ 37.1680855, 55.9590258 ], [ 37.1680145, 55.959016700000014 ], [ 37.1679194, 55.959016400000017 ], [ 37.167830500000015, 55.9590351 ], [ 37.167731900000021, 55.9590502 ], [ 37.1676415, 55.9590573 ], [ 37.1675077, 55.959044200000015 ], [ 37.167411, 55.95902670000001 ], [ 37.167329100000025, 55.958995800000011 ], [ 37.167239, 55.9589603 ], [ 37.1671846, 55.9589284 ], [ 37.1671753, 55.9588813 ], [ 37.1671855, 55.958818900000018 ], [ 37.1672069, 55.958766600000018 ], [ 37.1672879, 55.958713400000022 ], [ 37.1673965, 55.958655 ], [ 37.1674212, 55.9586171 ], [ 37.1674133, 55.958577200000015 ], [ 37.1673749, 55.9585473 ], [ 37.167296100000023, 55.9585208 ], [ 37.1672172, 55.9585152 ], [ 37.1671219, 55.958527600000011 ], [ 37.1670507, 55.958531 ], [ 37.1669331, 55.958519800000012 ], [ 37.166717300000016, 55.9584894 ], [ 37.1666335, 55.9584829 ], [ 37.166556, 55.9584881 ], [ 37.1664574, 55.958504 ], [ 37.166354100000014, 55.9585097 ], [ 37.1662799, 55.9585091 ], [ 37.1662073, 55.958504399999988 ], [ 37.166114, 55.958505 ], [ 37.16599440000001, 55.9585137 ], [ 37.165908800000011, 55.9585208 ], [ 37.165842400000017, 55.9585459 ], [ 37.1657969, 55.958571099999979 ], [ 37.1657531, 55.9586207 ], [ 37.165727, 55.9586694 ], [ 37.165725, 55.9587038 ], [ 37.165731100000016, 55.95874460000001 ], [ 37.1657629, 55.958785300000031 ], [ 37.165897799999989, 55.9588716 ], [ 37.1659828, 55.9589306 ], [ 37.1660228, 55.9589778 ], [ 37.16604820000002, 55.959015900000011 ], [ 37.1660527, 55.959043900000012 ], [ 37.1660268, 55.959067300000022 ], [ 37.1659911, 55.9590826 ], [ 37.165915400000024, 55.9590788 ], [ 37.1658331, 55.9590767 ], [ 37.1657636, 55.959093700000018 ], [ 37.1656846, 55.9590881 ], [ 37.165602200000016, 55.9590978 ], [ 37.1654426, 55.9591037 ], [ 37.165357100000016, 55.959102600000023 ], [ 37.165290800000015, 55.9591087 ], [ 37.1652182, 55.959110300000013 ], [ 37.165124800000022, 55.9590974 ], [ 37.164985200000011, 55.959069 ], [ 37.1646949, 55.95900570000002 ], [ 37.164540100000018, 55.9589855 ], [ 37.164264400000015, 55.9589712 ], [ 37.1640983, 55.95896350000001 ], [ 37.1640371, 55.9589706 ], [ 37.163996599999983, 55.9589832 ], [ 37.1639545, 55.9590019 ], [ 37.1639252, 55.959029 ], [ 37.163916800000017, 55.95905710000001 ], [ 37.1639342, 55.9590896 ], [ 37.1640942, 55.95925920000002 ], [ 37.16417580000001, 55.9593418 ], [ 37.1641866, 55.959386 ], [ 37.1641637, 55.9594277 ], [ 37.16411990000001, 55.9594637 ], [ 37.164040400000019, 55.959492400000016 ], [ 37.1639774, 55.9595049 ], [ 37.1639098, 55.959495699999984 ], [ 37.163805100000012, 55.9594664 ], [ 37.1636975, 55.9594219 ], [ 37.163623500000014, 55.959406300000019 ], [ 37.163534699999985, 55.9594105 ], [ 37.1634444, 55.9594247 ], [ 37.163371700000013, 55.9594183 ], [ 37.163297799999988, 55.9593981 ], [ 37.1632657, 55.9593627 ], [ 37.163267600000012, 55.9593248 ], [ 37.163287400000016, 55.9592769 ], [ 37.163352800000013, 55.959189400000021 ], [ 37.163372400000021, 55.959143300000015 ], [ 37.16337, 55.9591008 ], [ 37.1633233, 55.9590572 ], [ 37.163267, 55.9590317 ], [ 37.163188100000013, 55.9590143 ], [ 37.163115599999983, 55.9590123 ], [ 37.1630573, 55.9590231 ], [ 37.163023299999985, 55.9590456 ], [ 37.1630037, 55.9590781 ], [ 37.1629856, 55.959125 ], [ 37.162967400000021, 55.959154800000029 ], [ 37.1629221, 55.9591791 ], [ 37.16284450000002, 55.959209700000017 ], [ 37.162791, 55.9592303 ], [ 37.162698900000017, 55.959253500000017 ], [ 37.16261140000001, 55.959298600000011 ], [ 37.16252870000001, 55.959348100000021 ], [ 37.162475, 55.959396700000013 ], [ 37.1624131, 55.9594681 ], [ 37.1623867, 55.959524100000017 ], [ 37.162372099999985, 55.959550200000024 ], [ 37.1623799, 55.9595829 ], [ 37.1623973, 55.959607400000017 ], [ 37.162432700000011, 55.9596327 ], [ 37.1624968, 55.9596917 ], [ 37.1625302, 55.9597316 ], [ 37.162552500000011, 55.9597678 ], [ 37.1626279, 55.95982410000002 ], [ 37.162709700000015, 55.95988220000001 ], [ 37.1627366, 55.959918499999986 ], [ 37.162754200000016, 55.959952900000019 ], [ 37.16279870000001, 55.9600199 ], [ 37.162808, 55.960056100000017 ], [ 37.1627884, 55.9600914 ], [ 37.1627574, 55.9601202 ], [ 37.162676400000016, 55.960168 ], [ 37.1626002, 55.960214800000017 ], [ 37.162563799999987, 55.960230400000015 ], [ 37.16251650000001, 55.960235100000013 ], [ 37.162466700000017, 55.960232400000024 ], [ 37.162421, 55.9602248 ], [ 37.1623908, 55.9602083 ], [ 37.1623714, 55.9601816 ], [ 37.1623395, 55.9601344 ], [ 37.1623382, 55.960103700000019 ], [ 37.1623191, 55.9600711 ], [ 37.1622583, 55.9600284 ], [ 37.1621667, 55.959982 ], [ 37.1620912, 55.9599466 ], [ 37.16203, 55.9599382 ], [ 37.161980200000016, 55.9599504 ], [ 37.1619537, 55.959971800000027 ], [ 37.1619132, 55.9600188 ], [ 37.1618974, 55.9600543 ], [ 37.1618985, 55.960101300000012 ], [ 37.161918300000025, 55.9601571 ], [ 37.1619457, 55.960221499999989 ], [ 37.161951, 55.9602903 ], [ 37.161964499999989, 55.9603633 ], [ 37.16196870000001, 55.960419 ], [ 37.1619511, 55.960472 ], [ 37.1619585, 55.9605276 ], [ 37.1619572, 55.9605945 ], [ 37.161972800000015, 55.9606582 ], [ 37.161999, 55.9607141 ], [ 37.162006500000011, 55.960777400000012 ], [ 37.1619881, 55.9608516 ], [ 37.161994100000015, 55.96091590000001 ], [ 37.1619855, 55.9609647 ], [ 37.161962600000017, 55.9609989 ], [ 37.1619445, 55.961025900000017 ], [ 37.161932900000018, 55.9610443 ], [ 37.161937500000022, 55.9610971 ], [ 37.161943700000016, 55.961128900000013 ], [ 37.161944, 55.9611308 ], [ 37.161943600000015, 55.961132700000014 ], [ 37.161935, 55.961175 ], [ 37.1619073, 55.9612215 ], [ 37.1618336, 55.96128860000001 ], [ 37.161789400000018, 55.961319300000014 ], [ 37.1617509, 55.961360800000016 ], [ 37.1617297, 55.961396 ], [ 37.1617182, 55.9614268 ], [ 37.161709200000011, 55.9614572 ], [ 37.1616778, 55.961489600000014 ], [ 37.1616375, 55.96151480000001 ], [ 37.161576700000012, 55.9615437 ], [ 37.16152360000001, 55.961586800000028 ], [ 37.161487200000018, 55.961645900000022 ], [ 37.1614302, 55.9617027 ], [ 37.161328900000022, 55.9617666 ], [ 37.1612707, 55.9617969 ], [ 37.161198, 55.9618151 ], [ 37.161134900000015, 55.961828600000011 ], [ 37.161089700000012, 55.9618446 ], [ 37.16104, 55.9618562 ], [ 37.161014, 55.961861500000026 ], [ 37.160956900000016, 55.961846099999988 ], [ 37.160931100000013, 55.961817200000013 ], [ 37.1609106, 55.9617775 ], [ 37.160894399999989, 55.961743200000022 ], [ 37.16086270000001, 55.96170290000002 ], [ 37.1608312, 55.9616717 ], [ 37.16082, 55.9616477 ], [ 37.160816500000017, 55.9616109 ], [ 37.1608062, 55.9615788 ], [ 37.1607851, 55.9615499 ], [ 37.160751, 55.9615247 ], [ 37.1607116, 55.9615069 ], [ 37.1606771, 55.961477700000017 ], [ 37.1606204, 55.961448199999985 ], [ 37.1605767, 55.9614344 ], [ 37.160514500000012, 55.9614308 ], [ 37.160466, 55.9614369 ], [ 37.1604158, 55.9614607 ], [ 37.1603706, 55.9614826 ], [ 37.1603316, 55.961493700000013 ], [ 37.1602935, 55.9615203 ], [ 37.160268200000012, 55.961548800000024 ], [ 37.160233800000015, 55.961568 ], [ 37.1601897, 55.9615833 ], [ 37.1601459, 55.961591900000016 ], [ 37.160109, 55.9616068 ], [ 37.1600806, 55.961628400000016 ], [ 37.1600625, 55.961651200000013 ], [ 37.160065600000017, 55.961677400000013 ], [ 37.160081200000015, 55.961699 ], [ 37.1600901, 55.961719600000023 ], [ 37.160090300000014, 55.96173180000001 ], [ 37.160075400000011, 55.9617473 ], [ 37.1600531, 55.961762100000016 ], [ 37.160029200000011, 55.9617822 ], [ 37.160021700000023, 55.961808 ], [ 37.1600146, 55.9618386 ], [ 37.1600045, 55.96186770000002 ], [ 37.1599927, 55.96189930000002 ], [ 37.1599776, 55.961925 ], [ 37.159993, 55.961946900000015 ], [ 37.160050300000016, 55.961984900000019 ], [ 37.1601062, 55.9620157 ], [ 37.160146, 55.962037200000012 ], [ 37.1601666, 55.962059299999986 ], [ 37.1601704, 55.96208330000001 ], [ 37.16012520000001, 55.962106900000016 ], [ 37.1600866, 55.962121900000021 ], [ 37.1600486, 55.962146100000012 ], [ 37.1600001, 55.9621879 ], [ 37.1599655, 55.9622178 ], [ 37.159902099999989, 55.9622587 ], [ 37.1596889, 55.962373300000017 ], [ 37.1594893, 55.9624636 ], [ 37.1594204, 55.962495 ], [ 37.159312800000016, 55.9625217 ], [ 37.159190800000019, 55.9625209 ], [ 37.1590902, 55.9624993 ], [ 37.1590264, 55.9624625 ], [ 37.1589983, 55.962414800000012 ], [ 37.15900030000001, 55.9623492 ], [ 37.159043900000015, 55.962303 ], [ 37.1590884, 55.962264200000014 ], [ 37.1591673, 55.962234 ], [ 37.1592271, 55.9622042 ], [ 37.159375700000012, 55.962147 ], [ 37.159453500000012, 55.9621153 ], [ 37.159490199999986, 55.962063 ], [ 37.1595073, 55.962015900000011 ], [ 37.1595276, 55.96198050000001 ], [ 37.1595209, 55.9619556 ], [ 37.159480700000017, 55.9619277 ], [ 37.1594008, 55.961900900000018 ], [ 37.159278, 55.961890300000015 ], [ 37.1591688, 55.9618885 ], [ 37.159036, 55.96189540000001 ], [ 37.1589119, 55.9619062 ], [ 37.1588159, 55.9619277 ], [ 37.1587199, 55.961943600000012 ], [ 37.158566, 55.961956600000015 ], [ 37.1584404, 55.9619548 ], [ 37.158297, 55.9619523 ], [ 37.1581633, 55.961970500000021 ], [ 37.158082900000011, 55.961999200000015 ], [ 37.1580627, 55.962028399999987 ], [ 37.1580238, 55.962070300000015 ], [ 37.1579627, 55.962114200000016 ], [ 37.157895700000012, 55.96216130000002 ], [ 37.1578626, 55.96220390000002 ], [ 37.157869, 55.962254500000022 ], [ 37.157884900000013, 55.9623001 ], [ 37.157887300000013, 55.9623276 ], [ 37.157879, 55.9623509 ], [ 37.157864700000012, 55.9623717 ], [ 37.1578428, 55.9623927 ], [ 37.1577943, 55.962401700000015 ], [ 37.156853500000011, 55.9625578 ], [ 37.1543863, 55.961945599999986 ], [ 37.154299, 55.9622015 ], [ 37.154061400000018, 55.9628979 ], [ 37.153165399999985, 55.962954800000013 ], [ 37.1533333, 55.962345900000024 ], [ 37.1527578, 55.9622222 ], [ 37.151155200000012, 55.9618777 ], [ 37.1507193, 55.962525800000023 ], [ 37.149624, 55.9622873 ], [ 37.1492328, 55.9630419 ], [ 37.147941600000017, 55.9635283 ], [ 37.1474157, 55.9633483 ], [ 37.146610799999983, 55.9637194 ], [ 37.1484997, 55.9656309 ], [ 37.147011900000024, 55.9660349 ], [ 37.145597400000014, 55.96604270000001 ], [ 37.145657300000025, 55.9666597 ], [ 37.1458539, 55.968070500000024 ], [ 37.1461447, 55.9690659 ], [ 37.1463056, 55.969682 ], [ 37.1463797, 55.969969700000014 ], [ 37.1472674, 55.97002550000002 ], [ 37.1484269, 55.970163900000017 ], [ 37.1487617, 55.970230400000013 ], [ 37.1487736, 55.970266599999988 ], [ 37.1487411, 55.9732006 ], [ 37.1487316, 55.973202400000012 ], [ 37.1487316, 55.973508 ], [ 37.148731500000011, 55.9750138 ], [ 37.14873350000002, 55.976991900000023 ], [ 37.1484181, 55.9777598 ], [ 37.147352100000013, 55.980669500000019 ], [ 37.1473338, 55.980706 ], [ 37.1465677, 55.982945 ], [ 37.1462778, 55.9837708 ], [ 37.1460757, 55.9843465 ], [ 37.1456895, 55.985446700000018 ], [ 37.1443929, 55.9893163 ], [ 37.1440873, 55.9898821 ], [ 37.144531, 55.9899497 ], [ 37.1447091, 55.989977 ], [ 37.145778200000024, 55.990140100000012 ], [ 37.146093500000013, 55.9904777 ], [ 37.1472329, 55.990939 ], [ 37.147837600000017, 55.990802100000018 ], [ 37.1495825, 55.9911696 ], [ 37.149661600000023, 55.991567 ], [ 37.1488217, 55.9921204 ], [ 37.150691, 55.993133200000017 ], [ 37.1527368, 55.993087200000012 ], [ 37.152711, 55.994242 ], [ 37.1513682, 55.9962133 ], [ 37.1511555, 55.9963071 ], [ 37.149929600000014, 55.9965725 ], [ 37.1502687, 55.997211699999987 ], [ 37.150248300000015, 55.9975337 ], [ 37.149199200000012, 55.9983433 ], [ 37.150643800000012, 55.9992264 ], [ 37.1511709, 55.9995486 ], [ 37.1490894, 56.0014618 ], [ 37.146976600000016, 56.0033472 ], [ 37.1432804, 56.006363100000023 ], [ 37.1412756, 56.0080789 ], [ 37.139416900000015, 56.00972130000001 ], [ 37.1390684, 56.0095945 ], [ 37.137393800000012, 56.0111981 ], [ 37.135956200000017, 56.0125833 ], [ 37.1339938, 56.0143331 ], [ 37.1339487, 56.0144271 ], [ 37.1316021, 56.0164459 ], [ 37.1326592, 56.016777 ], [ 37.134024100000012, 56.0177327 ], [ 37.1350935, 56.018406400000011 ], [ 37.1358214, 56.01893410000001 ], [ 37.1360907, 56.0191079 ], [ 37.1374331, 56.0185768 ], [ 37.13845340000001, 56.0181091 ], [ 37.138927, 56.017892 ], [ 37.1388404, 56.018132 ], [ 37.1387536, 56.018372200000016 ], [ 37.1407365, 56.0180745 ], [ 37.143348600000017, 56.0176918 ], [ 37.1441842, 56.0176922 ], [ 37.1447669, 56.0179679 ], [ 37.1452354, 56.0180924 ], [ 37.1467166, 56.0178363 ], [ 37.147467100000014, 56.017699700000016 ], [ 37.149169400000012, 56.0173914 ], [ 37.1500948, 56.017222700000019 ], [ 37.1505203, 56.0164989 ], [ 37.1519425, 56.0168306 ], [ 37.155052, 56.017639 ], [ 37.1570178, 56.0178995 ], [ 37.158256, 56.0179977 ], [ 37.15897, 56.017214 ], [ 37.159754400000018, 56.0163625 ], [ 37.159778, 56.0158978 ], [ 37.159185800000024, 56.015335500000013 ], [ 37.159962600000021, 56.0144412 ], [ 37.158661, 56.014142 ], [ 37.1588626, 56.013700200000017 ], [ 37.1605067, 56.0134251 ], [ 37.1617302, 56.013221200000011 ], [ 37.1626554, 56.0139375 ], [ 37.1638246, 56.0135953 ], [ 37.1642139, 56.0140692 ], [ 37.1646153, 56.014232900000017 ], [ 37.165950400000014, 56.013946800000014 ], [ 37.1675739, 56.0138961 ], [ 37.1677442, 56.01389080000002 ], [ 37.1686677, 56.014106 ], [ 37.1691856, 56.0142185 ], [ 37.171253, 56.014626200000016 ], [ 37.1725195, 56.014731500000018 ], [ 37.173817600000021, 56.0148414 ], [ 37.175693200000019, 56.0149845 ], [ 37.1776116, 56.0151322 ], [ 37.179118800000012, 56.016053900000017 ], [ 37.1814741, 56.0167156 ], [ 37.18369670000002, 56.0179986 ], [ 37.185284900000013, 56.0189154 ], [ 37.1842124, 56.0197214 ], [ 37.184655900000017, 56.020161200000011 ], [ 37.1869984, 56.0199938 ], [ 37.187978300000019, 56.0205945 ], [ 37.1888435, 56.0211392 ], [ 37.188977900000012, 56.0212238 ], [ 37.189597800000023, 56.020979700000012 ], [ 37.1902354, 56.020728700000014 ], [ 37.190745, 56.020521 ], [ 37.195570200000013, 56.0186013 ], [ 37.197458400000016, 56.0178464 ], [ 37.200627900000015, 56.016566500000025 ], [ 37.2032502, 56.0154857 ], [ 37.2038305, 56.015942699999989 ], [ 37.2051288, 56.0164464 ], [ 37.205853200000014, 56.0167369 ], [ 37.2069134, 56.017150500000014 ], [ 37.207332, 56.0171298 ], [ 37.2091482, 56.015226700000014 ], [ 37.211294500000015, 56.0129496 ], [ 37.210664800000011, 56.0124305 ], [ 37.2147662, 56.0109527 ], [ 37.2178428, 56.0097574 ], [ 37.2205149, 56.0087447 ], [ 37.2231838, 56.007696200000019 ], [ 37.226102600000011, 56.0065664 ], [ 37.228688200000015, 56.005568500000024 ], [ 37.231191700000011, 56.004621900000011 ], [ 37.2354034, 56.002968600000024 ], [ 37.240414600000022, 56.0010308 ], [ 37.2406767, 56.0009268 ], [ 37.24230080000001, 56.000281700000016 ], [ 37.2434039, 56.0008937 ], [ 37.2443672, 56.001094300000013 ], [ 37.2453939, 56.0010689 ], [ 37.2463117, 56.0008098 ], [ 37.2467532, 56.00048610000001 ], [ 37.247032200000014, 56.000136900000015 ], [ 37.2474509, 55.9990808 ], [ 37.248087100000014, 55.998553300000026 ], [ 37.2485038, 55.9983936 ], [ 37.2484437, 55.9978412 ], [ 37.2524587, 55.996273 ], [ 37.256707, 55.994615500000016 ], [ 37.2605622, 55.993142600000013 ], [ 37.2592816, 55.991703 ], [ 37.25730290000002, 55.990068 ], [ 37.2537923, 55.988269400000021 ], [ 37.2546996, 55.9876787 ], [ 37.255549600000016, 55.9872614 ], [ 37.2586848, 55.9877301 ], [ 37.2610977, 55.9879175 ], [ 37.263013, 55.9885432 ], [ 37.2630137, 55.9885412 ], [ 37.2631671, 55.9883552 ], [ 37.263938, 55.9872943 ], [ 37.2639439, 55.987293800000018 ], [ 37.264444900000022, 55.9871237 ], [ 37.2642352, 55.986911399999983 ], [ 37.265107, 55.985883800000011 ], [ 37.265503500000015, 55.984489799999984 ], [ 37.2651738, 55.98303760000001 ], [ 37.2673546, 55.9824283 ], [ 37.2677431, 55.981933800000014 ], [ 37.2665678, 55.9813662 ], [ 37.2661626, 55.9811435 ], [ 37.2653771, 55.979653399999989 ], [ 37.2660616, 55.9795444 ], [ 37.2664088, 55.9794716 ], [ 37.2656772, 55.9775444 ], [ 37.2655149, 55.9770784 ], [ 37.265188600000016, 55.976117200000012 ], [ 37.2646064, 55.9747183 ], [ 37.2639197, 55.9730332 ], [ 37.2636079, 55.9730153 ], [ 37.2636231, 55.9728945 ], [ 37.26387110000001, 55.9729044 ], [ 37.263798, 55.9727113 ], [ 37.2635258, 55.972383900000011 ], [ 37.2634551, 55.9722584 ], [ 37.263371900000024, 55.9722154 ], [ 37.263321600000012, 55.972189600000014 ], [ 37.2632738, 55.9721619 ], [ 37.2632434, 55.9721428 ], [ 37.2632284, 55.9721334 ], [ 37.263192, 55.9721086 ], [ 37.2631618, 55.972079600000015 ], [ 37.263143, 55.9720504 ], [ 37.2631318, 55.97202 ], [ 37.2631395, 55.971994600000016 ], [ 37.2631689, 55.971972600000022 ], [ 37.2631954, 55.9719536 ], [ 37.263206800000013, 55.971932400000021 ], [ 37.263199400000012, 55.97191260000001 ], [ 37.263178100000019, 55.9718984 ], [ 37.26314270000001, 55.9718947 ], [ 37.2630972, 55.971895 ], [ 37.263042900000023, 55.9719038 ], [ 37.262992400000016, 55.9719154 ], [ 37.2628199, 55.9717629 ], [ 37.2614608, 55.971425 ], [ 37.261055500000012, 55.9699023 ], [ 37.261489900000015, 55.969907400000011 ], [ 37.2611094, 55.968067200000014 ], [ 37.268136800000015, 55.968212600000015 ], [ 37.2682913, 55.9678065 ], [ 37.2675496, 55.9675918 ], [ 37.2645469, 55.967253400000025 ], [ 37.26367350000001, 55.966971700000016 ], [ 37.26226170000001, 55.966876800000016 ], [ 37.2609457, 55.9672909 ], [ 37.2611663, 55.96745150000001 ], [ 37.261119100000016, 55.96747040000001 ], [ 37.2601646, 55.967880700000023 ], [ 37.2600364, 55.9679085 ], [ 37.2598813, 55.9678932 ], [ 37.2596839, 55.9678825 ], [ 37.2592242, 55.9678427 ], [ 37.2589755, 55.9678061 ], [ 37.2588212, 55.967744 ], [ 37.25869560000001, 55.967714100000016 ], [ 37.258579600000012, 55.9677065 ], [ 37.258492899999986, 55.9677064 ], [ 37.2584108, 55.967709399999983 ], [ 37.258309400000023, 55.9677167 ], [ 37.25822560000001, 55.9677289 ], [ 37.2581713, 55.967728 ], [ 37.258070300000014, 55.9677121 ], [ 37.2579716, 55.967682300000014 ], [ 37.257947300000012, 55.967675 ], [ 37.257861100000014, 55.967671900000013 ], [ 37.257757600000019, 55.967682100000019 ], [ 37.2576623, 55.9676746 ], [ 37.2575668, 55.9676758 ], [ 37.2574765, 55.967684500000018 ], [ 37.257394500000011, 55.9676696 ], [ 37.257336200000019, 55.967667900000023 ], [ 37.2572671, 55.96768560000001 ], [ 37.257150500000016, 55.967686800000024 ], [ 37.2570153, 55.9676881 ], [ 37.256848200000015, 55.96771 ], [ 37.2567398, 55.967743800000015 ], [ 37.25662160000001, 55.9677994 ], [ 37.2564765, 55.967824500000013 ], [ 37.256372300000024, 55.967844700000015 ], [ 37.256335800000016, 55.967841699999987 ], [ 37.256284700000023, 55.9678486 ], [ 37.2560278, 55.9678748 ], [ 37.255968900000013, 55.9678987 ], [ 37.255915400000013, 55.9679253 ], [ 37.2558213, 55.9679467 ], [ 37.2557319, 55.9679586 ], [ 37.2556923, 55.967940100000021 ], [ 37.255653, 55.967907 ], [ 37.2556223, 55.9678974 ], [ 37.2555374, 55.9678949 ], [ 37.255403700000024, 55.967913 ], [ 37.2553573, 55.967911700000016 ], [ 37.2552154, 55.9679419 ], [ 37.255151, 55.9679437 ], [ 37.2550435, 55.9679256 ], [ 37.2548441, 55.967945 ], [ 37.254760200000014, 55.9679479 ], [ 37.2547205, 55.9679631 ], [ 37.254657100000017, 55.968023100000025 ], [ 37.2545855, 55.9680579 ], [ 37.2545581, 55.968101 ], [ 37.254483100000016, 55.968127 ], [ 37.254403800000013, 55.9681275 ], [ 37.2543199, 55.968080200000017 ], [ 37.2542215, 55.9680724 ], [ 37.2540572, 55.968081 ], [ 37.253956200000012, 55.968089700000014 ], [ 37.253841, 55.968062199999984 ], [ 37.25369, 55.968021100000016 ], [ 37.253646100000012, 55.96797080000001 ], [ 37.253516400000017, 55.967889300000024 ], [ 37.2533622, 55.9678441 ], [ 37.2532071, 55.9678133 ], [ 37.252937599999989, 55.9679028 ], [ 37.2524878, 55.967897800000017 ] ] ], [ [ [ 37.519497100000024, 55.8151739 ], [ 37.5165389, 55.8150574 ], [ 37.51368650000002, 55.814943 ], [ 37.5116281, 55.8148471 ], [ 37.5097801, 55.814769700000028 ], [ 37.5080819, 55.8147507 ], [ 37.5029015, 55.814894400000014 ], [ 37.50025040000002, 55.8149257 ], [ 37.498184500000015, 55.814985500000013 ], [ 37.4955258, 55.8150669 ], [ 37.4934931, 55.8151319 ], [ 37.4881416, 55.8152967 ], [ 37.4873154, 55.8153189 ], [ 37.4868576, 55.815334 ], [ 37.4867584, 55.8161493 ], [ 37.486724600000016, 55.8168705 ], [ 37.486719700000023, 55.8171743 ], [ 37.486701, 55.8174275 ], [ 37.4868036, 55.8179345 ], [ 37.487069600000012, 55.818851300000013 ], [ 37.487549200000011, 55.819867100000018 ], [ 37.488042, 55.820629700000012 ], [ 37.4889712, 55.821682 ], [ 37.4898587, 55.8224393 ], [ 37.490261199999985, 55.822766400000013 ], [ 37.4907202, 55.8230964 ], [ 37.4919622, 55.8238104 ], [ 37.4926481, 55.824203100000013 ], [ 37.4933657, 55.824478300000024 ], [ 37.4933282, 55.824519 ], [ 37.49107510000001, 55.8272718 ], [ 37.4909498, 55.827239800000022 ], [ 37.4906405, 55.8271576 ], [ 37.4902928, 55.827064700000015 ], [ 37.4897929, 55.826931 ], [ 37.488427, 55.8265657 ], [ 37.487159300000016, 55.8264847 ], [ 37.486376, 55.8264788 ], [ 37.485962500000014, 55.8264992 ], [ 37.4856033, 55.826517 ], [ 37.4842849, 55.8267077 ], [ 37.48353070000001, 55.8268374 ], [ 37.4828335, 55.8269148 ], [ 37.4813937, 55.827013700000016 ], [ 37.480385300000023, 55.8270233 ], [ 37.4788291, 55.82665380000001 ], [ 37.47849380000001, 55.826574200000017 ], [ 37.4782013, 55.826614600000013 ], [ 37.4779908, 55.8267936 ], [ 37.4762994, 55.82823190000002 ], [ 37.4762377, 55.828284300000014 ], [ 37.47577170000001, 55.8286851 ], [ 37.4744188, 55.8298286 ], [ 37.474467800000021, 55.8300036 ], [ 37.4783235, 55.830470699999985 ], [ 37.4791227, 55.830748 ], [ 37.478983, 55.83155410000002 ], [ 37.4785499, 55.8319632 ], [ 37.4778166, 55.8328528 ], [ 37.4762079, 55.834285900000012 ], [ 37.4742235, 55.8359672 ], [ 37.472178500000012, 55.8371823 ], [ 37.4716778, 55.837785500000017 ], [ 37.4717789, 55.8385544 ], [ 37.472060900000017, 55.8393886 ], [ 37.4725865, 55.84035380000001 ], [ 37.472512300000012, 55.840983 ], [ 37.4722678, 55.8417749 ], [ 37.4715156, 55.8423979 ], [ 37.4703495, 55.8427259 ], [ 37.4698854, 55.8431779 ], [ 37.4688453, 55.843538100000018 ], [ 37.4680678, 55.8446782 ], [ 37.4667117, 55.8456326 ], [ 37.465379800000015, 55.8462341 ], [ 37.46446250000001, 55.8471182 ], [ 37.4639345, 55.8476856 ], [ 37.4634933, 55.8481997 ], [ 37.4636035, 55.849086300000032 ], [ 37.4628942, 55.8500763 ], [ 37.4613263, 55.851045 ], [ 37.46100610000002, 55.8518067 ], [ 37.460847200000025, 55.853004 ], [ 37.4521859, 55.8520083 ], [ 37.4520255, 55.85199190000003 ], [ 37.4515654, 55.851936800000011 ], [ 37.451273, 55.851897500000014 ], [ 37.4506232, 55.8518293 ], [ 37.4499661, 55.8517536 ], [ 37.448807, 55.8516295 ], [ 37.447132, 55.8514507 ], [ 37.4469343, 55.8514296 ], [ 37.44682920000001, 55.8514203 ], [ 37.4463964, 55.8513722 ], [ 37.446201800000011, 55.8513514 ], [ 37.4461808, 55.8513491 ], [ 37.4460111, 55.851331100000024 ], [ 37.4447718, 55.851198800000027 ], [ 37.4441659, 55.8511341 ], [ 37.4430978, 55.8510201 ], [ 37.4417938, 55.8508728 ], [ 37.4414145, 55.8508352 ], [ 37.441197900000013, 55.850815 ], [ 37.440696100000011, 55.8507674 ], [ 37.440466200000017, 55.850748100000011 ], [ 37.440163100000021, 55.8507223 ], [ 37.4395837, 55.85068 ], [ 37.43944560000002, 55.850668800000015 ], [ 37.4393802, 55.850663500000024 ], [ 37.4390529, 55.8506343 ], [ 37.4383122, 55.850565399999986 ], [ 37.437372399999987, 55.8504679 ], [ 37.435491500000012, 55.8502638 ], [ 37.43158, 55.8498524 ], [ 37.4297623, 55.8496655 ], [ 37.4275116, 55.849414399999986 ], [ 37.423111400000018, 55.8488953 ], [ 37.4228655, 55.848865800000013 ], [ 37.422446100000016, 55.8488249 ], [ 37.42197740000001, 55.8487763 ], [ 37.4216271, 55.8487537 ], [ 37.4214434, 55.8487437 ], [ 37.4212316, 55.8487478 ], [ 37.4209615, 55.848761300000014 ], [ 37.420741100000015, 55.8487787 ], [ 37.4203774, 55.8488217 ], [ 37.420204399999989, 55.8488444 ], [ 37.420105400000011, 55.84885640000001 ], [ 37.419583200000012, 55.8489286 ], [ 37.41931790000001, 55.8489834 ], [ 37.4189996, 55.8490589 ], [ 37.4185454, 55.849183900000021 ], [ 37.4182246, 55.849285900000012 ], [ 37.4179356, 55.8493715 ], [ 37.4176888, 55.849444500000018 ], [ 37.4171023, 55.84963410000001 ], [ 37.4169106, 55.8496915 ], [ 37.4166124, 55.8497787 ], [ 37.4164189, 55.8498352 ], [ 37.416331900000017, 55.8498603 ], [ 37.4162729, 55.84987670000001 ], [ 37.4160462, 55.849936800000016 ], [ 37.4157425, 55.850012500000027 ], [ 37.4154055, 55.850084799999983 ], [ 37.415235500000016, 55.8501152 ], [ 37.415008400000012, 55.85015640000001 ], [ 37.4146592, 55.8502169 ], [ 37.414356, 55.85026850000002 ], [ 37.4140293, 55.850321600000022 ], [ 37.4138435, 55.8503502 ], [ 37.4136077, 55.85038380000001 ], [ 37.4133854, 55.8504143 ], [ 37.413045100000012, 55.8504565 ], [ 37.4126656, 55.8504966 ], [ 37.4122982, 55.8505197 ], [ 37.412207899999984, 55.8505244 ], [ 37.4119327, 55.8505369 ], [ 37.411754400000021, 55.8505448 ], [ 37.411680900000022, 55.8505458 ], [ 37.4114059, 55.8505479 ], [ 37.411176900000015, 55.850547400000032 ], [ 37.4110354, 55.8505471 ], [ 37.4109781, 55.8505464 ], [ 37.410338600000017, 55.8505384 ], [ 37.410236, 55.8505371 ], [ 37.410072100000015, 55.850534900000021 ], [ 37.4099591, 55.8505344 ], [ 37.409427, 55.8505323 ], [ 37.408697600000011, 55.850531500000017 ], [ 37.4084263, 55.8505282 ], [ 37.4076944, 55.850519100000014 ], [ 37.406862, 55.850511300000015 ], [ 37.4063305, 55.850507299999983 ], [ 37.406043200000013, 55.8505035 ], [ 37.405686699999983, 55.850497800000014 ], [ 37.4052632, 55.8504966 ], [ 37.405120399999987, 55.8504953 ], [ 37.4040721, 55.8504785 ], [ 37.403694, 55.8504764 ], [ 37.4033488, 55.8504834 ], [ 37.403108, 55.8505034 ], [ 37.40300280000001, 55.850518100000023 ], [ 37.402914900000013, 55.8505393 ], [ 37.4027172, 55.8505912 ], [ 37.4023425, 55.8506882 ], [ 37.402169100000016, 55.8507378 ], [ 37.4019494, 55.8507876 ], [ 37.4017056, 55.8508315 ], [ 37.401298900000015, 55.8508874 ], [ 37.4009037, 55.8509441 ], [ 37.4007357, 55.850968200000018 ], [ 37.4002197, 55.851045 ], [ 37.399662700000015, 55.851129300000018 ], [ 37.3990826, 55.85122 ], [ 37.3985403, 55.851320699999988 ], [ 37.397776100000016, 55.851443 ], [ 37.3972658, 55.851526100000015 ], [ 37.3965957, 55.851643 ], [ 37.3961313, 55.85170590000002 ], [ 37.3955905, 55.851755200000028 ], [ 37.3951965, 55.8517904 ], [ 37.394709400000025, 55.851807500000014 ], [ 37.3937397, 55.851785900000024 ], [ 37.3950478, 55.8543249 ], [ 37.39455610000001, 55.8544023 ], [ 37.3946926, 55.854525900000013 ], [ 37.3953493, 55.8558406 ], [ 37.3961032, 55.8573506 ], [ 37.3976398, 55.859973500000024 ], [ 37.399599400000014, 55.86230230000001 ], [ 37.401662200000018, 55.8644698 ], [ 37.4050796, 55.8672401 ], [ 37.4068486, 55.8684287 ], [ 37.4093294, 55.8698864 ], [ 37.411428, 55.8709576 ], [ 37.406324400000017, 55.874255200000015 ], [ 37.40399510000001, 55.8759713 ], [ 37.3999047, 55.8764499 ], [ 37.3955719, 55.8770189 ], [ 37.39541340000001, 55.8771216 ], [ 37.395377500000016, 55.8771266 ], [ 37.3944357, 55.8772425 ], [ 37.3905986, 55.8774429 ], [ 37.386317600000012, 55.877662500000014 ], [ 37.3848738, 55.877742 ], [ 37.383409700000023, 55.8778959 ], [ 37.3832515, 55.8779125 ], [ 37.383204900000017, 55.877833600000031 ], [ 37.3823129, 55.8778827 ], [ 37.3821655, 55.877868700000015 ], [ 37.3820186, 55.8779469 ], [ 37.3816658, 55.87809 ], [ 37.38158880000001, 55.8781505 ], [ 37.3813907, 55.878206 ], [ 37.3812549, 55.8781996 ], [ 37.381165100000011, 55.8782184 ], [ 37.3810568, 55.878284 ], [ 37.380942200000021, 55.878409300000015 ], [ 37.3808304, 55.8786384 ], [ 37.3807802, 55.8787248 ], [ 37.380758, 55.878774100000015 ], [ 37.380747, 55.8788648 ], [ 37.3807319, 55.8789327 ], [ 37.380706, 55.8790007 ], [ 37.3806765, 55.879062500000032 ], [ 37.380647, 55.8791161 ], [ 37.3806152, 55.879173 ], [ 37.3805593, 55.879256900000023 ], [ 37.3805307, 55.879296300000014 ], [ 37.3804198, 55.8794034 ], [ 37.3801951, 55.8795618 ], [ 37.3800879, 55.8796389 ], [ 37.3800454, 55.8797247 ], [ 37.3799924, 55.8798119 ], [ 37.379918600000011, 55.879892200000015 ], [ 37.3798326, 55.879935500000016 ], [ 37.3797165, 55.879974400000016 ], [ 37.37960120000001, 55.8799896 ], [ 37.3794227, 55.8799893 ], [ 37.3792947, 55.879971900000022 ], [ 37.379118800000015, 55.879953300000011 ], [ 37.378843, 55.880083400000011 ], [ 37.3787477, 55.880114400000011 ], [ 37.3785607, 55.8801092 ], [ 37.378351600000023, 55.8801132 ], [ 37.378165, 55.8801579 ], [ 37.3780506, 55.880211800000012 ], [ 37.3779406, 55.88027240000001 ], [ 37.3778815, 55.8803332 ], [ 37.377841600000018, 55.8803915 ], [ 37.3777937, 55.880464500000031 ], [ 37.3776026, 55.88062110000002 ], [ 37.377367799999988, 55.880752700000016 ], [ 37.377054300000012, 55.8809299 ], [ 37.3768678, 55.8810162 ], [ 37.3766677, 55.8810753 ], [ 37.3762138, 55.8811661 ], [ 37.375960300000017, 55.8812585 ], [ 37.375846500000016, 55.881289300000013 ], [ 37.375730600000011, 55.8812728 ], [ 37.375582800000011, 55.8812087 ], [ 37.3754544, 55.8811797 ], [ 37.37531520000001, 55.88116930000001 ], [ 37.3751796, 55.8811851 ], [ 37.3750472, 55.881197900000018 ], [ 37.374879400000012, 55.8812315 ], [ 37.3745517, 55.881319 ], [ 37.374426800000016, 55.8813579 ], [ 37.374280200000015, 55.881376400000022 ], [ 37.374018500000012, 55.8813652 ], [ 37.373800400000015, 55.8813507 ], [ 37.3736126, 55.881357 ], [ 37.3734126, 55.8814005 ], [ 37.3729558, 55.881504400000019 ], [ 37.372919, 55.881517099999982 ], [ 37.3728638, 55.881543900000011 ], [ 37.372816, 55.8815767 ], [ 37.372761, 55.8816241 ], [ 37.372701900000017, 55.8816941 ], [ 37.37264660000001, 55.881795 ], [ 37.372584, 55.8818959 ], [ 37.372547900000015, 55.8819687 ], [ 37.3725285, 55.8820092 ], [ 37.372505, 55.8820555 ], [ 37.3724542, 55.8821937 ], [ 37.3724398, 55.8822502 ], [ 37.372414200000016, 55.8823302 ], [ 37.372346700000016, 55.882493499999988 ], [ 37.37230790000001, 55.882565 ], [ 37.372228300000017, 55.8826605 ], [ 37.37217840000001, 55.882706200000015 ], [ 37.3721224, 55.88276110000001 ], [ 37.3720548, 55.8828039 ], [ 37.371984, 55.8828319 ], [ 37.3719163, 55.8828647 ], [ 37.371851700000015, 55.8829059 ], [ 37.3717515, 55.882978500000014 ], [ 37.371578, 55.8830641 ], [ 37.3714809, 55.883153 ], [ 37.3713762, 55.883244 ], [ 37.371314, 55.883294 ], [ 37.371254800000024, 55.8833523 ], [ 37.3712371, 55.883399 ], [ 37.3712191, 55.8834549 ], [ 37.3711883, 55.8835002 ], [ 37.3711691, 55.8835482 ], [ 37.371163, 55.883597900000012 ], [ 37.3711425, 55.8836624 ], [ 37.3711447, 55.883746 ], [ 37.3711716, 55.8838511 ], [ 37.3711942, 55.8839596 ], [ 37.3713301, 55.8841832 ], [ 37.3714922, 55.884355 ], [ 37.3716851, 55.884540200000018 ], [ 37.3719281, 55.884599500000014 ], [ 37.372056700000016, 55.8847927 ], [ 37.372185500000015, 55.8849032 ], [ 37.372379900000013, 55.885136800000012 ], [ 37.372514700000018, 55.8852334 ], [ 37.372741900000015, 55.885284599999984 ], [ 37.372942100000017, 55.8853897 ], [ 37.3730438, 55.8855096 ], [ 37.3731812, 55.8856598 ], [ 37.3734009, 55.8859046 ], [ 37.373679900000013, 55.8860052 ], [ 37.374375900000018, 55.886405900000021 ], [ 37.374567, 55.886644400000016 ], [ 37.3746345, 55.8866989 ], [ 37.3747222, 55.8867963 ], [ 37.3747338, 55.886821 ], [ 37.3747747, 55.886926600000024 ], [ 37.3747626, 55.8869811 ], [ 37.374694700000013, 55.887083300000015 ], [ 37.374609400000011, 55.8871871 ], [ 37.3744503, 55.887323800000019 ], [ 37.3743299, 55.887355 ], [ 37.374260100000015, 55.8873666 ], [ 37.374176900000023, 55.8873666 ], [ 37.373956700000015, 55.887400800000016 ], [ 37.373607, 55.887427900000013 ], [ 37.373272400000019, 55.8874413 ], [ 37.372881600000021, 55.8874872 ], [ 37.372676, 55.8875529 ], [ 37.3725592, 55.887648100000014 ], [ 37.3725221, 55.887775900000015 ], [ 37.372550100000019, 55.8879219 ], [ 37.3725332, 55.888093 ], [ 37.372598900000014, 55.8881995 ], [ 37.372729100000015, 55.8883234 ], [ 37.372772900000015, 55.8884125 ], [ 37.3727875, 55.888556300000019 ], [ 37.3727774, 55.888833100000021 ], [ 37.3726855, 55.8892582 ], [ 37.372743300000018, 55.889394 ], [ 37.373004, 55.8895773 ], [ 37.373194400000017, 55.8897276 ], [ 37.3733406, 55.8898663 ], [ 37.373393300000011, 55.889935600000015 ], [ 37.373475200000016, 55.8900743 ], [ 37.3734128, 55.8902952 ], [ 37.3731888, 55.8905392 ], [ 37.3730295, 55.8907551 ], [ 37.3729436, 55.8909794 ], [ 37.3729403, 55.891101399999989 ], [ 37.3730104, 55.891231800000014 ], [ 37.37313910000001, 55.891387 ], [ 37.373438400000012, 55.89145 ], [ 37.37375560000001, 55.8914932 ], [ 37.373958100000017, 55.891514800000024 ], [ 37.3741997, 55.891530300000014 ], [ 37.3747246, 55.8916028 ], [ 37.3749075, 55.891627700000015 ], [ 37.375093600000014, 55.8916641 ], [ 37.375554100000016, 55.8917737 ], [ 37.3761924, 55.8919712 ], [ 37.376615300000012, 55.8921191 ], [ 37.376922, 55.8922761 ], [ 37.3771837, 55.8923956 ], [ 37.377288, 55.892479 ], [ 37.3773534, 55.892597100000025 ], [ 37.3773568, 55.89270830000001 ], [ 37.3772801, 55.8928216 ], [ 37.3771185, 55.89297610000002 ], [ 37.376965400000017, 55.8930943 ], [ 37.3767403, 55.8932714 ], [ 37.3764261, 55.893514100000012 ], [ 37.3762398, 55.8936491 ], [ 37.376034499999989, 55.8937965 ], [ 37.3758632, 55.8939685 ], [ 37.3755865, 55.8942282 ], [ 37.37517540000001, 55.8945472 ], [ 37.3750308, 55.8946661 ], [ 37.3749168, 55.894751100000015 ], [ 37.3747603, 55.8948251 ], [ 37.3743538, 55.894989 ], [ 37.3741352, 55.8950696 ], [ 37.3739835, 55.8950958 ], [ 37.3737537, 55.8951068 ], [ 37.3735128, 55.8951041 ], [ 37.373253400000024, 55.895083600000014 ], [ 37.372847500000013, 55.8950331 ], [ 37.372388800000024, 55.894957200000015 ], [ 37.3721797, 55.894939800000031 ], [ 37.3720235, 55.894946 ], [ 37.371867400000014, 55.894978300000012 ], [ 37.3716866, 55.8950333 ], [ 37.371519200000016, 55.8950519 ], [ 37.371351900000022, 55.8950429 ], [ 37.3711847, 55.8950227 ], [ 37.3710353, 55.8949862 ], [ 37.370915199999985, 55.8949436 ], [ 37.3708081, 55.8948971 ], [ 37.370598900000019, 55.894852700000023 ], [ 37.3704081, 55.894822899999987 ], [ 37.370314800000017, 55.8948094 ], [ 37.370264, 55.8948022 ], [ 37.3700339, 55.8947895 ], [ 37.3698587, 55.8947421 ], [ 37.3697189, 55.8946731 ], [ 37.369501499999984, 55.8945505 ], [ 37.3691976, 55.8944739 ], [ 37.368879, 55.8944342 ], [ 37.36849740000001, 55.8943885 ], [ 37.368168300000015, 55.8943351 ], [ 37.3678257, 55.8942988 ], [ 37.3675414, 55.8942852 ], [ 37.367412200000011, 55.894274700000018 ], [ 37.3672753, 55.894267300000017 ], [ 37.36719320000001, 55.8942847 ], [ 37.3671293, 55.8943232 ], [ 37.367043500000015, 55.8943988 ], [ 37.366966400000024, 55.8944576 ], [ 37.3668927, 55.8944969 ], [ 37.3668295, 55.894516500000016 ], [ 37.3667386, 55.8945204 ], [ 37.3666194, 55.8944966 ], [ 37.366514400000014, 55.8944612 ], [ 37.3663954, 55.8944531 ], [ 37.366270200000024, 55.894483 ], [ 37.366166300000017, 55.894542300000012 ], [ 37.3659631, 55.8946333 ], [ 37.3658593, 55.8946675 ], [ 37.3657172, 55.8947026 ], [ 37.365638, 55.8947333 ], [ 37.3655747, 55.894775499999987 ], [ 37.3655321, 55.8948291 ], [ 37.3655013, 55.8948986 ], [ 37.365493, 55.894972700000011 ], [ 37.365498800000012, 55.8950354 ], [ 37.3655449, 55.895177 ], [ 37.3656115, 55.895347 ], [ 37.3656456, 55.895457700000023 ], [ 37.3656698, 55.895517 ], [ 37.365705800000015, 55.8956437 ], [ 37.365717400000015, 55.895829600000013 ], [ 37.3657149, 55.8959664 ], [ 37.365699700000015, 55.896047700000011 ], [ 37.3656494, 55.8961318 ], [ 37.3655343, 55.896263800000021 ], [ 37.365467400000021, 55.8963994 ], [ 37.3655227, 55.896617900000017 ], [ 37.3656113, 55.89668360000001 ], [ 37.3657676, 55.8967002 ], [ 37.3662674, 55.896724499999983 ], [ 37.366446, 55.8967373 ], [ 37.3666178, 55.8967537 ], [ 37.3667093, 55.8967639 ], [ 37.3670123, 55.896877 ], [ 37.3672708, 55.897000300000023 ], [ 37.3674044, 55.8970732 ], [ 37.3674891, 55.8971409 ], [ 37.3675378, 55.8972212 ], [ 37.3675533, 55.8972602 ], [ 37.3675688, 55.897299 ], [ 37.367582, 55.897356700000017 ], [ 37.367555, 55.8974395 ], [ 37.367492300000016, 55.897499600000032 ], [ 37.367429500000014, 55.8975748 ], [ 37.3674294, 55.8976525 ], [ 37.3674693, 55.897720300000017 ], [ 37.367585, 55.8978006 ], [ 37.367642499999988, 55.8978854 ], [ 37.367662500000023, 55.8979407 ], [ 37.3676335, 55.8980386 ], [ 37.3675346, 55.898179300000031 ], [ 37.367210200000024, 55.898379599999984 ], [ 37.366886, 55.898579800000014 ], [ 37.366613500000021, 55.898662500000022 ], [ 37.366019, 55.8988824 ], [ 37.365846800000014, 55.899011100000017 ], [ 37.3657567, 55.8991147 ], [ 37.365732, 55.8992116 ], [ 37.365745799999985, 55.899347400000011 ], [ 37.3656928, 55.8994466 ], [ 37.3655155, 55.899601500000017 ], [ 37.3652732, 55.899771200000011 ], [ 37.365169400000013, 55.8998863 ], [ 37.3647991, 55.900074100000012 ], [ 37.364008900000016, 55.9002455 ], [ 37.3636635, 55.9002961 ], [ 37.3633691, 55.900303700000023 ], [ 37.3630341, 55.9002968 ], [ 37.3628543, 55.9002893 ], [ 37.362693, 55.9003088 ], [ 37.36253640000001, 55.9003591 ], [ 37.3624065, 55.900411299999988 ], [ 37.3623642, 55.9004421 ], [ 37.3622822, 55.9005059 ], [ 37.36210490000002, 55.9006495 ], [ 37.3619665, 55.9007782 ], [ 37.361889400000024, 55.9008678 ], [ 37.361844600000019, 55.90097160000002 ], [ 37.3618333, 55.9011328 ], [ 37.3617776, 55.9013847 ], [ 37.361771200000014, 55.9014555 ], [ 37.361789100000017, 55.9015456 ], [ 37.3618136, 55.901571900000022 ], [ 37.361868100000017, 55.9015602 ], [ 37.3620737, 55.901473700000011 ], [ 37.3622459, 55.9014217 ], [ 37.3623634, 55.901387300000017 ], [ 37.3624231, 55.9013805 ], [ 37.3625073, 55.901382500000011 ], [ 37.362553, 55.901396400000024 ], [ 37.362595100000014, 55.9014221 ], [ 37.36262840000002, 55.9014418 ], [ 37.362675600000017, 55.901452600000013 ], [ 37.3627546, 55.9014508 ], [ 37.3628089, 55.90145680000002 ], [ 37.3628335, 55.9014696 ], [ 37.3628386, 55.901491300000011 ], [ 37.3628279, 55.9015524 ], [ 37.362830899999985, 55.901589 ], [ 37.3628329, 55.9016058 ], [ 37.362860800000014, 55.9016559 ], [ 37.362909300000013, 55.901697500000019 ], [ 37.3629357, 55.9017168 ], [ 37.3629635, 55.9017344 ], [ 37.362995600000012, 55.9017477 ], [ 37.363065199999987, 55.9017736 ], [ 37.3631061, 55.901797 ], [ 37.363146300000011, 55.901826500000013 ], [ 37.3631617, 55.901860800000016 ], [ 37.3632333, 55.9019031 ], [ 37.363284300000018, 55.9019368 ], [ 37.3633226, 55.9019618 ], [ 37.3633738, 55.9019894 ], [ 37.363554200000017, 55.9020753 ], [ 37.3636856, 55.9021316 ], [ 37.3637998, 55.902171100000018 ], [ 37.3638485, 55.9021774 ], [ 37.3638958, 55.9021797 ], [ 37.3639554, 55.9021782 ], [ 37.364139300000012, 55.9021664 ], [ 37.3641845, 55.9021676 ], [ 37.364217300000021, 55.9021736 ], [ 37.3642486, 55.9021861 ], [ 37.364316100000011, 55.9022303 ], [ 37.364353600000015, 55.9022473 ], [ 37.364378400000014, 55.9022575 ], [ 37.3646115, 55.90233060000002 ], [ 37.3647271, 55.9023692 ], [ 37.364796, 55.902386700000015 ], [ 37.3648693, 55.9024029 ], [ 37.364962200000015, 55.9024167 ], [ 37.3650805, 55.9024168 ], [ 37.3651154, 55.902421900000022 ], [ 37.365172800000018, 55.902434700000022 ], [ 37.365209400000012, 55.90244580000001 ], [ 37.3652516, 55.902462400000012 ], [ 37.365356600000013, 55.90252060000001 ], [ 37.3654092, 55.902547500000011 ], [ 37.3654335, 55.902556900000015 ], [ 37.3656704, 55.9026105 ], [ 37.365803700000022, 55.9026452 ], [ 37.365851, 55.902667 ], [ 37.3659087, 55.9027005 ], [ 37.3659807, 55.9027292 ], [ 37.366078900000012, 55.90275 ], [ 37.366249, 55.9027787 ], [ 37.3664226, 55.9028134 ], [ 37.366631800000015, 55.902849300000014 ], [ 37.366817200000021, 55.902883800000012 ], [ 37.3668834, 55.9028905 ], [ 37.3669743, 55.902896 ], [ 37.3670452, 55.9029007 ], [ 37.367082800000013, 55.90290430000001 ], [ 37.3671187, 55.9029116 ], [ 37.367261, 55.902952300000017 ], [ 37.367345700000016, 55.902971200000017 ], [ 37.3674281, 55.9029862 ], [ 37.367484100000013, 55.902995 ], [ 37.3676099, 55.90300580000001 ], [ 37.3677169, 55.903011800000016 ], [ 37.3679082, 55.9030254 ], [ 37.367997699999989, 55.9030318 ], [ 37.3682327, 55.903049800000012 ], [ 37.368332700000025, 55.9030637 ], [ 37.3684694, 55.9030914 ], [ 37.368609700000022, 55.903118200000016 ], [ 37.3687642, 55.9031331 ], [ 37.369193900000013, 55.9031721 ], [ 37.3693333, 55.9031843 ], [ 37.3694519, 55.9031979 ], [ 37.369545, 55.9032148 ], [ 37.369637700000013, 55.9032365 ], [ 37.369776100000017, 55.903279 ], [ 37.3699277, 55.903334 ], [ 37.3700635, 55.903398600000017 ], [ 37.370138299999986, 55.903432100000018 ], [ 37.3701951, 55.9034528 ], [ 37.370268800000012, 55.9034654 ], [ 37.370215, 55.9035553 ], [ 37.3685896, 55.9055779 ], [ 37.367846099999987, 55.9053439 ], [ 37.366283600000017, 55.90670260000001 ], [ 37.3698614, 55.908195900000024 ], [ 37.368615799999986, 55.90991320000002 ], [ 37.3681374, 55.910225700000012 ], [ 37.3657545, 55.914103600000011 ], [ 37.3660258, 55.9153807 ], [ 37.3696713, 55.91751330000001 ], [ 37.368849300000015, 55.9179563 ], [ 37.3717351, 55.919643100000016 ], [ 37.3769657, 55.9207048 ], [ 37.377823, 55.9211143 ], [ 37.3756398, 55.921707700000013 ], [ 37.3716831, 55.9233914 ], [ 37.3610349, 55.9280553 ], [ 37.3564628, 55.9299543 ], [ 37.3517212, 55.9277016 ], [ 37.3497022, 55.9267761 ], [ 37.3492865, 55.926393800000028 ], [ 37.34922330000002, 55.9260385 ], [ 37.3437067, 55.9241832 ], [ 37.343592500000014, 55.925422100000013 ], [ 37.343614, 55.9261097 ], [ 37.3435269, 55.9266406 ], [ 37.343258200000022, 55.9270896 ], [ 37.3414146, 55.92891030000002 ], [ 37.340609800000017, 55.9299563 ], [ 37.339834300000014, 55.9307309 ], [ 37.337922099999986, 55.932022500000024 ], [ 37.3366865, 55.9326648 ], [ 37.335770800000013, 55.9329596 ], [ 37.333445500000018, 55.9335885 ], [ 37.331320500000011, 55.9338701 ], [ 37.334963, 55.9353847 ], [ 37.3355374, 55.935188 ], [ 37.336301100000014, 55.9347823 ], [ 37.33678, 55.9349949 ], [ 37.3364918, 55.935444700000019 ], [ 37.3358152, 55.9357439 ], [ 37.337379, 55.936408100000016 ], [ 37.3382088, 55.936377600000014 ], [ 37.338276200000017, 55.936692100000016 ], [ 37.338665700000014, 55.9370648 ], [ 37.342816800000016, 55.938852100000013 ], [ 37.3432683, 55.938957800000011 ], [ 37.349547900000012, 55.9366301 ], [ 37.350881100000016, 55.937447700000014 ], [ 37.3514523, 55.9372244 ], [ 37.35213820000002, 55.9377394 ], [ 37.3528243, 55.938102900000011 ], [ 37.352732400000015, 55.93814780000001 ], [ 37.3534009, 55.938611900000012 ], [ 37.3534921, 55.9385737 ], [ 37.354098700000016, 55.938906900000013 ], [ 37.3522537, 55.9396508 ], [ 37.3503948, 55.940476 ], [ 37.351008600000021, 55.940786600000017 ], [ 37.3478013, 55.942719100000019 ], [ 37.3474532, 55.942942600000023 ], [ 37.347906500000015, 55.9432289 ], [ 37.3416982, 55.9467499 ], [ 37.3405276, 55.946266400000013 ], [ 37.338574100000024, 55.9480078 ], [ 37.33815580000001, 55.9485636 ], [ 37.3385186, 55.948859 ], [ 37.3379464, 55.949343700000014 ], [ 37.3374609, 55.9498546 ], [ 37.3364046, 55.9507101 ], [ 37.3350259, 55.953589100000016 ], [ 37.3394677, 55.954827600000023 ], [ 37.3417992, 55.9559792 ], [ 37.3410173, 55.956562100000014 ], [ 37.3415703, 55.9568281 ], [ 37.3422581, 55.956574400000015 ], [ 37.3429914, 55.9564282 ], [ 37.34457050000001, 55.9564052 ], [ 37.3465836, 55.9565523 ], [ 37.3472722, 55.9566503 ], [ 37.3479284, 55.9567686 ], [ 37.348856300000016, 55.957011499999986 ], [ 37.349583200000019, 55.9572896 ], [ 37.3501948, 55.9569202 ], [ 37.347326800000012, 55.955326200000016 ], [ 37.346872, 55.9550128 ], [ 37.346543899999986, 55.954689 ], [ 37.346370100000016, 55.954319400000017 ], [ 37.346332300000014, 55.9538018 ], [ 37.346433800000021, 55.953622 ], [ 37.3469535, 55.9531035 ], [ 37.348819, 55.951894800000019 ], [ 37.3503876, 55.952475 ], [ 37.3521331, 55.9514894 ], [ 37.3522221, 55.9515215 ], [ 37.3529704, 55.951256700000023 ], [ 37.353492600000024, 55.9511259 ], [ 37.35485820000001, 55.9516785 ], [ 37.3559258, 55.953501800000012 ], [ 37.357970400000021, 55.9531424 ], [ 37.358176600000014, 55.953476900000013 ], [ 37.3582186, 55.9536424 ], [ 37.3581575, 55.9536839 ], [ 37.358220399999986, 55.9537079 ], [ 37.3581129, 55.953906800000013 ], [ 37.357866600000015, 55.9540206 ], [ 37.3579264, 55.954079400000019 ], [ 37.3578034, 55.954081600000023 ], [ 37.3578621, 55.954119800000015 ], [ 37.35778040000001, 55.9542537 ], [ 37.357813500000013, 55.9543558 ], [ 37.3577073, 55.954484 ], [ 37.3579602, 55.9545396 ], [ 37.3584023, 55.954555 ], [ 37.358297300000018, 55.954620800000015 ], [ 37.3579487, 55.954662200000016 ], [ 37.3579229, 55.954734 ], [ 37.358258500000012, 55.9547167 ], [ 37.3586545, 55.9547919 ], [ 37.35869430000001, 55.954754300000019 ], [ 37.3586111, 55.9547189 ], [ 37.3592083, 55.9547835 ], [ 37.3582748, 55.955281500000012 ], [ 37.358211, 55.955642300000015 ], [ 37.359446899999988, 55.955971199999986 ], [ 37.3719719, 55.956138200000019 ], [ 37.3764282, 55.9554344 ], [ 37.37583690000001, 55.9547831 ], [ 37.3753774, 55.95458270000001 ], [ 37.3752272, 55.954384900000015 ], [ 37.3752139, 55.9540411 ], [ 37.3753023, 55.9537343 ], [ 37.3755478, 55.953549700000018 ], [ 37.3763446, 55.9531316 ], [ 37.376462600000011, 55.95295740000001 ], [ 37.3778895, 55.952254600000018 ], [ 37.3797778, 55.9515999 ], [ 37.3811618, 55.9510052 ], [ 37.3816768, 55.950861 ], [ 37.3821274, 55.950837 ], [ 37.3829013, 55.9510149 ], [ 37.3832545, 55.951155900000018 ], [ 37.383545100000013, 55.951309200000011 ], [ 37.3836674, 55.9515413 ], [ 37.383588, 55.9517237 ], [ 37.383371, 55.951873200000016 ], [ 37.3828667, 55.9524379 ], [ 37.3828799, 55.952720900000024 ], [ 37.383319800000017, 55.9529551 ], [ 37.3847345, 55.9532037 ], [ 37.385281700000014, 55.9531977 ], [ 37.3860649, 55.9528854 ], [ 37.3863653, 55.952861300000016 ], [ 37.3872558, 55.9532338 ], [ 37.3876206, 55.9533299 ], [ 37.3881892, 55.9532758 ], [ 37.3892192, 55.9530836 ], [ 37.3895625, 55.952813300000017 ], [ 37.389347900000011, 55.952555 ], [ 37.3893801, 55.9523207 ], [ 37.3899058, 55.9520804 ], [ 37.3902599, 55.9519903 ], [ 37.39144, 55.952164500000023 ], [ 37.3916546, 55.9522787 ], [ 37.3923413, 55.9523147 ], [ 37.3925237, 55.9522977 ], [ 37.392791900000013, 55.952272700000016 ], [ 37.3930494, 55.9521225 ], [ 37.3931781, 55.951840200000028 ], [ 37.39313520000001, 55.951593900000027 ], [ 37.392985, 55.951287500000014 ], [ 37.392032, 55.950833 ], [ 37.391887100000019, 55.9507314 ], [ 37.3917423, 55.9505014 ], [ 37.3916997, 55.9500016 ], [ 37.391901400000016, 55.9497076 ], [ 37.391922800000017, 55.9493712 ], [ 37.39242710000002, 55.948992799999985 ], [ 37.3928777, 55.948770500000016 ], [ 37.3931879, 55.948705 ], [ 37.3938969, 55.948686400000021 ], [ 37.3941759, 55.9486383 ], [ 37.3945943, 55.948704400000011 ], [ 37.395613600000011, 55.948986800000021 ], [ 37.3977392, 55.949643400000014 ], [ 37.398757100000012, 55.949789600000024 ], [ 37.3996168, 55.9500038 ], [ 37.4005502, 55.9500639 ], [ 37.40134410000001, 55.95034620000002 ], [ 37.4018806, 55.9503042 ], [ 37.4038439, 55.950838800000014 ], [ 37.4045091, 55.950814800000025 ], [ 37.4051958, 55.9509109 ], [ 37.4057759, 55.9510598 ], [ 37.406194600000013, 55.9512395 ], [ 37.4064719, 55.95149 ], [ 37.406677400000021, 55.9515038 ], [ 37.4070636, 55.9513536 ], [ 37.407396200000015, 55.9513416 ], [ 37.4079652, 55.9516702 ], [ 37.407964, 55.9519787 ], [ 37.408232, 55.9524367 ], [ 37.4086411, 55.952767600000016 ], [ 37.4085646, 55.952965300000017 ], [ 37.4082637, 55.9530285 ], [ 37.4078199, 55.952919799999989 ], [ 37.4074336, 55.953088 ], [ 37.4074765, 55.9533538 ], [ 37.4078349, 55.9534705 ], [ 37.4081473, 55.953911200000022 ], [ 37.4085332, 55.9540089 ], [ 37.409076100000014, 55.95404150000001 ], [ 37.4097233, 55.9542052 ], [ 37.4102495, 55.9541785 ], [ 37.410538699999989, 55.9539984 ], [ 37.4107962, 55.9536501 ], [ 37.4107748, 55.9534038 ], [ 37.4110215, 55.953193599999985 ], [ 37.411375600000021, 55.9531635 ], [ 37.411901300000011, 55.953277600000021 ], [ 37.4121667, 55.953494700000014 ], [ 37.4120822, 55.953694700000014 ], [ 37.4120159, 55.9539129 ], [ 37.412405700000015, 55.953952 ], [ 37.4129474, 55.953884 ], [ 37.4131366, 55.953701800000012 ], [ 37.4132317, 55.9536671 ], [ 37.4134013, 55.953727500000014 ], [ 37.4133712, 55.9538353 ], [ 37.413207200000016, 55.9539421 ], [ 37.413164700000017, 55.9541128 ], [ 37.413276900000021, 55.9542512 ], [ 37.413864700000012, 55.954503 ], [ 37.4141114, 55.954539 ], [ 37.414984200000021, 55.9545385 ], [ 37.4153238, 55.95443090000002 ], [ 37.415828, 55.954418900000029 ], [ 37.4164181, 55.9543228 ], [ 37.4169009, 55.9538603 ], [ 37.4167903, 55.9535825 ], [ 37.4168366, 55.9534038 ], [ 37.417115500000016, 55.95328970000002 ], [ 37.4177271, 55.9533617 ], [ 37.4183386, 55.953199600000012 ], [ 37.418510300000015, 55.953271599999987 ], [ 37.41885360000002, 55.9532296 ], [ 37.4192398, 55.953277600000021 ], [ 37.4195999, 55.95321280000001 ], [ 37.4199157, 55.953031400000022 ], [ 37.4204582, 55.952516 ], [ 37.420452200000014, 55.952382600000014 ], [ 37.4199432, 55.9520115 ], [ 37.41998610000001, 55.951603 ], [ 37.42024360000002, 55.9515309 ], [ 37.421059, 55.951579 ], [ 37.42159980000001, 55.951516500000011 ], [ 37.4224581, 55.951314600000011 ], [ 37.421783200000014, 55.9502361 ], [ 37.420707600000014, 55.9497164 ], [ 37.4211368, 55.9474815 ], [ 37.4208886, 55.947199500000011 ], [ 37.4192998, 55.9466966 ], [ 37.416802100000012, 55.94674 ], [ 37.4161889, 55.9465422 ], [ 37.415558, 55.945760499999984 ], [ 37.410366700000019, 55.945258 ], [ 37.4085786, 55.9427713 ], [ 37.4082011, 55.941473100000017 ], [ 37.408422800000011, 55.9411325 ], [ 37.4081273, 55.940941799999983 ], [ 37.40821230000001, 55.940694100000023 ], [ 37.4074528, 55.939854 ], [ 37.40771980000001, 55.9392932 ], [ 37.4066636, 55.939028 ], [ 37.4071086, 55.9367098 ], [ 37.4076939, 55.9349865 ], [ 37.407621500000012, 55.934809600000023 ], [ 37.40766880000001, 55.93469140000002 ], [ 37.4094668, 55.9330226 ], [ 37.410167900000012, 55.9319133 ], [ 37.4098611, 55.9314065 ], [ 37.410189, 55.9306926 ], [ 37.410162200000016, 55.9304426 ], [ 37.40942720000001, 55.9296377 ], [ 37.407746600000017, 55.9290304 ], [ 37.4078184, 55.9288078 ], [ 37.408549900000011, 55.928525300000018 ], [ 37.4102691, 55.9272063 ], [ 37.410624800000022, 55.925248 ], [ 37.408413400000015, 55.9241346 ], [ 37.3968464, 55.9261701 ], [ 37.3943312, 55.922657600000015 ], [ 37.393778, 55.9215602 ], [ 37.393851, 55.9211355 ], [ 37.394935899999986, 55.9193292 ], [ 37.398713, 55.9166177 ], [ 37.3957806, 55.9154976 ], [ 37.395266500000012, 55.9152311 ], [ 37.3946665, 55.9146981 ], [ 37.3942619, 55.914487600000029 ], [ 37.390017800000017, 55.912844300000017 ], [ 37.3901597, 55.9127209 ], [ 37.3902377, 55.9126489 ], [ 37.3901627, 55.912563100000014 ], [ 37.390130200000016, 55.912406600000011 ], [ 37.3900948, 55.910912400000015 ], [ 37.3900942, 55.9107959 ], [ 37.390016400000022, 55.90835280000001 ], [ 37.3899912, 55.907411700000011 ], [ 37.38995520000001, 55.90625270000001 ], [ 37.389911, 55.9047974 ], [ 37.38990780000001, 55.9046047 ], [ 37.389917100000012, 55.9043205 ], [ 37.3899354, 55.9040539 ], [ 37.3899733, 55.9038314 ], [ 37.3901046, 55.9035653 ], [ 37.3902275, 55.9033576 ], [ 37.390428900000011, 55.903119200000013 ], [ 37.3908955, 55.902779800000012 ], [ 37.3913797, 55.902464500000022 ], [ 37.391995700000017, 55.9022351 ], [ 37.392392700000016, 55.9021208 ], [ 37.392854, 55.902006500000013 ], [ 37.3950441, 55.901700400000017 ], [ 37.3959938, 55.90157540000002 ], [ 37.3972208, 55.9014305 ], [ 37.398245, 55.9016076 ], [ 37.3983952, 55.9015896 ], [ 37.3992913, 55.9007554 ], [ 37.4003749, 55.89870430000002 ], [ 37.400568, 55.8983494 ], [ 37.400591700000021, 55.8982942 ], [ 37.4008019, 55.8978972 ], [ 37.4028761, 55.89421220000002 ], [ 37.4039089, 55.892684600000024 ], [ 37.403977100000013, 55.8924969 ], [ 37.4040876, 55.892281100000019 ], [ 37.404181600000022, 55.892069500000012 ], [ 37.4042425, 55.8918433 ], [ 37.4043041, 55.891621 ], [ 37.4043932, 55.8912228 ], [ 37.4043979, 55.8911809 ], [ 37.4040278, 55.888616900000017 ], [ 37.40406, 55.8881899 ], [ 37.404093, 55.8879124 ], [ 37.4041625, 55.8876807 ], [ 37.4042239, 55.887521300000017 ], [ 37.4043848, 55.887291600000012 ], [ 37.404509499999989, 55.887104 ], [ 37.404616, 55.8869621 ], [ 37.4047271, 55.8868034 ], [ 37.4048951, 55.886655900000015 ], [ 37.405053400000014, 55.886516200000017 ], [ 37.4052901, 55.886386300000012 ], [ 37.4055779, 55.886234800000011 ], [ 37.4062888, 55.8859318 ], [ 37.40695460000002, 55.885688 ], [ 37.4093978, 55.8849173 ], [ 37.4094205, 55.8806876 ], [ 37.4104313, 55.880302 ], [ 37.41493160000001, 55.879310800000013 ], [ 37.4141258, 55.8790939 ], [ 37.414373500000018, 55.8788674 ], [ 37.415518499999983, 55.879189 ], [ 37.4156599, 55.879143600000013 ], [ 37.4171635, 55.8783095 ], [ 37.421155200000015, 55.8783224 ], [ 37.4211622, 55.8779213 ], [ 37.423722100000013, 55.8777174 ], [ 37.4240955, 55.8780005 ], [ 37.42429340000001, 55.877938300000011 ], [ 37.4245191, 55.877892 ], [ 37.424789200000014, 55.8778242 ], [ 37.4250347, 55.877758100000015 ], [ 37.425370600000015, 55.877674400000011 ], [ 37.4255983, 55.8776108 ], [ 37.42583430000002, 55.8775513 ], [ 37.4259921, 55.8775194 ], [ 37.426191, 55.877482299999983 ], [ 37.426447500000023, 55.8774698 ], [ 37.426663500000011, 55.877464300000021 ], [ 37.4268608, 55.8774828 ], [ 37.42718570000001, 55.877533500000013 ], [ 37.42748850000001, 55.87758760000002 ], [ 37.427758599999983, 55.877637600000014 ], [ 37.4280269, 55.877693100000016 ], [ 37.428327, 55.8777561 ], [ 37.4286017, 55.8778089 ], [ 37.428852299999988, 55.8778702 ], [ 37.4291011, 55.8779347 ], [ 37.429395800000016, 55.8779913 ], [ 37.429600800000017, 55.878016500000015 ], [ 37.429795, 55.8780201 ], [ 37.430082, 55.8779762 ], [ 37.430356400000015, 55.8779234 ], [ 37.4306567, 55.8778797 ], [ 37.4309505, 55.8778512 ], [ 37.435472100000013, 55.8792636 ], [ 37.4364835, 55.8795786 ], [ 37.437495, 55.8798936 ], [ 37.438122300000011, 55.880086100000014 ], [ 37.440474500000015, 55.880821600000012 ], [ 37.440699800000012, 55.88094 ], [ 37.44087810000002, 55.8810357 ], [ 37.4410737, 55.8811416 ], [ 37.4412022, 55.8812258 ], [ 37.441351800000021, 55.8813548 ], [ 37.441454, 55.8814727 ], [ 37.4415135, 55.8815703 ], [ 37.441583700000017, 55.8816922 ], [ 37.4416353, 55.881800500000011 ], [ 37.4416972, 55.8819253 ], [ 37.441762, 55.882112800000016 ], [ 37.441827600000018, 55.8822815 ], [ 37.441882400000011, 55.8824265 ], [ 37.4419324, 55.882574800000015 ], [ 37.4419777, 55.88276310000002 ], [ 37.441986200000024, 55.882893199999984 ], [ 37.4419742, 55.88309610000001 ], [ 37.441984, 55.883263300000031 ], [ 37.441942900000015, 55.88333990000001 ], [ 37.4418526, 55.883507600000016 ], [ 37.441747600000014, 55.88362110000002 ], [ 37.4416519, 55.8837214 ], [ 37.441535299999984, 55.883839 ], [ 37.442418800000013, 55.8841651 ], [ 37.4425313, 55.884083400000016 ], [ 37.4426364, 55.8840123 ], [ 37.4428091, 55.883878199999984 ], [ 37.442962300000012, 55.883770400000017 ], [ 37.4429143, 55.88374970000001 ], [ 37.4437042, 55.883248 ], [ 37.4438177, 55.8831924 ], [ 37.4439641, 55.88314230000001 ], [ 37.4442815, 55.883083 ], [ 37.4445742, 55.883042 ], [ 37.444933, 55.8830177 ], [ 37.4451489, 55.883003600000016 ], [ 37.445405600000015, 55.882984 ], [ 37.445717400000014, 55.8829554 ], [ 37.4460873, 55.8829247 ], [ 37.44692850000002, 55.8828645 ], [ 37.44721490000002, 55.8828407 ], [ 37.4474656, 55.8828166 ], [ 37.447731100000013, 55.8827967 ], [ 37.44799050000001, 55.882788 ], [ 37.4483383, 55.8827739 ], [ 37.448729, 55.8827743 ], [ 37.450274100000023, 55.882861700000014 ], [ 37.454597400000011, 55.8830325 ], [ 37.4555653, 55.883203400000014 ], [ 37.4598799, 55.883204900000017 ], [ 37.4628321, 55.8832171 ], [ 37.464722600000016, 55.8834596 ], [ 37.467316600000018, 55.8837927 ], [ 37.4713061, 55.8846992 ], [ 37.473697, 55.885299200000013 ], [ 37.474534100000021, 55.884875100000016 ], [ 37.5125732, 55.868456 ], [ 37.51419460000001, 55.8676902 ], [ 37.547039200000022, 55.85352 ], [ 37.551078300000015, 55.8509592 ], [ 37.5551837, 55.848356300000013 ], [ 37.5544189, 55.848094 ], [ 37.5531875, 55.8476755 ], [ 37.5525097, 55.8474486 ], [ 37.551962600000017, 55.8472776 ], [ 37.551478, 55.847136 ], [ 37.551008400000015, 55.8470062 ], [ 37.550547, 55.846891600000021 ], [ 37.549952200000014, 55.846766200000012 ], [ 37.5470698, 55.8461761 ], [ 37.545181699999986, 55.845801100000024 ], [ 37.543937600000014, 55.8455366 ], [ 37.54349, 55.845444800000017 ], [ 37.542618700000013, 55.845234600000012 ], [ 37.5417027, 55.845046 ], [ 37.538865400000013, 55.8444393 ], [ 37.530467, 55.842703 ], [ 37.5246282, 55.841440600000013 ], [ 37.5237971, 55.841236700000024 ], [ 37.523079099999983, 55.8410372 ], [ 37.5223089, 55.84174580000002 ], [ 37.521936, 55.841612300000016 ], [ 37.520925600000012, 55.841259 ], [ 37.5208569, 55.8412407 ], [ 37.5207969, 55.84123360000001 ], [ 37.52073350000002, 55.8412315 ], [ 37.5206538, 55.841236600000023 ], [ 37.5205674, 55.8412474 ], [ 37.520240700000024, 55.84129260000001 ], [ 37.5198948, 55.841334100000019 ], [ 37.5195579, 55.8413627 ], [ 37.51935430000001, 55.841381300000016 ], [ 37.519267700000022, 55.8413831 ], [ 37.5191771, 55.841379 ], [ 37.5190873, 55.8413709 ], [ 37.518989500000018, 55.8413556 ], [ 37.518885400000016, 55.841330600000013 ], [ 37.518556400000016, 55.84125090000002 ], [ 37.518051900000017, 55.8411034 ], [ 37.5177518, 55.8409672 ], [ 37.517512900000021, 55.840804900000016 ], [ 37.5172379, 55.8404904 ], [ 37.5163679, 55.8395528 ], [ 37.514953500000011, 55.838028600000015 ], [ 37.5147441, 55.8379227 ], [ 37.514197, 55.837881700000018 ], [ 37.512652, 55.837766 ], [ 37.511111500000013, 55.837650600000018 ], [ 37.510956400000012, 55.837639 ], [ 37.5106422, 55.8376144 ], [ 37.5104748, 55.8376013 ], [ 37.510269100000023, 55.8375859 ], [ 37.5091408, 55.837496700000017 ], [ 37.5058174, 55.837236099999984 ], [ 37.505166, 55.8371906 ], [ 37.5047826, 55.837189800000019 ], [ 37.504946300000015, 55.8368721 ], [ 37.5053988, 55.8368426 ], [ 37.5055543, 55.8367207 ], [ 37.505746600000016, 55.836564700000018 ], [ 37.506012, 55.836339700000018 ], [ 37.506556700000012, 55.8358858 ], [ 37.5069229, 55.835581500000011 ], [ 37.507229300000013, 55.835215200000015 ], [ 37.5075327, 55.8347852 ], [ 37.507717, 55.834463500000012 ], [ 37.507794, 55.8343238 ], [ 37.5078906, 55.834123400000017 ], [ 37.5086762, 55.8332705 ], [ 37.508772700000023, 55.833139900000013 ], [ 37.508818100000013, 55.8329271 ], [ 37.5087503, 55.8327417 ], [ 37.5077793, 55.832093800000017 ], [ 37.5083616, 55.8318011 ], [ 37.5087557, 55.831591300000014 ], [ 37.5105003, 55.8306438 ], [ 37.5106989, 55.830531200000024 ], [ 37.51094830000001, 55.830359800000018 ], [ 37.5111358, 55.8301706 ], [ 37.5111728, 55.8301179 ], [ 37.511351400000017, 55.8299378 ], [ 37.511528900000023, 55.8298225 ], [ 37.512049100000013, 55.829511 ], [ 37.512317, 55.8293515 ], [ 37.5135055, 55.828640600000014 ], [ 37.5139004, 55.828403700000017 ], [ 37.5139678, 55.8283653 ], [ 37.5144141, 55.828099500000015 ], [ 37.514503, 55.8280466 ], [ 37.5149399, 55.827786400000022 ], [ 37.5149213, 55.8276951 ], [ 37.5148684, 55.827630400000018 ], [ 37.5147417, 55.8275607 ], [ 37.5145566, 55.8275128 ], [ 37.514351, 55.827457 ], [ 37.514391, 55.8274019 ], [ 37.51445180000001, 55.8273315 ], [ 37.5151388, 55.826470300000011 ], [ 37.515313200000016, 55.8262552 ], [ 37.5154048, 55.826138900000011 ], [ 37.515515800000017, 55.825998 ], [ 37.5156912, 55.825835400000017 ], [ 37.515719400000016, 55.8258009 ], [ 37.5180084, 55.8230099 ], [ 37.5181539, 55.8227912 ], [ 37.5182302, 55.822696 ], [ 37.5194885, 55.8213098 ], [ 37.5195652, 55.8211898 ], [ 37.519542, 55.8210487 ], [ 37.51785550000001, 55.8189323 ], [ 37.5178276, 55.8187227 ], [ 37.5178796, 55.818627500000019 ], [ 37.5217977, 55.8175514 ], [ 37.5212481, 55.8173026 ], [ 37.5207567, 55.817034900000024 ], [ 37.52035020000001, 55.8166936 ], [ 37.5199956, 55.8163548 ], [ 37.519767, 55.8161179 ], [ 37.5195835, 55.81596 ], [ 37.519451600000011, 55.815846400000012 ], [ 37.519497100000024, 55.8151739 ] ] ] ] } },
{ "type": "Feature", "properties": { "fid": 208, "okrug": 208, "wiki_name": "Город Москва - Центральный одномандатный избирательный округ ", "wiki_pop": 473354, "wiki_terr": "Центральный административный округ; Юго-Восточный административный округ (район Лефортово) ", "color": "#BBCF46", "2021_duma_oik196_Иванова": 0.0, "2021_duma_oik196_Крюков": 0.0, "2021_duma_oik196_Малинкович": 0.0, "2021_duma_oik196_Миронова": 0.0, "2021_duma_oik196_Рашкин": 0.0, "2021_duma_oik196_Рвачев": 0.0, "2021_duma_oik196_Стрельникова": 0.0, "2021_duma_oik196_Тарасов": 0.0, "2021_duma_oik196_Федоров": 0.0, "2021_duma_oik196_Янков": 0.0, "2021_duma_oik196_явка": 0.0, "2021_duma_oik196_недействительные": 0.0, "2021_duma_oik197_Гончаров": 0.0, "2021_duma_oik197_Горшкова": 0.0, "2021_duma_oik197_Лобанов": 0.0, "2021_duma_oik197_Меньшиков": 0.0, "2021_duma_oik197_Митина": 0.0, "2021_duma_oik197_Попов": 0.0, "2021_duma_oik197_Раменский": 0.0, "2021_duma_oik197_Соболев": 0.0, "2021_duma_oik197_Тарнавский": 0.0, "2021_duma_oik197_явка": 0.0, "2021_duma_oik197_недействительные": 0.0, "2021_duma_oik198_Брюханова": 0.0, "2021_duma_oik198_Власов": 0.0, "2021_duma_oik198_Голуенко": 0.0, "2021_duma_oik198_Звягинцев": 0.0, "2021_duma_oik198_Катаев": 0.0, "2021_duma_oik198_Литвинович": 0.0, "2021_duma_oik198_Мельников": 0.0, "2021_duma_oik198_Тарбаев": 0.0, "2021_duma_oik198_Хованская": 0.0, "2021_duma_oik198_явка": 0.0, "2021_duma_oik198_недействительные": 0.0, "2021_duma_oik199_Гулина": 0.0, "2021_duma_oik199_Гуличева": 0.0, "2021_duma_oik199_Катков": 0.0, "2021_duma_oik199_Киселёв": 0.0, "2021_duma_oik199_Кульнев": 0.0, "2021_duma_oik199_Прохоренкова": 0.0, "2021_duma_oik199_Рашкин": 0.0, "2021_duma_oik199_Тарасов": 0.0, "2021_duma_oik199_Толстой": 0.0, "2021_duma_oik199_Шах": 0.0, "2021_duma_oik199_Шоладеми": 0.0, "2021_duma_oik199_явка": 0.0, "2021_duma_oik199_недействительные": 0.0, "2021_duma_oik200_Бабушкин": 0.0, "2021_duma_oik200_Вельмакин": 0.0, "2021_duma_oik200_Загребной": 0.0, "2021_duma_oik200_Запотылок": 0.0, "2021_duma_oik200_Орлов": 0.0, "2021_duma_oik200_Парфенов": 0.0, "2021_duma_oik200_Певцов": 0.0, "2021_duma_oik200_Степкин": 0.0, "2021_duma_oik200_явка": 0.0, "2021_duma_oik200_недействительные": 0.0, "2021_duma_oik201_Гаспарян": 0.0, "2021_duma_oik201_Демин": 0.0, "2021_duma_oik201_Куликов": 0.0, "2021_duma_oik201_Разворотнева": 0.0, "2021_duma_oik201_Туманов": 0.0, "2021_duma_oik201_Удалова": 0.0, "2021_duma_oik201_Удальцова": 0.0, "2021_duma_oik201_Черников": 0.0, "2021_duma_oik201_явка": 0.0, "2021_duma_oik201_недействительные": 0.0, "2021_duma_oik202_Гершберг": 0.0, "2021_duma_oik202_Лапшов": 0.0, "2021_duma_oik202_Махницкий": 0.0, "2021_duma_oik202_Михайловский": 0.0, "2021_duma_oik202_Муратова": 0.0, "2021_duma_oik202_Придорожный": 0.0, "2021_duma_oik202_Саблин": 0.0, "2021_duma_oik202_Сиднев": 0.0, "2021_duma_oik202_Суханов": 0.0, "2021_duma_oik202_явка": 0.0, "2021_duma_oik202_недействительные": 0.0, "2021_duma_oik203_Казенков": 0.0, "2021_duma_oik203_Нифантьев": 0.0, "2021_duma_oik203_Пенкин": 0.0, "2021_duma_oik203_Петров": 0.0, "2021_duma_oik203_Смолич": 0.0, "2021_duma_oik203_Турушев": 0.0, "2021_duma_oik203_Шлямина": 0.0, "2021_duma_oik203_Шушлебина": 0.0, "2021_duma_oik203_Юдин": 0.0, "2021_duma_oik203_явка": 0.0, "2021_duma_oik203_недействительные": 0.0, "2021_duma_oik204_Дворак": 0.0, "2021_duma_oik204_Доможирова": 0.0, "2021_duma_oik204_Игнатьев": 0.0, "2021_duma_oik204_Измайлов": 0.0, "2021_duma_oik204_Кавказский": 0.0, "2021_duma_oik204_Курганов": 0.0, "2021_duma_oik204_Курганский": 0.0, "2021_duma_oik204_Монахов": 0.0, "2021_duma_oik204_Пресняков": 0.0, "2021_duma_oik204_Проханов": 0.0, "2021_duma_oik204_Шувалов": 0.0, "2021_duma_oik204_Яшин": 0.0, "2021_duma_oik204_явка": 0.0, "2021_duma_oik204_недействительные": 0.0, "2021_duma_oik205_Демченко": 0.0, "2021_duma_oik205_Загордан": 0.0, "2021_duma_oik205_Ищенко": 0.0, "2021_duma_oik205_Корягина": 0.0, "2021_duma_oik205_Костычева": 0.0, "2021_duma_oik205_Медведев": 0.0, "2021_duma_oik205_Обухов": 0.0, "2021_duma_oik205_Попова": 0.0, "2021_duma_oik205_Сидоров": 0.0, "2021_duma_oik205_явка": 0.0, "2021_duma_oik205_недействительные": 0.0, "2021_duma_oik206_Васильев": 0.0, "2021_duma_oik206_Гребенник": 0.0, "2021_duma_oik206_Иванова": 0.0, "2021_duma_oik206_Копкина": 0.0, "2021_duma_oik206_Мажуга": 0.0, "2021_duma_oik206_Мишарин": 0.0, "2021_duma_oik206_Пономарев": 0.0, "2021_duma_oik206_Цыба": 0.0, "2021_duma_oik206_явка": 0.0, "2021_duma_oik206_недействительные": 0.0, "2021_duma_oik207_Макаренко": 0.0, "2021_duma_oik207_Милованов": 0.0, "2021_duma_oik207_Павлинов": 0.0, "2021_duma_oik207_Пангаев": 0.0, "2021_duma_oik207_Серафонтов": 0.0, "2021_duma_oik207_Соловьев": 0.0, "2021_duma_oik207_Ульянов": 0.0, "2021_duma_oik207_Ульянченко": 0.0, "2021_duma_oik207_Хазин": 0.0, "2021_duma_oik207_Юрченко": 0.0, "2021_duma_oik207_явка": 0.0, "2021_duma_oik207_недействительные": 0.0, "2021_duma_oik208_Кошлаков-Крестовский": 5.28, "2021_duma_oik208_Леонов": 26.28, "2021_duma_oik208_Митрохин": 21.85, "2021_duma_oik208_Останина": 10.12, "2021_duma_oik208_Хараидзе": 2.63, "2021_duma_oik208_Шевченко": 6.38, "2021_duma_oik208_Широков": 6.37, "2021_duma_oik208_Юшин": 1.05, "2021_duma_oik208_Якубович": 1.93, "2021_duma_oik208_Яндиев": 5.93, "2021_duma_oik208_явка": 46.03, "2021_duma_oik208_недействительные": 2.5, "2021_duma_oik209_Волков": 0.0, "2021_duma_oik209_Ильин": 0.0, "2021_duma_oik209_Максимов": 0.0, "2021_duma_oik209_Николаев": 0.0, "2021_duma_oik209_Палюлин": 0.0, "2021_duma_oik209_Румянцев": 0.0, "2021_duma_oik209_Чирков": 0.0, "2021_duma_oik209_Шупеня": 0.0, "2021_duma_oik209_явка": 0.0, "2021_duma_oik209_недействительные": 0.0, "2021_duma_oik210_Буткеев": 0.0, "2021_duma_oik210_Коршунков": 0.0, "2021_duma_oik210_Крапухин": 0.0, "2021_duma_oik210_Начевский": 0.0, "2021_duma_oik210_Романенко": 0.0, "2021_duma_oik210_Смитиенко": 0.0, "2021_duma_oik210_Таранцов": 0.0, "2021_duma_oik210_Таращанский": 0.0, "2021_duma_oik210_Яцевский": 0.0, "2021_duma_oik210_явка": 0.0, "2021_duma_oik210_недействительные": 0.0, "2021_duma_oik196_Иванова_party": null, "2021_duma_oik196_Крюков_party": null, "2021_duma_oik196_Малинкович_party": null, "2021_duma_oik196_Миронова_party": null, "2021_duma_oik196_Рашкин_party": null, "2021_duma_oik196_Рвачев_party": null, "2021_duma_oik196_Стрельникова_party": null, "2021_duma_oik196_Тарасов_party": null, "2021_duma_oik196_Федоров_party": null, "2021_duma_oik196_Янков_party": null, "2021_duma_oik196_явка_party": null, "2021_duma_oik196_недействительные_party": null, "2021_duma_oik197_Гончаров_party": null, "2021_duma_oik197_Горшкова_party": null, "2021_duma_oik197_Лобанов_party": null, "2021_duma_oik197_Меньшиков_party": null, "2021_duma_oik197_Митина_party": null, "2021_duma_oik197_Попов_party": null, "2021_duma_oik197_Раменский_party": null, "2021_duma_oik197_Соболев_party": null, "2021_duma_oik197_Тарнавский_party": null, "2021_duma_oik197_явка_party": null, "2021_duma_oik197_недействительные_party": null, "2021_duma_oik198_Брюханова_party": null, "2021_duma_oik198_Власов_party": null, "2021_duma_oik198_Голуенко_party": null, "2021_duma_oik198_Звягинцев_party": null, "2021_duma_oik198_Катаев_party": null, "2021_duma_oik198_Литвинович_party": null, "2021_duma_oik198_Мельников_party": null, "2021_duma_oik198_Тарбаев_party": null, "2021_duma_oik198_Хованская_party": null, "2021_duma_oik198_явка_party": null, "2021_duma_oik198_недействительные_party": null, "2021_duma_oik199_Гулина_party": null, "2021_duma_oik199_Гуличева_party": null, "2021_duma_oik199_Катков_party": null, "2021_duma_oik199_Киселёв_party": null, "2021_duma_oik199_Кульнев_party": null, "2021_duma_oik199_Прохоренкова_party": null, "2021_duma_oik199_Рашкин_party": null, "2021_duma_oik199_Тарасов_party": null, "2021_duma_oik199_Толстой_party": null, "2021_duma_oik199_Шах_party": null, "2021_duma_oik199_Шоладеми_party": null, "2021_duma_oik199_явка_party": null, "2021_duma_oik199_недействительные_party": null, "2021_duma_oik200_Бабушкин_party": null, "2021_duma_oik200_Вельмакин_party": null, "2021_duma_oik200_Загребной_party": null, "2021_duma_oik200_Запотылок_party": null, "2021_duma_oik200_Орлов_party": null, "2021_duma_oik200_Парфенов_party": null, "2021_duma_oik200_Певцов_party": null, "2021_duma_oik200_Степкин_party": null, "2021_duma_oik200_явка_party": null, "2021_duma_oik200_недействительные_party": null, "2021_duma_oik201_Гаспарян_party": null, "2021_duma_oik201_Демин_party": null, "2021_duma_oik201_Куликов_party": null, "2021_duma_oik201_Разворотнева_party": null, "2021_duma_oik201_Туманов_party": null, "2021_duma_oik201_Удалова_party": null, "2021_duma_oik201_Удальцова_party": null, "2021_duma_oik201_Черников_party": null, "2021_duma_oik201_явка_party": null, "2021_duma_oik201_недействительные_party": null, "2021_duma_oik202_Гершберг_party": null, "2021_duma_oik202_Лапшов_party": null, "2021_duma_oik202_Махницкий_party": null, "2021_duma_oik202_Михайловский_party": null, "2021_duma_oik202_Муратова_party": null, "2021_duma_oik202_Придорожный_party": null, "2021_duma_oik202_Саблин_party": null, "2021_duma_oik202_Сиднев_party": null, "2021_duma_oik202_Суханов_party": null, "2021_duma_oik202_явка_party": null, "2021_duma_oik202_недействительные_party": null, "2021_duma_oik203_Казенков_party": null, "2021_duma_oik203_Нифантьев_party": null, "2021_duma_oik203_Пенкин_party": null, "2021_duma_oik203_Петров_party": null, "2021_duma_oik203_Смолич_party": null, "2021_duma_oik203_Турушев_party": null, "2021_duma_oik203_Шлямина_party": null, "2021_duma_oik203_Шушлебина_party": null, "2021_duma_oik203_Юдин_party": null, "2021_duma_oik203_явка_party": null, "2021_duma_oik203_недействительные_party": null, "2021_duma_oik204_Дворак_party": null, "2021_duma_oik204_Доможирова_party": null, "2021_duma_oik204_Игнатьев_party": null, "2021_duma_oik204_Измайлов_party": null, "2021_duma_oik204_Кавказский_party": null, "2021_duma_oik204_Курганов_party": null, "2021_duma_oik204_Курганский_party": null, "2021_duma_oik204_Монахов_party": null, "2021_duma_oik204_Пресняков_party": null, "2021_duma_oik204_Проханов_party": null, "2021_duma_oik204_Шувалов_party": null, "2021_duma_oik204_Яшин_party": null, "2021_duma_oik204_явка_party": null, "2021_duma_oik204_недействительные_party": null, "2021_duma_oik205_Демченко_party": null, "2021_duma_oik205_Загордан_party": null, "2021_duma_oik205_Ищенко_party": null, "2021_duma_oik205_Корягина_party": null, "2021_duma_oik205_Костычева_party": null, "2021_duma_oik205_Медведев_party": null, "2021_duma_oik205_Обухов_party": null, "2021_duma_oik205_Попова_party": null, "2021_duma_oik205_Сидоров_party": null, "2021_duma_oik205_явка_party": null, "2021_duma_oik205_недействительные_party": null, "2021_duma_oik206_Васильев_party": null, "2021_duma_oik206_Гребенник_party": null, "2021_duma_oik206_Иванова_party": null, "2021_duma_oik206_Копкина_party": null, "2021_duma_oik206_Мажуга_party": null, "2021_duma_oik206_Мишарин_party": null, "2021_duma_oik206_Пономарев_party": null, "2021_duma_oik206_Цыба_party": null, "2021_duma_oik206_явка_party": null, "2021_duma_oik206_недействительные_party": null, "2021_duma_oik207_Макаренко_party": null, "2021_duma_oik207_Милованов_party": null, "2021_duma_oik207_Павлинов_party": null, "2021_duma_oik207_Пангаев_party": null, "2021_duma_oik207_Серафонтов_party": null, "2021_duma_oik207_Соловьев_party": null, "2021_duma_oik207_Ульянов_party": null, "2021_duma_oik207_Ульянченко_party": null, "2021_duma_oik207_Хазин_party": null, "2021_duma_oik207_Юрченко_party": null, "2021_duma_oik207_явка_party": null, "2021_duma_oik207_недействительные_party": null, "2021_duma_oik208_Кошлаков-Крестовский_party": "Неизвестно", "2021_duma_oik208_Леонов_party": "Самовыдвижение", "2021_duma_oik208_Митрохин_party": "Яблоко", "2021_duma_oik208_Останина_party": "КПРФ", "2021_duma_oik208_Хараидзе_party": "Зеленая альтернатива", "2021_duma_oik208_Шевченко_party": "Партия свободы и справедливости", "2021_duma_oik208_Широков_party": "Партия пенсионеров", "2021_duma_oik208_Юшин_party": "Гражданская Платформа", "2021_duma_oik208_Якубович_party": "Партия Роста", "2021_duma_oik208_Яндиев_party": "Справедливая Россия", "2021_duma_oik208_явка_party": "Неизвестно", "2021_duma_oik208_недействительные_party": "Неизвестно", "2021_duma_oik209_Волков_party": null, "2021_duma_oik209_Ильин_party": null, "2021_duma_oik209_Максимов_party": null, "2021_duma_oik209_Николаев_party": null, "2021_duma_oik209_Палюлин_party": null, "2021_duma_oik209_Румянцев_party": null, "2021_duma_oik209_Чирков_party": null, "2021_duma_oik209_Шупеня_party": null, "2021_duma_oik209_явка_party": null, "2021_duma_oik209_недействительные_party": null, "2021_duma_oik210_Буткеев_party": null, "2021_duma_oik210_Коршунков_party": null, "2021_duma_oik210_Крапухин_party": null, "2021_duma_oik210_Начевский_party": null, "2021_duma_oik210_Романенко_party": null, "2021_duma_oik210_Смитиенко_party": null, "2021_duma_oik210_Таранцов_party": null, "2021_duma_oik210_Таращанский_party": null, "2021_duma_oik210_Яцевский_party": null, "2021_duma_oik210_явка_party": null, "2021_duma_oik210_недействительные_party": null }, "geometry": { "type": "MultiPolygon", "coordinates": [ [ [ [ 37.6460349, 55.7295169 ], [ 37.6459446, 55.729399700000023 ], [ 37.6455742, 55.7289149 ], [ 37.644943, 55.7280768 ], [ 37.6449111, 55.728011900000013 ], [ 37.6448981, 55.7279684 ], [ 37.644879800000012, 55.7278566 ], [ 37.6445183, 55.726066399999986 ], [ 37.644438800000025, 55.72567260000001 ], [ 37.644377500000019, 55.725368700000011 ], [ 37.644104200000015, 55.724015 ], [ 37.6440761, 55.723875899999989 ], [ 37.6440667, 55.7238281 ], [ 37.6440595, 55.7237913 ], [ 37.6440464, 55.7237262 ], [ 37.6440315, 55.7236516 ], [ 37.6439921, 55.7234757 ], [ 37.6438086, 55.722621400000016 ], [ 37.6437423, 55.722403800000016 ], [ 37.6434013, 55.722382 ], [ 37.643165300000014, 55.72234610000001 ], [ 37.6419128, 55.722198400000018 ], [ 37.641761, 55.722198400000018 ], [ 37.6416361, 55.7222386 ], [ 37.6412598, 55.7224626 ], [ 37.6407229, 55.7226704 ], [ 37.6399537, 55.7228978 ], [ 37.639802400000015, 55.7229326 ], [ 37.6390844, 55.7230889 ], [ 37.638597400000016, 55.7231871 ], [ 37.638372700000012, 55.723221600000016 ], [ 37.6381535, 55.72326540000001 ], [ 37.637219200000018, 55.7234379 ], [ 37.6366645, 55.7235295 ], [ 37.636461300000022, 55.72352930000001 ], [ 37.636411400000021, 55.7233762 ], [ 37.6364024, 55.7233539 ], [ 37.6361365, 55.722678100000017 ], [ 37.6361083, 55.722615500000011 ], [ 37.6359731, 55.72231470000002 ], [ 37.635839, 55.722016100000019 ], [ 37.6357502, 55.722034300000011 ], [ 37.6343872, 55.7223138 ], [ 37.6340323, 55.7223866 ], [ 37.6337153, 55.722454100000022 ], [ 37.6330891, 55.7225841 ], [ 37.6315353, 55.7221801 ], [ 37.631405800000017, 55.7221496 ], [ 37.6311221, 55.7220819 ], [ 37.6302229, 55.7218748 ], [ 37.629723, 55.72176540000001 ], [ 37.6278928, 55.721364900000012 ], [ 37.6276275, 55.721336600000015 ], [ 37.627199, 55.7212947 ], [ 37.6268216, 55.7212762 ], [ 37.6257065, 55.721197 ], [ 37.623938400000014, 55.7210537 ], [ 37.6238064, 55.7210448 ], [ 37.623585499999983, 55.721025 ], [ 37.6225805, 55.720932 ], [ 37.622397800000023, 55.720903 ], [ 37.622249, 55.7208828 ], [ 37.6221841, 55.720874 ], [ 37.617895300000015, 55.720296 ], [ 37.617858400000024, 55.720291300000014 ], [ 37.61777, 55.7202801 ], [ 37.61754590000001, 55.72026 ], [ 37.6174078, 55.720247600000015 ], [ 37.6169636, 55.7202079 ], [ 37.6156714, 55.720098400000019 ], [ 37.615568, 55.720090100000014 ], [ 37.6150389, 55.7205632 ], [ 37.614413400000011, 55.720995700000017 ], [ 37.614171800000015, 55.7210897 ], [ 37.6122072, 55.7212568 ], [ 37.6120046, 55.721274 ], [ 37.6111437, 55.721346500000017 ], [ 37.6103207, 55.7214157 ], [ 37.6101739, 55.7214281 ], [ 37.61005260000001, 55.7211338 ], [ 37.609765100000011, 55.7203947 ], [ 37.609403, 55.7194792 ], [ 37.6090482, 55.719545199999985 ], [ 37.6072671, 55.71988420000001 ], [ 37.606704200000017, 55.7199909 ], [ 37.6053873, 55.72025150000001 ], [ 37.605262200000013, 55.7202755 ], [ 37.6051458, 55.7202975 ], [ 37.603434900000025, 55.7206447 ], [ 37.6022736, 55.720885800000012 ], [ 37.6018149, 55.720981 ], [ 37.6014907, 55.7210483 ], [ 37.601438700000024, 55.721061700000014 ], [ 37.600700400000015, 55.7212568 ], [ 37.600469, 55.7213112 ], [ 37.600379700000012, 55.7213488 ], [ 37.5981281, 55.7198467 ], [ 37.597493700000022, 55.7201418 ], [ 37.5972368, 55.719963200000016 ], [ 37.5968554, 55.720130300000015 ], [ 37.5968012, 55.7200931 ], [ 37.595993, 55.71955590000001 ], [ 37.5956569, 55.7193566 ], [ 37.594083800000021, 55.71832520000001 ], [ 37.5925649, 55.719146 ], [ 37.592618500000015, 55.719405900000012 ], [ 37.5929726, 55.7195751 ], [ 37.592818399999985, 55.7196453 ], [ 37.592747299999985, 55.719671800000022 ], [ 37.5927146, 55.719686 ], [ 37.5922285, 55.7194285 ], [ 37.592132700000015, 55.718827800000014 ], [ 37.591429500000011, 55.7183866 ], [ 37.5913879, 55.7183549 ], [ 37.5907951, 55.717873 ], [ 37.5907888, 55.717812400000014 ], [ 37.5916661, 55.7174589 ], [ 37.592504700000013, 55.7170205 ], [ 37.5924676, 55.717001100000019 ], [ 37.5925442, 55.716954700000024 ], [ 37.5925773, 55.716972 ], [ 37.5926713, 55.716870600000014 ], [ 37.5919057, 55.7163791 ], [ 37.591720700000018, 55.716448300000017 ], [ 37.5906915, 55.715686600000019 ], [ 37.590503700000021, 55.7157456 ], [ 37.589951, 55.715335200000013 ], [ 37.5879827, 55.7139395 ], [ 37.5884454, 55.713762800000019 ], [ 37.5879123, 55.7133267 ], [ 37.5878737, 55.713295100000011 ], [ 37.5883361, 55.71309590000002 ], [ 37.585594, 55.711091 ], [ 37.5854794, 55.7111405 ], [ 37.585428800000024, 55.7111634 ], [ 37.5853472, 55.7111972 ], [ 37.585232, 55.711248100000013 ], [ 37.585201800000014, 55.711226900000014 ], [ 37.585171, 55.711204100000018 ], [ 37.585101400000013, 55.7112334 ], [ 37.583925300000018, 55.711013800000011 ], [ 37.582786400000018, 55.711227900000011 ], [ 37.582267, 55.711034900000016 ], [ 37.5821396, 55.71099250000001 ], [ 37.581635300000023, 55.711348 ], [ 37.5794176, 55.7129556 ], [ 37.5776083, 55.7142058 ], [ 37.574928, 55.713117700000012 ], [ 37.569610100000013, 55.711617300000015 ], [ 37.5654006, 55.7107574 ], [ 37.56099540000001, 55.7103378 ], [ 37.55923210000001, 55.7102802 ], [ 37.5568729, 55.710342600000011 ], [ 37.552897, 55.7109726 ], [ 37.5485159, 55.7122628 ], [ 37.5459418, 55.713687 ], [ 37.5433307, 55.715617200000011 ], [ 37.5418853, 55.7175946 ], [ 37.5410812, 55.7201251 ], [ 37.5411815, 55.722055800000014 ], [ 37.5418635, 55.7240396 ], [ 37.5430747, 55.725566300000011 ], [ 37.5449026, 55.727055700000015 ], [ 37.5452203, 55.7271913 ], [ 37.547785600000012, 55.7280681 ], [ 37.54882880000001, 55.7284242 ], [ 37.5530345, 55.729946600000012 ], [ 37.5590625, 55.7330687 ], [ 37.5636326, 55.7350954 ], [ 37.565750300000012, 55.736401 ], [ 37.5683267, 55.7385525 ], [ 37.5730331, 55.743694300000016 ], [ 37.573891400000015, 55.7447089 ], [ 37.574133800000013, 55.745453600000012 ], [ 37.5744493, 55.7463273 ], [ 37.5744922, 55.7488635 ], [ 37.574020100000013, 55.7503369 ], [ 37.5730331, 55.751472 ], [ 37.5720599, 55.7520197 ], [ 37.5708015, 55.752727899999989 ], [ 37.5678832, 55.7533558 ], [ 37.5640208, 55.753597400000011 ], [ 37.5601783, 55.753078400000014 ], [ 37.5575617, 55.75239040000001 ], [ 37.5545352, 55.75143640000001 ], [ 37.5490434, 55.7489843 ], [ 37.5435502, 55.74652050000001 ], [ 37.5403745, 55.745457699999989 ], [ 37.536726700000017, 55.7446364 ], [ 37.5324042, 55.7443963 ], [ 37.527972, 55.7446122 ], [ 37.525568700000015, 55.7453369 ], [ 37.5236375, 55.7463273 ], [ 37.5225208, 55.747210600000017 ], [ 37.5220496, 55.747583400000011 ], [ 37.5203603, 55.749851700000015 ], [ 37.5202286, 55.750022200000025 ], [ 37.518502700000013, 55.752584600000013 ], [ 37.518144300000017, 55.7532109 ], [ 37.5176723, 55.7546358 ], [ 37.516299, 55.7568334 ], [ 37.514539400000011, 55.7580891 ], [ 37.5139298, 55.7584219 ], [ 37.5156656, 55.7590896 ], [ 37.5166317, 55.7594597 ], [ 37.5192742, 55.760470100000013 ], [ 37.5199265, 55.7607219 ], [ 37.5203849, 55.760897500000013 ], [ 37.520972900000011, 55.7611227 ], [ 37.5211675, 55.7612401 ], [ 37.521518600000014, 55.7613706 ], [ 37.5215895, 55.761393700000013 ], [ 37.5216603, 55.7614167 ], [ 37.5217311, 55.761439800000012 ], [ 37.5218019, 55.7614628 ], [ 37.5218309, 55.7614838 ], [ 37.521943500000013, 55.761509 ], [ 37.5225622, 55.761688400000011 ], [ 37.524285200000023, 55.759845900000023 ], [ 37.524388, 55.7598784 ], [ 37.525067100000015, 55.760108 ], [ 37.5256123, 55.760486800000017 ], [ 37.5264245, 55.7609237 ], [ 37.526778700000023, 55.761084700000012 ], [ 37.5268841, 55.76113520000002 ], [ 37.52834, 55.761758 ], [ 37.5288475, 55.7619751 ], [ 37.531822, 55.7632232 ], [ 37.5321189, 55.763371 ], [ 37.5322807, 55.763480900000012 ], [ 37.5331125, 55.7643565 ], [ 37.5335752, 55.764711 ], [ 37.5338649, 55.7648846 ], [ 37.534149199999987, 55.76510420000001 ], [ 37.5342927, 55.7653925 ], [ 37.5346224, 55.765901100000015 ], [ 37.534662, 55.766001300000013 ], [ 37.534727300000014, 55.766198 ], [ 37.536061, 55.766103900000012 ], [ 37.5362433, 55.767379700000014 ], [ 37.5366332, 55.7690651 ], [ 37.5372797, 55.769705 ], [ 37.5379231, 55.7703665 ], [ 37.5389633, 55.771128600000011 ], [ 37.540570100000011, 55.771953400000022 ], [ 37.541863200000016, 55.7724063 ], [ 37.5433979, 55.77279170000002 ], [ 37.544434, 55.772989 ], [ 37.5463871, 55.773105500000014 ], [ 37.5480891, 55.7731513 ], [ 37.549605900000024, 55.7732177 ], [ 37.5519166, 55.773408300000021 ], [ 37.555506200000011, 55.773843900000031 ], [ 37.5591717, 55.774222700000024 ], [ 37.566917299999986, 55.774996 ], [ 37.5710802, 55.775425800000029 ], [ 37.5731175, 55.7754707 ], [ 37.573687, 55.7754834 ], [ 37.575232600000021, 55.775520800000017 ], [ 37.5759936, 55.775608 ], [ 37.5767285, 55.7757524 ], [ 37.57746, 55.7759403 ], [ 37.5780999, 55.7761477 ], [ 37.579989700000013, 55.776927 ], [ 37.581095500000025, 55.7774318 ], [ 37.581307, 55.777537100000018 ], [ 37.5814517, 55.7776162 ], [ 37.581815700000014, 55.7778304 ], [ 37.5820182, 55.77796810000001 ], [ 37.5822436, 55.778111600000017 ], [ 37.5824559, 55.7782455 ], [ 37.582561200000022, 55.7783109 ], [ 37.582664600000015, 55.778369300000016 ], [ 37.5830726, 55.778599 ], [ 37.583253100000015, 55.778705400000021 ], [ 37.5834176, 55.7788162 ], [ 37.5837773, 55.7790639 ], [ 37.5839104, 55.779155500000016 ], [ 37.5840636, 55.7792697 ], [ 37.5845745, 55.779676600000023 ], [ 37.5847927, 55.7798664 ], [ 37.58499, 55.7801537 ], [ 37.585114200000014, 55.7803427 ], [ 37.5851959, 55.7804825 ], [ 37.5854437, 55.7810152 ], [ 37.5856655, 55.78161020000001 ], [ 37.5858464, 55.7820591 ], [ 37.585958499999983, 55.7823799 ], [ 37.5860669, 55.782700500000011 ], [ 37.5861245, 55.782891200000016 ], [ 37.586238900000019, 55.7832467 ], [ 37.5863399, 55.7835794 ], [ 37.5863873, 55.7837798 ], [ 37.5864445, 55.783981400000016 ], [ 37.5865997, 55.7844373 ], [ 37.5867569, 55.7849484 ], [ 37.5868414, 55.785238700000015 ], [ 37.586934900000024, 55.7855935 ], [ 37.587065200000019, 55.786053 ], [ 37.587417100000017, 55.787475500000014 ], [ 37.587563, 55.788056900000015 ], [ 37.58767630000002, 55.788639 ], [ 37.587869, 55.7897054 ], [ 37.5880303, 55.79023 ], [ 37.5881791, 55.79073970000001 ], [ 37.5883209, 55.791156600000015 ], [ 37.588492300000013, 55.791671800000017 ], [ 37.588633300000012, 55.7920566 ], [ 37.588229, 55.7923634 ], [ 37.587799700000012, 55.792636600000016 ], [ 37.588121500000014, 55.7926165 ], [ 37.58815220000001, 55.792599 ], [ 37.5881801, 55.7925867 ], [ 37.58821780000001, 55.792573800000021 ], [ 37.5882844, 55.7925625 ], [ 37.588904400000011, 55.7924632 ], [ 37.5891654, 55.7924206 ], [ 37.58924420000001, 55.7924117 ], [ 37.58932810000001, 55.792406700000015 ], [ 37.58942380000002, 55.7924071 ], [ 37.5897623, 55.792426100000014 ], [ 37.589934, 55.7924333 ], [ 37.5899695, 55.7924329 ], [ 37.590176, 55.792436500000022 ], [ 37.5917313, 55.7924391 ], [ 37.592239300000017, 55.792437 ], [ 37.592782900000017, 55.792434900000025 ], [ 37.5933114, 55.7924291 ], [ 37.5934651, 55.792421100000013 ], [ 37.594408600000015, 55.7923317 ], [ 37.5954127, 55.792248400000013 ], [ 37.5956567, 55.792233 ], [ 37.59588990000001, 55.79222570000001 ], [ 37.5961382, 55.792233 ], [ 37.5963844, 55.79224640000001 ], [ 37.597254700000015, 55.7923077 ], [ 37.598291100000012, 55.792396 ], [ 37.599295800000014, 55.7924817 ], [ 37.599313900000013, 55.792404800000014 ], [ 37.5993452, 55.792275 ], [ 37.599517199999987, 55.791617200000012 ], [ 37.59964990000001, 55.79119 ], [ 37.5997644, 55.7908213 ], [ 37.599899700000023, 55.7903208 ], [ 37.5999028, 55.7903093 ], [ 37.600139, 55.7894771 ], [ 37.6001621, 55.7893978 ], [ 37.6002011, 55.7892749 ], [ 37.600370800000022, 55.78874 ], [ 37.600416100000011, 55.7886055 ], [ 37.6006105, 55.788028300000022 ], [ 37.600682, 55.7878159 ], [ 37.6007487, 55.7875937 ], [ 37.6008506, 55.787317300000012 ], [ 37.6010966, 55.7867112 ], [ 37.6011558, 55.78657230000001 ], [ 37.6015259, 55.785696200000018 ], [ 37.60163810000001, 55.78539 ], [ 37.6016871, 55.785260200000025 ], [ 37.6017035, 55.7852132 ], [ 37.6017199, 55.7851689 ], [ 37.601846300000012, 55.785179500000027 ], [ 37.6020213, 55.7851911 ], [ 37.60222510000002, 55.785205400000031 ], [ 37.6026849, 55.785238700000015 ], [ 37.602857500000013, 55.7852512 ], [ 37.6035816, 55.785300500000012 ], [ 37.6037257, 55.7853079 ], [ 37.603876, 55.7853181 ], [ 37.6043485, 55.785337099999985 ], [ 37.6045342, 55.785327 ], [ 37.6046803, 55.785288800000011 ], [ 37.6047906, 55.785237799999983 ], [ 37.6056833, 55.7848254 ], [ 37.606001800000016, 55.7846903 ], [ 37.6063182, 55.7845708 ], [ 37.6066316, 55.784452500000015 ], [ 37.606754100000018, 55.7844048 ], [ 37.606794, 55.7843893 ], [ 37.6071099, 55.784282 ], [ 37.6072718, 55.7842317 ], [ 37.607907200000014, 55.7840132 ], [ 37.608057800000012, 55.7839618 ], [ 37.6093395, 55.78352450000002 ], [ 37.6097476, 55.7833937 ], [ 37.6103666, 55.7831968 ], [ 37.610929800000022, 55.7830249 ], [ 37.611296900000013, 55.7829048 ], [ 37.6113854, 55.782875800000014 ], [ 37.611427400000011, 55.7828621 ], [ 37.611903, 55.7827058 ], [ 37.612315, 55.7825885 ], [ 37.612449200000015, 55.7825481 ], [ 37.6125554, 55.7826518 ], [ 37.6127056, 55.782825900000013 ], [ 37.6127668, 55.782906300000022 ], [ 37.61281, 55.7829856 ], [ 37.6129369, 55.78330230000001 ], [ 37.612980400000019, 55.7833557 ], [ 37.6130598, 55.783394 ], [ 37.613147, 55.7834164 ], [ 37.613235099999983, 55.7834256 ], [ 37.6146295, 55.7835 ], [ 37.6146955, 55.783499299999988 ], [ 37.6147654, 55.783491400000017 ], [ 37.6148355, 55.7834787 ], [ 37.6149102, 55.7834494 ], [ 37.614961099999988, 55.7834162 ], [ 37.615005, 55.783376700000012 ], [ 37.61521840000001, 55.7830401 ], [ 37.6153517, 55.782836600000017 ], [ 37.6153001, 55.783048600000015 ], [ 37.6152667, 55.783285200000016 ], [ 37.6152688, 55.7833851 ], [ 37.615286800000014, 55.7834989 ], [ 37.6154776, 55.7838834 ], [ 37.6155076, 55.783967300000022 ], [ 37.615527500000013, 55.7840752 ], [ 37.615573400000017, 55.7843039 ], [ 37.6159444, 55.7848298 ], [ 37.6161339, 55.785149899999986 ], [ 37.6162242, 55.7853044 ], [ 37.6162701, 55.7853819 ], [ 37.6167222, 55.7861473 ], [ 37.6168202, 55.7864317 ], [ 37.616797800000015, 55.7868239 ], [ 37.6167552, 55.7872617 ], [ 37.6167078, 55.787794500000011 ], [ 37.6167003, 55.7878527 ], [ 37.6166848, 55.7880673 ], [ 37.616649900000013, 55.78840910000001 ], [ 37.6166361, 55.7885002 ], [ 37.6166343, 55.788513600000016 ], [ 37.6166325, 55.788527 ], [ 37.6166213, 55.7886126 ], [ 37.6165649, 55.789371300000013 ], [ 37.616533, 55.7898101 ], [ 37.6164298, 55.7912739 ], [ 37.6164262, 55.791333700000031 ], [ 37.616423700000013, 55.791376500000013 ], [ 37.6164115, 55.791577900000021 ], [ 37.6163542, 55.792300600000011 ], [ 37.61634440000001, 55.79247 ], [ 37.616311, 55.7929034 ], [ 37.616309700000023, 55.793116 ], [ 37.616371600000015, 55.7931156 ], [ 37.6166833, 55.7931116 ], [ 37.6169902, 55.7931057 ], [ 37.617580400000016, 55.7930834 ], [ 37.6181579, 55.793056900000018 ], [ 37.6193743, 55.7929887 ], [ 37.621364199999988, 55.7928551 ], [ 37.6223633, 55.79279750000002 ], [ 37.6234441, 55.7927467 ], [ 37.6246204, 55.7926871 ], [ 37.627959400000016, 55.79250780000001 ], [ 37.6282282, 55.7924844 ], [ 37.628519, 55.7924501 ], [ 37.6289407, 55.792380700000024 ], [ 37.629735300000014, 55.792240800000023 ], [ 37.629875800000022, 55.792215 ], [ 37.6301251, 55.7921692 ], [ 37.6306134, 55.7920795 ], [ 37.6310795, 55.7920005 ], [ 37.6313131, 55.7919657 ], [ 37.6315367, 55.791937 ], [ 37.6318894, 55.7919011 ], [ 37.6324314, 55.791862500000015 ], [ 37.6326466, 55.7918521 ], [ 37.632883100000022, 55.7918449 ], [ 37.6331513, 55.7918425 ], [ 37.6334136, 55.7918429 ], [ 37.6335945, 55.791847100000012 ], [ 37.6337764, 55.791852800000015 ], [ 37.6340869, 55.791866100000014 ], [ 37.6346377, 55.7918923 ], [ 37.634604600000024, 55.7922807 ], [ 37.634505600000011, 55.793306200000032 ], [ 37.6344647, 55.7938023 ], [ 37.634432100000012, 55.7943 ], [ 37.6344313, 55.794461100000014 ], [ 37.634448399999989, 55.7946121 ], [ 37.634751800000018, 55.7960222 ], [ 37.634956, 55.7969397 ], [ 37.634998, 55.7971338 ], [ 37.6353198, 55.796974 ], [ 37.636499100000016, 55.7963887 ], [ 37.638266, 55.795663100000013 ], [ 37.640458900000013, 55.794598700000016 ], [ 37.6429233, 55.7930047 ], [ 37.645527299999983, 55.7912685 ], [ 37.6462952, 55.7908878 ], [ 37.6469971, 55.790604600000016 ], [ 37.6477311, 55.790380699999986 ], [ 37.648227800000015, 55.7902381 ], [ 37.6487563, 55.790107300000017 ], [ 37.6501467, 55.789723800000019 ], [ 37.651521500000023, 55.7893694 ], [ 37.6555977, 55.7883808 ], [ 37.660029600000023, 55.787523900000025 ], [ 37.6610588, 55.7873338 ], [ 37.66254, 55.7870345 ], [ 37.6638545, 55.786773 ], [ 37.6672894, 55.7861203 ], [ 37.6722787, 55.7852207 ], [ 37.674071, 55.7848912 ], [ 37.674579, 55.784787799999989 ], [ 37.675093, 55.7846832 ], [ 37.675747600000015, 55.7845303 ], [ 37.678308800000011, 55.7840196 ], [ 37.6826668, 55.783163 ], [ 37.6859981, 55.7825234 ], [ 37.688821900000022, 55.781905 ], [ 37.692249799999985, 55.7818447 ], [ 37.6926017, 55.7819563 ], [ 37.6963353, 55.7819443 ], [ 37.6967864, 55.7820162 ], [ 37.69938590000001, 55.78196860000002 ], [ 37.6995175, 55.781967900000012 ], [ 37.6999012, 55.781914400000012 ], [ 37.699982600000013, 55.781911900000019 ], [ 37.7006114, 55.78189110000001 ], [ 37.701243600000012, 55.781850500000019 ], [ 37.7018967, 55.7817704 ], [ 37.7025297, 55.7816545 ], [ 37.703181200000017, 55.7815238 ], [ 37.704302, 55.781239400000018 ], [ 37.7044914, 55.7811858 ], [ 37.705249699999989, 55.7809935 ], [ 37.7060926, 55.7807372 ], [ 37.7071268, 55.780383700000016 ], [ 37.707741900000016, 55.7801608 ], [ 37.708297700000017, 55.7799071 ], [ 37.7087898, 55.7796227 ], [ 37.7093365, 55.779284500000017 ], [ 37.709919700000015, 55.7788745 ], [ 37.71043, 55.7784492 ], [ 37.710931200000012, 55.7780007 ], [ 37.712680700000014, 55.7761712 ], [ 37.7133277, 55.7754793 ], [ 37.7135246, 55.7752559 ], [ 37.71361180000001, 55.7753013 ], [ 37.7137476, 55.7751129 ], [ 37.714192700000012, 55.7745327 ], [ 37.7159462, 55.772298 ], [ 37.7163027, 55.771776300000013 ], [ 37.7169713, 55.7707009 ], [ 37.7173674, 55.770145500000012 ], [ 37.717839200000022, 55.769589200000013 ], [ 37.71961270000002, 55.767679300000019 ], [ 37.7200863, 55.7671338 ], [ 37.720389, 55.7667332 ], [ 37.7206276, 55.766318400000017 ], [ 37.720781700000011, 55.7658833 ], [ 37.7208531, 55.765470300000011 ], [ 37.7208733, 55.7649463 ], [ 37.720744900000014, 55.7631229 ], [ 37.7207051, 55.762784 ], [ 37.7206319, 55.7624647 ], [ 37.720471700000012, 55.762028100000016 ], [ 37.720248900000016, 55.7616096 ], [ 37.719855499999987, 55.760943300000015 ], [ 37.719673500000013, 55.7606292 ], [ 37.718427800000015, 55.758507 ], [ 37.7181798, 55.7580182 ], [ 37.717969700000012, 55.757493 ], [ 37.7178174, 55.7569832 ], [ 37.7177132, 55.756483299999985 ], [ 37.7176602, 55.7559645 ], [ 37.7176811, 55.755507 ], [ 37.7177565, 55.7549601 ], [ 37.717915200000014, 55.7544051 ], [ 37.718132800000014, 55.7538805 ], [ 37.71838540000001, 55.753419 ], [ 37.7187188, 55.7529423 ], [ 37.7191682, 55.7524109 ], [ 37.719611899999983, 55.7519793 ], [ 37.7197448, 55.7518501 ], [ 37.72030920000001, 55.7513552 ], [ 37.7205725, 55.7511608 ], [ 37.720839800000014, 55.7509773 ], [ 37.721365300000016, 55.7506351 ], [ 37.7218517, 55.7503533 ], [ 37.7224005, 55.7500624 ], [ 37.723015, 55.749772600000021 ], [ 37.7236328, 55.7495155 ], [ 37.724446300000011, 55.7492324 ], [ 37.7253252, 55.7489665 ], [ 37.7265359, 55.748647 ], [ 37.7361885, 55.7460903 ], [ 37.7365979, 55.7459749 ], [ 37.7364842, 55.7458556 ], [ 37.736315299999987, 55.7456245 ], [ 37.736182900000017, 55.745390600000015 ], [ 37.7360043, 55.744877599999988 ], [ 37.735936900000013, 55.7446881 ], [ 37.735883300000019, 55.744542700000018 ], [ 37.735796699999987, 55.7443491 ], [ 37.7357043, 55.7441606 ], [ 37.7355739, 55.743891499999989 ], [ 37.7354079, 55.7435502 ], [ 37.735293, 55.743342 ], [ 37.7340312, 55.7412481 ], [ 37.7338166, 55.74088840000001 ], [ 37.7332238, 55.739907500000015 ], [ 37.732601700000011, 55.738951300000011 ], [ 37.732372800000014, 55.73862 ], [ 37.732174100000016, 55.738329100000016 ], [ 37.7319791, 55.73801790000001 ], [ 37.7317816, 55.737718300000012 ], [ 37.731548, 55.7373942 ], [ 37.7313258, 55.737062300000026 ], [ 37.7311232, 55.7367755 ], [ 37.7310093, 55.736586500000023 ], [ 37.7308457, 55.736332800000021 ], [ 37.7306753, 55.7360403 ], [ 37.730490300000014, 55.7357562 ], [ 37.7302697, 55.7355128 ], [ 37.730152500000024, 55.7353113 ], [ 37.7299676, 55.735004 ], [ 37.729788, 55.7347017 ], [ 37.72964, 55.734448 ], [ 37.729455800000011, 55.7341365 ], [ 37.7293065, 55.733884 ], [ 37.7291751, 55.7336762 ], [ 37.7290479, 55.733460900000011 ], [ 37.724954900000014, 55.7338344 ], [ 37.7227796, 55.73402890000002 ], [ 37.7225884, 55.734046 ], [ 37.7221842, 55.7340821 ], [ 37.72020770000001, 55.734443600000013 ], [ 37.7197781, 55.734539600000012 ], [ 37.71890010000002, 55.734813100000018 ], [ 37.718626900000011, 55.734907700000015 ], [ 37.7177263, 55.735283200000012 ], [ 37.7167542, 55.7357662 ], [ 37.7163363, 55.736016 ], [ 37.7160908, 55.7361946 ], [ 37.7155222, 55.736659700000025 ], [ 37.714825200000014, 55.737298200000012 ], [ 37.714274500000016, 55.737857200000015 ], [ 37.7137585, 55.7385088 ], [ 37.7133616, 55.739135700000013 ], [ 37.7132166, 55.739366900000014 ], [ 37.7129949, 55.7397572 ], [ 37.7126821, 55.74040020000001 ], [ 37.712539700000015, 55.7407429 ], [ 37.7115308, 55.7430945 ], [ 37.7114678, 55.743266700000014 ], [ 37.710940500000014, 55.7433007 ], [ 37.707585, 55.743589700000022 ], [ 37.7064949, 55.743754 ], [ 37.703944100000015, 55.7439215 ], [ 37.703349500000016, 55.7439606 ], [ 37.70251660000001, 55.7440153 ], [ 37.700830100000012, 55.744126 ], [ 37.7007008, 55.742833700000013 ], [ 37.700650300000014, 55.7424387 ], [ 37.700331699999985, 55.7424385 ], [ 37.700017100000011, 55.7424587 ], [ 37.698166, 55.742461 ], [ 37.6965835, 55.7423919 ], [ 37.6978059, 55.740075500000025 ], [ 37.6979194, 55.7395896 ], [ 37.699487400000017, 55.736743100000012 ], [ 37.6998353, 55.736316900000013 ], [ 37.6992903, 55.7363838 ], [ 37.698862200000015, 55.736436200000021 ], [ 37.6984795, 55.7356204 ], [ 37.6984062, 55.7354726 ], [ 37.698350800000014, 55.7354003 ], [ 37.6983115, 55.7353489 ], [ 37.69717, 55.7338579 ], [ 37.6970674, 55.7337244 ], [ 37.696606100000011, 55.7331254 ], [ 37.69610260000001, 55.7324705 ], [ 37.6957359, 55.731997100000015 ], [ 37.695127100000015, 55.7311849 ], [ 37.694508699999986, 55.730299400000021 ], [ 37.693955, 55.7295265 ], [ 37.693700100000022, 55.7293029 ], [ 37.6936027, 55.72929 ], [ 37.6933102, 55.729277 ], [ 37.693037200000013, 55.7292916 ], [ 37.692641600000016, 55.72937180000001 ], [ 37.69215770000001, 55.7295403 ], [ 37.6909432, 55.730178900000013 ], [ 37.6881988, 55.7317728 ], [ 37.686898, 55.7324468 ], [ 37.6856019, 55.7329396 ], [ 37.685363600000017, 55.732998 ], [ 37.6854329, 55.7325767 ], [ 37.685827, 55.7301825 ], [ 37.685838400000016, 55.7301132 ], [ 37.6840596, 55.730030700000022 ], [ 37.684102500000023, 55.7295836 ], [ 37.6832978, 55.7290701 ], [ 37.6814418, 55.729039900000011 ], [ 37.681570500000014, 55.728472 ], [ 37.6804669, 55.728404500000011 ], [ 37.6804742, 55.7283571 ], [ 37.680507200000015, 55.728151100000012 ], [ 37.6805216, 55.7280648 ], [ 37.680555500000018, 55.7277753 ], [ 37.680567500000016, 55.7276885 ], [ 37.6789183, 55.7282645 ], [ 37.67886, 55.7282037 ], [ 37.6787479, 55.728105700000015 ], [ 37.6786151, 55.7279895 ], [ 37.6783789, 55.7277796 ], [ 37.678073, 55.72751610000001 ], [ 37.6775679, 55.727306200000015 ], [ 37.6737687, 55.7264858 ], [ 37.6725669, 55.7262252 ], [ 37.672212200000011, 55.7261482 ], [ 37.671748900000019, 55.726047700000017 ], [ 37.6708026, 55.725862200000016 ], [ 37.670718900000018, 55.725847500000022 ], [ 37.67058080000001, 55.7258255 ], [ 37.6705097, 55.7259215 ], [ 37.6701003, 55.7265377 ], [ 37.669667, 55.7272243 ], [ 37.6695856, 55.727361300000013 ], [ 37.6686788, 55.728881100000017 ], [ 37.6681796, 55.7297011 ], [ 37.667963699999987, 55.7300379 ], [ 37.667770800000021, 55.7303547 ], [ 37.6677039, 55.7304782 ], [ 37.6676873, 55.7305484 ], [ 37.6674635, 55.7308639 ], [ 37.666822600000017, 55.7312159 ], [ 37.6662402, 55.7315357 ], [ 37.6658108, 55.7316354 ], [ 37.6644263, 55.731467300000013 ], [ 37.6640891, 55.7313893 ], [ 37.6636607, 55.7312948 ], [ 37.6633988, 55.7312508 ], [ 37.66301510000001, 55.731176800000014 ], [ 37.6613351, 55.730844600000012 ], [ 37.6608171, 55.7307343 ], [ 37.6606903, 55.73070340000001 ], [ 37.66076180000001, 55.730601 ], [ 37.6622286, 55.7284447 ], [ 37.6627185, 55.727660500000013 ], [ 37.663091500000021, 55.7268628 ], [ 37.6631267, 55.726758300000014 ], [ 37.6630099, 55.7267514 ], [ 37.662852400000013, 55.7267386 ], [ 37.66271740000002, 55.726729900000016 ], [ 37.6623957, 55.726707300000015 ], [ 37.6619889, 55.7266879 ], [ 37.659768500000013, 55.7265782 ], [ 37.6567176, 55.7263724 ], [ 37.656210500000014, 55.7270994 ], [ 37.6557668, 55.727623700000017 ], [ 37.6542108, 55.7288214 ], [ 37.652234700000015, 55.7280434 ], [ 37.652067900000013, 55.7281718 ], [ 37.6517522, 55.728134300000015 ], [ 37.6516512, 55.728132600000016 ], [ 37.6515535, 55.728144200000024 ], [ 37.6511208, 55.7282556 ], [ 37.6509504, 55.7282904 ], [ 37.650780400000023, 55.728304600000016 ], [ 37.6507319, 55.728317 ], [ 37.6505231, 55.7283704 ], [ 37.65037610000001, 55.7284079 ], [ 37.6502165, 55.728448699999987 ], [ 37.650022, 55.7284984 ], [ 37.64996, 55.728514200000014 ], [ 37.649865, 55.7285385 ], [ 37.649106700000011, 55.72873220000001 ], [ 37.6487788, 55.728816 ], [ 37.6482494, 55.728951200000012 ], [ 37.6479661, 55.7290236 ], [ 37.6470763, 55.7292509 ], [ 37.646384700000013, 55.7294276 ], [ 37.6460349, 55.7295169 ] ] ] ] } },
{ "type": "Feature", "properties": { "fid": 209, "okrug": 209, "wiki_name": "Город Москва - Черемушкинский одномандатный избирательный округ ", "wiki_pop": 513810, "wiki_terr": "Юго-Западный административный округ (Академический район, Гагаринский район, район Зюзино, район Коньково, Ломоносовский район, Обручевский район, район Теплый Стан, район Черемушки) ", "color": "#C8AB2A", "2021_duma_oik196_Иванова": 0.0, "2021_duma_oik196_Крюков": 0.0, "2021_duma_oik196_Малинкович": 0.0, "2021_duma_oik196_Миронова": 0.0, "2021_duma_oik196_Рашкин": 0.0, "2021_duma_oik196_Рвачев": 0.0, "2021_duma_oik196_Стрельникова": 0.0, "2021_duma_oik196_Тарасов": 0.0, "2021_duma_oik196_Федоров": 0.0, "2021_duma_oik196_Янков": 0.0, "2021_duma_oik196_явка": 0.0, "2021_duma_oik196_недействительные": 0.0, "2021_duma_oik197_Гончаров": 0.0, "2021_duma_oik197_Горшкова": 0.0, "2021_duma_oik197_Лобанов": 0.0, "2021_duma_oik197_Меньшиков": 0.0, "2021_duma_oik197_Митина": 0.0, "2021_duma_oik197_Попов": 0.0, "2021_duma_oik197_Раменский": 0.0, "2021_duma_oik197_Соболев": 0.0, "2021_duma_oik197_Тарнавский": 0.0, "2021_duma_oik197_явка": 0.0, "2021_duma_oik197_недействительные": 0.0, "2021_duma_oik198_Брюханова": 0.0, "2021_duma_oik198_Власов": 0.0, "2021_duma_oik198_Голуенко": 0.0, "2021_duma_oik198_Звягинцев": 0.0, "2021_duma_oik198_Катаев": 0.0, "2021_duma_oik198_Литвинович": 0.0, "2021_duma_oik198_Мельников": 0.0, "2021_duma_oik198_Тарбаев": 0.0, "2021_duma_oik198_Хованская": 0.0, "2021_duma_oik198_явка": 0.0, "2021_duma_oik198_недействительные": 0.0, "2021_duma_oik199_Гулина": 0.0, "2021_duma_oik199_Гуличева": 0.0, "2021_duma_oik199_Катков": 0.0, "2021_duma_oik199_Киселёв": 0.0, "2021_duma_oik199_Кульнев": 0.0, "2021_duma_oik199_Прохоренкова": 0.0, "2021_duma_oik199_Рашкин": 0.0, "2021_duma_oik199_Тарасов": 0.0, "2021_duma_oik199_Толстой": 0.0, "2021_duma_oik199_Шах": 0.0, "2021_duma_oik199_Шоладеми": 0.0, "2021_duma_oik199_явка": 0.0, "2021_duma_oik199_недействительные": 0.0, "2021_duma_oik200_Бабушкин": 0.0, "2021_duma_oik200_Вельмакин": 0.0, "2021_duma_oik200_Загребной": 0.0, "2021_duma_oik200_Запотылок": 0.0, "2021_duma_oik200_Орлов": 0.0, "2021_duma_oik200_Парфенов": 0.0, "2021_duma_oik200_Певцов": 0.0, "2021_duma_oik200_Степкин": 0.0, "2021_duma_oik200_явка": 0.0, "2021_duma_oik200_недействительные": 0.0, "2021_duma_oik201_Гаспарян": 0.0, "2021_duma_oik201_Демин": 0.0, "2021_duma_oik201_Куликов": 0.0, "2021_duma_oik201_Разворотнева": 0.0, "2021_duma_oik201_Туманов": 0.0, "2021_duma_oik201_Удалова": 0.0, "2021_duma_oik201_Удальцова": 0.0, "2021_duma_oik201_Черников": 0.0, "2021_duma_oik201_явка": 0.0, "2021_duma_oik201_недействительные": 0.0, "2021_duma_oik202_Гершберг": 0.0, "2021_duma_oik202_Лапшов": 0.0, "2021_duma_oik202_Махницкий": 0.0, "2021_duma_oik202_Михайловский": 0.0, "2021_duma_oik202_Муратова": 0.0, "2021_duma_oik202_Придорожный": 0.0, "2021_duma_oik202_Саблин": 0.0, "2021_duma_oik202_Сиднев": 0.0, "2021_duma_oik202_Суханов": 0.0, "2021_duma_oik202_явка": 0.0, "2021_duma_oik202_недействительные": 0.0, "2021_duma_oik203_Казенков": 0.0, "2021_duma_oik203_Нифантьев": 0.0, "2021_duma_oik203_Пенкин": 0.0, "2021_duma_oik203_Петров": 0.0, "2021_duma_oik203_Смолич": 0.0, "2021_duma_oik203_Турушев": 0.0, "2021_duma_oik203_Шлямина": 0.0, "2021_duma_oik203_Шушлебина": 0.0, "2021_duma_oik203_Юдин": 0.0, "2021_duma_oik203_явка": 0.0, "2021_duma_oik203_недействительные": 0.0, "2021_duma_oik204_Дворак": 0.0, "2021_duma_oik204_Доможирова": 0.0, "2021_duma_oik204_Игнатьев": 0.0, "2021_duma_oik204_Измайлов": 0.0, "2021_duma_oik204_Кавказский": 0.0, "2021_duma_oik204_Курганов": 0.0, "2021_duma_oik204_Курганский": 0.0, "2021_duma_oik204_Монахов": 0.0, "2021_duma_oik204_Пресняков": 0.0, "2021_duma_oik204_Проханов": 0.0, "2021_duma_oik204_Шувалов": 0.0, "2021_duma_oik204_Яшин": 0.0, "2021_duma_oik204_явка": 0.0, "2021_duma_oik204_недействительные": 0.0, "2021_duma_oik205_Демченко": 0.0, "2021_duma_oik205_Загордан": 0.0, "2021_duma_oik205_Ищенко": 0.0, "2021_duma_oik205_Корягина": 0.0, "2021_duma_oik205_Костычева": 0.0, "2021_duma_oik205_Медведев": 0.0, "2021_duma_oik205_Обухов": 0.0, "2021_duma_oik205_Попова": 0.0, "2021_duma_oik205_Сидоров": 0.0, "2021_duma_oik205_явка": 0.0, "2021_duma_oik205_недействительные": 0.0, "2021_duma_oik206_Васильев": 0.0, "2021_duma_oik206_Гребенник": 0.0, "2021_duma_oik206_Иванова": 0.0, "2021_duma_oik206_Копкина": 0.0, "2021_duma_oik206_Мажуга": 0.0, "2021_duma_oik206_Мишарин": 0.0, "2021_duma_oik206_Пономарев": 0.0, "2021_duma_oik206_Цыба": 0.0, "2021_duma_oik206_явка": 0.0, "2021_duma_oik206_недействительные": 0.0, "2021_duma_oik207_Макаренко": 0.0, "2021_duma_oik207_Милованов": 0.0, "2021_duma_oik207_Павлинов": 0.0, "2021_duma_oik207_Пангаев": 0.0, "2021_duma_oik207_Серафонтов": 0.0, "2021_duma_oik207_Соловьев": 0.0, "2021_duma_oik207_Ульянов": 0.0, "2021_duma_oik207_Ульянченко": 0.0, "2021_duma_oik207_Хазин": 0.0, "2021_duma_oik207_Юрченко": 0.0, "2021_duma_oik207_явка": 0.0, "2021_duma_oik207_недействительные": 0.0, "2021_duma_oik208_Кошлаков-Крестовский": 0.0, "2021_duma_oik208_Леонов": 0.0, "2021_duma_oik208_Митрохин": 0.0, "2021_duma_oik208_Останина": 0.0, "2021_duma_oik208_Хараидзе": 0.0, "2021_duma_oik208_Шевченко": 0.0, "2021_duma_oik208_Широков": 0.0, "2021_duma_oik208_Юшин": 0.0, "2021_duma_oik208_Якубович": 0.0, "2021_duma_oik208_Яндиев": 0.0, "2021_duma_oik208_явка": 0.0, "2021_duma_oik208_недействительные": 0.0, "2021_duma_oik209_Волков": 13.59, "2021_duma_oik209_Ильин": 1.53, "2021_duma_oik209_Максимов": 6.06, "2021_duma_oik209_Николаев": 19.79, "2021_duma_oik209_Палюлин": 1.6, "2021_duma_oik209_Румянцев": 34.43, "2021_duma_oik209_Чирков": 8.64, "2021_duma_oik209_Шупеня": 5.62, "2021_duma_oik209_явка": 46.38, "2021_duma_oik209_недействительные": 2.15, "2021_duma_oik210_Буткеев": 0.0, "2021_duma_oik210_Коршунков": 0.0, "2021_duma_oik210_Крапухин": 0.0, "2021_duma_oik210_Начевский": 0.0, "2021_duma_oik210_Романенко": 0.0, "2021_duma_oik210_Смитиенко": 0.0, "2021_duma_oik210_Таранцов": 0.0, "2021_duma_oik210_Таращанский": 0.0, "2021_duma_oik210_Яцевский": 0.0, "2021_duma_oik210_явка": 0.0, "2021_duma_oik210_недействительные": 0.0, "2021_duma_oik196_Иванова_party": null, "2021_duma_oik196_Крюков_party": null, "2021_duma_oik196_Малинкович_party": null, "2021_duma_oik196_Миронова_party": null, "2021_duma_oik196_Рашкин_party": null, "2021_duma_oik196_Рвачев_party": null, "2021_duma_oik196_Стрельникова_party": null, "2021_duma_oik196_Тарасов_party": null, "2021_duma_oik196_Федоров_party": null, "2021_duma_oik196_Янков_party": null, "2021_duma_oik196_явка_party": null, "2021_duma_oik196_недействительные_party": null, "2021_duma_oik197_Гончаров_party": null, "2021_duma_oik197_Горшкова_party": null, "2021_duma_oik197_Лобанов_party": null, "2021_duma_oik197_Меньшиков_party": null, "2021_duma_oik197_Митина_party": null, "2021_duma_oik197_Попов_party": null, "2021_duma_oik197_Раменский_party": null, "2021_duma_oik197_Соболев_party": null, "2021_duma_oik197_Тарнавский_party": null, "2021_duma_oik197_явка_party": null, "2021_duma_oik197_недействительные_party": null, "2021_duma_oik198_Брюханова_party": null, "2021_duma_oik198_Власов_party": null, "2021_duma_oik198_Голуенко_party": null, "2021_duma_oik198_Звягинцев_party": null, "2021_duma_oik198_Катаев_party": null, "2021_duma_oik198_Литвинович_party": null, "2021_duma_oik198_Мельников_party": null, "2021_duma_oik198_Тарбаев_party": null, "2021_duma_oik198_Хованская_party": null, "2021_duma_oik198_явка_party": null, "2021_duma_oik198_недействительные_party": null, "2021_duma_oik199_Гулина_party": null, "2021_duma_oik199_Гуличева_party": null, "2021_duma_oik199_Катков_party": null, "2021_duma_oik199_Киселёв_party": null, "2021_duma_oik199_Кульнев_party": null, "2021_duma_oik199_Прохоренкова_party": null, "2021_duma_oik199_Рашкин_party": null, "2021_duma_oik199_Тарасов_party": null, "2021_duma_oik199_Толстой_party": null, "2021_duma_oik199_Шах_party": null, "2021_duma_oik199_Шоладеми_party": null, "2021_duma_oik199_явка_party": null, "2021_duma_oik199_недействительные_party": null, "2021_duma_oik200_Бабушкин_party": null, "2021_duma_oik200_Вельмакин_party": null, "2021_duma_oik200_Загребной_party": null, "2021_duma_oik200_Запотылок_party": null, "2021_duma_oik200_Орлов_party": null, "2021_duma_oik200_Парфенов_party": null, "2021_duma_oik200_Певцов_party": null, "2021_duma_oik200_Степкин_party": null, "2021_duma_oik200_явка_party": null, "2021_duma_oik200_недействительные_party": null, "2021_duma_oik201_Гаспарян_party": null, "2021_duma_oik201_Демин_party": null, "2021_duma_oik201_Куликов_party": null, "2021_duma_oik201_Разворотнева_party": null, "2021_duma_oik201_Туманов_party": null, "2021_duma_oik201_Удалова_party": null, "2021_duma_oik201_Удальцова_party": null, "2021_duma_oik201_Черников_party": null, "2021_duma_oik201_явка_party": null, "2021_duma_oik201_недействительные_party": null, "2021_duma_oik202_Гершберг_party": null, "2021_duma_oik202_Лапшов_party": null, "2021_duma_oik202_Махницкий_party": null, "2021_duma_oik202_Михайловский_party": null, "2021_duma_oik202_Муратова_party": null, "2021_duma_oik202_Придорожный_party": null, "2021_duma_oik202_Саблин_party": null, "2021_duma_oik202_Сиднев_party": null, "2021_duma_oik202_Суханов_party": null, "2021_duma_oik202_явка_party": null, "2021_duma_oik202_недействительные_party": null, "2021_duma_oik203_Казенков_party": null, "2021_duma_oik203_Нифантьев_party": null, "2021_duma_oik203_Пенкин_party": null, "2021_duma_oik203_Петров_party": null, "2021_duma_oik203_Смолич_party": null, "2021_duma_oik203_Турушев_party": null, "2021_duma_oik203_Шлямина_party": null, "2021_duma_oik203_Шушлебина_party": null, "2021_duma_oik203_Юдин_party": null, "2021_duma_oik203_явка_party": null, "2021_duma_oik203_недействительные_party": null, "2021_duma_oik204_Дворак_party": null, "2021_duma_oik204_Доможирова_party": null, "2021_duma_oik204_Игнатьев_party": null, "2021_duma_oik204_Измайлов_party": null, "2021_duma_oik204_Кавказский_party": null, "2021_duma_oik204_Курганов_party": null, "2021_duma_oik204_Курганский_party": null, "2021_duma_oik204_Монахов_party": null, "2021_duma_oik204_Пресняков_party": null, "2021_duma_oik204_Проханов_party": null, "2021_duma_oik204_Шувалов_party": null, "2021_duma_oik204_Яшин_party": null, "2021_duma_oik204_явка_party": null, "2021_duma_oik204_недействительные_party": null, "2021_duma_oik205_Демченко_party": null, "2021_duma_oik205_Загордан_party": null, "2021_duma_oik205_Ищенко_party": null, "2021_duma_oik205_Корягина_party": null, "2021_duma_oik205_Костычева_party": null, "2021_duma_oik205_Медведев_party": null, "2021_duma_oik205_Обухов_party": null, "2021_duma_oik205_Попова_party": null, "2021_duma_oik205_Сидоров_party": null, "2021_duma_oik205_явка_party": null, "2021_duma_oik205_недействительные_party": null, "2021_duma_oik206_Васильев_party": null, "2021_duma_oik206_Гребенник_party": null, "2021_duma_oik206_Иванова_party": null, "2021_duma_oik206_Копкина_party": null, "2021_duma_oik206_Мажуга_party": null, "2021_duma_oik206_Мишарин_party": null, "2021_duma_oik206_Пономарев_party": null, "2021_duma_oik206_Цыба_party": null, "2021_duma_oik206_явка_party": null, "2021_duma_oik206_недействительные_party": null, "2021_duma_oik207_Макаренко_party": null, "2021_duma_oik207_Милованов_party": null, "2021_duma_oik207_Павлинов_party": null, "2021_duma_oik207_Пангаев_party": null, "2021_duma_oik207_Серафонтов_party": null, "2021_duma_oik207_Соловьев_party": null, "2021_duma_oik207_Ульянов_party": null, "2021_duma_oik207_Ульянченко_party": null, "2021_duma_oik207_Хазин_party": null, "2021_duma_oik207_Юрченко_party": null, "2021_duma_oik207_явка_party": null, "2021_duma_oik207_недействительные_party": null, "2021_duma_oik208_Кошлаков-Крестовский_party": null, "2021_duma_oik208_Леонов_party": null, "2021_duma_oik208_Митрохин_party": null, "2021_duma_oik208_Останина_party": null, "2021_duma_oik208_Хараидзе_party": null, "2021_duma_oik208_Шевченко_party": null, "2021_duma_oik208_Широков_party": null, "2021_duma_oik208_Юшин_party": null, "2021_duma_oik208_Якубович_party": null, "2021_duma_oik208_Яндиев_party": null, "2021_duma_oik208_явка_party": null, "2021_duma_oik208_недействительные_party": null, "2021_duma_oik209_Волков_party": "КПРФ", "2021_duma_oik209_Ильин_party": "Гражданская Платформа", "2021_duma_oik209_Максимов_party": "ЛДПР", "2021_duma_oik209_Николаев_party": "Яблоко", "2021_duma_oik209_Палюлин_party": "Партия Роста", "2021_duma_oik209_Румянцев_party": "Единая Россия", "2021_duma_oik209_Чирков_party": "Справедливая Россия", "2021_duma_oik209_Шупеня_party": "Новые люди", "2021_duma_oik209_явка_party": "Неизвестно", "2021_duma_oik209_недействительные_party": "Неизвестно", "2021_duma_oik210_Буткеев_party": null, "2021_duma_oik210_Коршунков_party": null, "2021_duma_oik210_Крапухин_party": null, "2021_duma_oik210_Начевский_party": null, "2021_duma_oik210_Романенко_party": null, "2021_duma_oik210_Смитиенко_party": null, "2021_duma_oik210_Таранцов_party": null, "2021_duma_oik210_Таращанский_party": null, "2021_duma_oik210_Яцевский_party": null, "2021_duma_oik210_явка_party": null, "2021_duma_oik210_недействительные_party": null }, "geometry": { "type": "MultiPolygon", "coordinates": [ [ [ [ 37.487842, 55.6083904 ], [ 37.4880311, 55.6086858 ], [ 37.488140600000023, 55.60885360000001 ], [ 37.4883074, 55.609089500000024 ], [ 37.488396100000024, 55.609216 ], [ 37.488398700000019, 55.6092197 ], [ 37.4884303, 55.60926480000002 ], [ 37.488512500000013, 55.609384 ], [ 37.4886365, 55.609614 ], [ 37.488775200000013, 55.609837900000016 ], [ 37.488827900000011, 55.6099819 ], [ 37.488875, 55.610077100000019 ], [ 37.489156800000011, 55.6107185 ], [ 37.4890793, 55.611216400000011 ], [ 37.489023, 55.6113146 ], [ 37.489066200000025, 55.611481500000011 ], [ 37.489063, 55.6117074 ], [ 37.4890697, 55.6117244 ], [ 37.4890601, 55.6117667 ], [ 37.4890529, 55.6118944 ], [ 37.489049200000011, 55.6120653 ], [ 37.48904, 55.612242 ], [ 37.489019100000021, 55.612444300000014 ], [ 37.4889726, 55.6127042 ], [ 37.488887900000016, 55.6128841 ], [ 37.488805400000011, 55.613030300000013 ], [ 37.48889530000001, 55.6132759 ], [ 37.4876936, 55.6143544 ], [ 37.487522, 55.61448170000002 ], [ 37.486207, 55.61559440000002 ], [ 37.4854513, 55.6161843 ], [ 37.481533, 55.619308100000012 ], [ 37.4776022, 55.622674500000016 ], [ 37.473729, 55.625999200000024 ], [ 37.4693924, 55.629715300000015 ], [ 37.4674921, 55.6313616 ], [ 37.466833, 55.6323657 ], [ 37.4659737, 55.633139 ], [ 37.4646666, 55.633757 ], [ 37.46448250000001, 55.6336958 ], [ 37.4637679, 55.6343307 ], [ 37.4637652, 55.634342300000014 ], [ 37.463774, 55.6343524 ], [ 37.4638722, 55.634433500000014 ], [ 37.46208870000001, 55.635951900000016 ], [ 37.4621028, 55.6359528 ], [ 37.4620363, 55.6361223 ], [ 37.461896600000017, 55.636115400000016 ], [ 37.460782299999984, 55.637063799999986 ], [ 37.460611699999987, 55.637094 ], [ 37.460406800000023, 55.63714330000002 ], [ 37.4602096, 55.637172800000016 ], [ 37.45983140000002, 55.6372088 ], [ 37.4594533, 55.637244900000013 ], [ 37.459130500000015, 55.6372796 ], [ 37.4588143, 55.6373061 ], [ 37.4584737, 55.6373417 ], [ 37.458152500000011, 55.6373762 ], [ 37.4579587, 55.637385 ], [ 37.4577812, 55.637382400000014 ], [ 37.4575212, 55.6373642 ], [ 37.457323600000016, 55.63733770000001 ], [ 37.4571115, 55.6372918 ], [ 37.4570076, 55.63726860000002 ], [ 37.4568828, 55.6372406 ], [ 37.456594400000021, 55.6371251 ], [ 37.4562889, 55.636995300000017 ], [ 37.456002700000013, 55.636875 ], [ 37.455718700000013, 55.6370488 ], [ 37.4637211, 55.640704300000024 ], [ 37.4782007, 55.6475145 ], [ 37.482466200000012, 55.649460500000011 ], [ 37.4826333, 55.649537 ], [ 37.4956144, 55.655631200000016 ], [ 37.5016534, 55.658524599999986 ], [ 37.5065428, 55.661778400000017 ], [ 37.508957600000016, 55.6633808 ], [ 37.5200937, 55.670884600000022 ], [ 37.5241382, 55.6736653 ], [ 37.5240027, 55.673720300000014 ], [ 37.523698500000016, 55.673847 ], [ 37.5188513, 55.67613410000002 ], [ 37.5142637, 55.678286 ], [ 37.5121291, 55.6794428 ], [ 37.5116624, 55.679730600000013 ], [ 37.5300533, 55.689929 ], [ 37.5357473, 55.693098800000016 ], [ 37.5365712, 55.6935632 ], [ 37.546313, 55.7007463 ], [ 37.554149400000014, 55.7065306 ], [ 37.5570247, 55.708614800000014 ], [ 37.55923210000001, 55.7102802 ], [ 37.56099540000001, 55.7103378 ], [ 37.5654006, 55.7107574 ], [ 37.569610100000013, 55.711617300000015 ], [ 37.574928, 55.713117700000012 ], [ 37.5776083, 55.7142058 ], [ 37.5794176, 55.7129556 ], [ 37.581635300000023, 55.711348 ], [ 37.5821396, 55.71099250000001 ], [ 37.583401200000011, 55.7100423 ], [ 37.584227, 55.7095136 ], [ 37.5853646, 55.7088144 ], [ 37.588709, 55.707140500000015 ], [ 37.587697300000016, 55.7065562 ], [ 37.5874925, 55.70643780000001 ], [ 37.587312900000015, 55.7063416 ], [ 37.5875028, 55.706114100000015 ], [ 37.58782, 55.705783500000024 ], [ 37.588084900000013, 55.70549 ], [ 37.5884559, 55.7050778 ], [ 37.589021200000019, 55.7044431 ], [ 37.589343200000023, 55.704081600000016 ], [ 37.589841, 55.703506 ], [ 37.5909671, 55.7021933 ], [ 37.592956700000023, 55.6998738 ], [ 37.5939781, 55.6986984 ], [ 37.594905, 55.6976149 ], [ 37.5956174, 55.696778100000017 ], [ 37.5962526, 55.6960719 ], [ 37.5967332, 55.6955736 ], [ 37.5971023, 55.695235 ], [ 37.5975572, 55.694848 ], [ 37.5980616, 55.6943974 ], [ 37.5989626, 55.693665699999983 ], [ 37.599222300000022, 55.6934548 ], [ 37.5996, 55.6931041 ], [ 37.6000709, 55.6927081 ], [ 37.600685, 55.692202400000014 ], [ 37.601308, 55.691781 ], [ 37.6016161, 55.69158070000001 ], [ 37.6014866, 55.691528300000023 ], [ 37.600841200000012, 55.69127270000002 ], [ 37.600278400000022, 55.6910514 ], [ 37.59946, 55.690739100000016 ], [ 37.5989086, 55.6905332 ], [ 37.5984462, 55.690346800000015 ], [ 37.598209, 55.6902032 ], [ 37.598097700000018, 55.6901367 ], [ 37.597705, 55.689846400000015 ], [ 37.596626, 55.6888725 ], [ 37.596517, 55.6887714 ], [ 37.596451200000011, 55.6887146 ], [ 37.596384600000015, 55.6886571 ], [ 37.596253200000014, 55.688524700000023 ], [ 37.595889700000015, 55.688185 ], [ 37.595634100000012, 55.687910200000019 ], [ 37.595405, 55.6876978 ], [ 37.59529, 55.6875912 ], [ 37.5946952, 55.6870397 ], [ 37.593675700000013, 55.6860947 ], [ 37.5935493, 55.685977200000011 ], [ 37.593462600000016, 55.685898599999987 ], [ 37.5931207, 55.6855893 ], [ 37.593033900000016, 55.685510700000016 ], [ 37.592734600000014, 55.685239200000012 ], [ 37.5922426, 55.6847929 ], [ 37.5920898, 55.684654200000018 ], [ 37.592032199999984, 55.6846001 ], [ 37.591218499999989, 55.6839023 ], [ 37.591181, 55.683867800000023 ], [ 37.5904061, 55.683154300000012 ], [ 37.59021240000002, 55.6829748 ], [ 37.589787, 55.6825826 ], [ 37.5897325, 55.682532500000022 ], [ 37.589487700000021, 55.6823105 ], [ 37.5892952, 55.682129900000028 ], [ 37.5891939, 55.682036700000012 ], [ 37.5891616, 55.682007 ], [ 37.5888172, 55.681694 ], [ 37.5884448, 55.681337900000017 ], [ 37.587752200000018, 55.6807085 ], [ 37.587582, 55.680575700000013 ], [ 37.587472, 55.6804975 ], [ 37.587347300000012, 55.6804186 ], [ 37.5870101, 55.6802443 ], [ 37.5868313, 55.6801283 ], [ 37.586715200000015, 55.6800189 ], [ 37.586629900000013, 55.6798952 ], [ 37.5862469, 55.679300200000014 ], [ 37.5861504, 55.6791944 ], [ 37.58605660000002, 55.6791255 ], [ 37.5859199, 55.6790514 ], [ 37.58556080000001, 55.678919100000016 ], [ 37.585531200000013, 55.6789091 ], [ 37.585507, 55.6789009 ], [ 37.5842126, 55.6784638 ], [ 37.583828, 55.6783339 ], [ 37.5831176, 55.6780939 ], [ 37.581865100000023, 55.677670900000024 ], [ 37.58104010000001, 55.677392200000014 ], [ 37.580688400000021, 55.677273400000018 ], [ 37.579685, 55.6769341 ], [ 37.579509200000018, 55.6769087 ], [ 37.579588, 55.6768005 ], [ 37.5796272, 55.676747 ], [ 37.5799768, 55.675927300000012 ], [ 37.5803028, 55.6751628 ], [ 37.580307, 55.6751508 ], [ 37.580315, 55.67512820000001 ], [ 37.580328600000016, 55.6750296 ], [ 37.580305200000012, 55.6748588 ], [ 37.5797521, 55.6743187 ], [ 37.579393300000014, 55.6739705 ], [ 37.5793722, 55.673947700000014 ], [ 37.5790122, 55.6735969 ], [ 37.578559400000024, 55.673178100000015 ], [ 37.5784077, 55.6730056 ], [ 37.5783603, 55.6729593 ], [ 37.578128600000021, 55.6727331 ], [ 37.5780892, 55.672694599999986 ], [ 37.5799806, 55.67204940000002 ], [ 37.58185330000002, 55.6714108 ], [ 37.585633200000011, 55.6701049 ], [ 37.584464, 55.6690153 ], [ 37.5832454, 55.6678977 ], [ 37.5812455, 55.666025300000015 ], [ 37.581681900000014, 55.665743600000013 ], [ 37.582577300000011, 55.6655989 ], [ 37.583655200000024, 55.6655667 ], [ 37.5848638, 55.6657945 ], [ 37.5867949, 55.6656778 ], [ 37.588898300000018, 55.6656857 ], [ 37.5896788, 55.6654272 ], [ 37.5900274, 55.665665 ], [ 37.5905501, 55.6656548 ], [ 37.591012800000016, 55.665729500000012 ], [ 37.5917651, 55.66546360000001 ], [ 37.5923928, 55.6652664 ], [ 37.5930002, 55.6655348 ], [ 37.5933352, 55.66556570000003 ], [ 37.5938007, 55.665563 ], [ 37.594101, 55.665578 ], [ 37.5946378, 55.6655394 ], [ 37.5950957, 55.6656664 ], [ 37.5957573, 55.665753300000013 ], [ 37.5960881, 55.6658884 ], [ 37.5965572, 55.6661092 ], [ 37.5969265, 55.666233800000015 ], [ 37.5980311, 55.6658584 ], [ 37.599724900000012, 55.665281600000021 ], [ 37.6013782, 55.664791900000019 ], [ 37.602432399999984, 55.664628900000011 ], [ 37.6076464, 55.6640831 ], [ 37.61357180000001, 55.6634793 ], [ 37.613497, 55.6634142 ], [ 37.6133979, 55.6633318 ], [ 37.6131638, 55.6631281 ], [ 37.6130168, 55.6630024 ], [ 37.612869300000014, 55.662876300000015 ], [ 37.611374800000021, 55.6615981 ], [ 37.6105353, 55.6609004 ], [ 37.610410100000017, 55.660807 ], [ 37.6102368, 55.6606778 ], [ 37.6099599, 55.6604497 ], [ 37.6081151, 55.6589479 ], [ 37.6080582, 55.6588985 ], [ 37.6069153, 55.657923299999986 ], [ 37.605866800000022, 55.6570306 ], [ 37.6056662, 55.656810900000011 ], [ 37.605492, 55.65658470000001 ], [ 37.6054674, 55.656527200000021 ], [ 37.6054459, 55.6564483 ], [ 37.6054453, 55.6562214 ], [ 37.6054449, 55.6560591 ], [ 37.605464800000014, 55.6547905 ], [ 37.6054878, 55.6537322 ], [ 37.605495700000013, 55.6536277 ], [ 37.6055007, 55.653374299999989 ], [ 37.605502800000011, 55.653044100000017 ], [ 37.605504700000019, 55.6529228 ], [ 37.605533400000013, 55.6510713 ], [ 37.6055767, 55.649021 ], [ 37.6055871, 55.648620600000022 ], [ 37.6056193, 55.6473858 ], [ 37.6055922, 55.6456118 ], [ 37.6055906, 55.6454994 ], [ 37.6055888, 55.6453798 ], [ 37.6055862, 55.645201400000019 ], [ 37.605580700000019, 55.644820700000011 ], [ 37.6055935, 55.644479300000022 ], [ 37.60564620000001, 55.64334030000002 ], [ 37.6057292, 55.641327600000011 ], [ 37.5948165, 55.6419459 ], [ 37.5945131, 55.6419632 ], [ 37.5916832, 55.642188600000011 ], [ 37.5902236, 55.6423972 ], [ 37.5894153, 55.642579 ], [ 37.5865867, 55.643434 ], [ 37.582667300000011, 55.644634800000013 ], [ 37.5803884, 55.6453262 ], [ 37.5767999, 55.646428899999989 ], [ 37.575448200000011, 55.646794900000017 ], [ 37.5717008, 55.647761200000012 ], [ 37.56829680000002, 55.648530800000024 ], [ 37.565411400000016, 55.649191 ], [ 37.56399780000001, 55.6494629 ], [ 37.563376, 55.648622900000028 ], [ 37.561306400000014, 55.6459006 ], [ 37.560962300000014, 55.645508400000011 ], [ 37.560539400000017, 55.64510940000001 ], [ 37.560209, 55.6448446 ], [ 37.559952300000013, 55.6446513 ], [ 37.5596944, 55.64448560000001 ], [ 37.558905700000011, 55.644044900000019 ], [ 37.5580478, 55.643657900000015 ], [ 37.5575796, 55.6434891 ], [ 37.5570661, 55.6433183 ], [ 37.552044300000013, 55.6417901 ], [ 37.5509258, 55.641442500000011 ], [ 37.550504, 55.641317300000011 ], [ 37.5499945, 55.6411456 ], [ 37.5494933, 55.6409523 ], [ 37.5493312, 55.640882200000014 ], [ 37.549293, 55.6408655 ], [ 37.5488133, 55.640659600000021 ], [ 37.548285300000011, 55.640433 ], [ 37.546940400000011, 55.639826200000016 ], [ 37.5464268, 55.6395565 ], [ 37.546087400000019, 55.6393472 ], [ 37.5457696, 55.6391144 ], [ 37.545326199999984, 55.6387456 ], [ 37.5447312, 55.6381296 ], [ 37.544607400000011, 55.637975599999983 ], [ 37.5441175, 55.637370300000022 ], [ 37.5440414, 55.637252100000019 ], [ 37.543675900000011, 55.6366873 ], [ 37.543153800000013, 55.635867 ], [ 37.54267, 55.635106900000011 ], [ 37.5424868, 55.6348378 ], [ 37.5419267, 55.6339593 ], [ 37.541720800000022, 55.6336621 ], [ 37.5411246, 55.63270780000002 ], [ 37.5405851, 55.6318808 ], [ 37.540383, 55.6314878 ], [ 37.5402247, 55.6310862 ], [ 37.5401355, 55.6307683 ], [ 37.5401029, 55.630609700000022 ], [ 37.54008480000001, 55.63052170000001 ], [ 37.5400549, 55.630238200000022 ], [ 37.5400887, 55.629962300000017 ], [ 37.540172100000021, 55.629637 ], [ 37.540312300000011, 55.629283300000012 ], [ 37.5405586, 55.628642200000023 ], [ 37.5374335, 55.6278076 ], [ 37.5361686, 55.626835200000023 ], [ 37.5323468, 55.6258019 ], [ 37.5312703, 55.6259386 ], [ 37.531055, 55.6254828 ], [ 37.528094500000016, 55.62461660000001 ], [ 37.5244332, 55.6236323 ], [ 37.522845, 55.6239093 ], [ 37.5191273, 55.62455760000001 ], [ 37.5142188, 55.6254136 ], [ 37.5134895, 55.6255572 ], [ 37.513449600000023, 55.62556510000001 ], [ 37.51300430000002, 55.625654899999986 ], [ 37.5127507, 55.625741300000023 ], [ 37.5126525, 55.6257753 ], [ 37.510910099999982, 55.624279800000011 ], [ 37.5104812, 55.623915800000013 ], [ 37.50708920000001, 55.6209787 ], [ 37.5046081, 55.618821600000011 ], [ 37.5037018, 55.6181485 ], [ 37.5027806, 55.617451200000012 ], [ 37.5012058, 55.6163152 ], [ 37.500573799999984, 55.6158973 ], [ 37.4999752, 55.6154947 ], [ 37.4981704, 55.6144448 ], [ 37.4938421, 55.612131 ], [ 37.4931444, 55.611778399999984 ], [ 37.491588, 55.6109566 ], [ 37.490601, 55.6104479 ], [ 37.489959100000021, 55.6100075 ], [ 37.4895596, 55.609715200000011 ], [ 37.489316399999986, 55.609516100000015 ], [ 37.4890639, 55.6092704 ], [ 37.4883331, 55.608273 ], [ 37.487842, 55.6083904 ] ] ] ] } },
{ "type": "Feature", "properties": { "fid": 210, "okrug": 210, "wiki_name": "Город Москва - Чертановский одномандатный избирательный округ ", "wiki_pop": 473222, "wiki_terr": "Юго-Западный административный округ (район Северное Бутово, район Южное Бутово, район Ясенево); Южный административный округ (район Чертаново Центральное, район Чертаново Южное) ", "color": "#3AB1C9", "2021_duma_oik196_Иванова": 0.0, "2021_duma_oik196_Крюков": 0.0, "2021_duma_oik196_Малинкович": 0.0, "2021_duma_oik196_Миронова": 0.0, "2021_duma_oik196_Рашкин": 0.0, "2021_duma_oik196_Рвачев": 0.0, "2021_duma_oik196_Стрельникова": 0.0, "2021_duma_oik196_Тарасов": 0.0, "2021_duma_oik196_Федоров": 0.0, "2021_duma_oik196_Янков": 0.0, "2021_duma_oik196_явка": 0.0, "2021_duma_oik196_недействительные": 0.0, "2021_duma_oik197_Гончаров": 0.0, "2021_duma_oik197_Горшкова": 0.0, "2021_duma_oik197_Лобанов": 0.0, "2021_duma_oik197_Меньшиков": 0.0, "2021_duma_oik197_Митина": 0.0, "2021_duma_oik197_Попов": 0.0, "2021_duma_oik197_Раменский": 0.0, "2021_duma_oik197_Соболев": 0.0, "2021_duma_oik197_Тарнавский": 0.0, "2021_duma_oik197_явка": 0.0, "2021_duma_oik197_недействительные": 0.0, "2021_duma_oik198_Брюханова": 0.0, "2021_duma_oik198_Власов": 0.0, "2021_duma_oik198_Голуенко": 0.0, "2021_duma_oik198_Звягинцев": 0.0, "2021_duma_oik198_Катаев": 0.0, "2021_duma_oik198_Литвинович": 0.0, "2021_duma_oik198_Мельников": 0.0, "2021_duma_oik198_Тарбаев": 0.0, "2021_duma_oik198_Хованская": 0.0, "2021_duma_oik198_явка": 0.0, "2021_duma_oik198_недействительные": 0.0, "2021_duma_oik199_Гулина": 0.0, "2021_duma_oik199_Гуличева": 0.0, "2021_duma_oik199_Катков": 0.0, "2021_duma_oik199_Киселёв": 0.0, "2021_duma_oik199_Кульнев": 0.0, "2021_duma_oik199_Прохоренкова": 0.0, "2021_duma_oik199_Рашкин": 0.0, "2021_duma_oik199_Тарасов": 0.0, "2021_duma_oik199_Толстой": 0.0, "2021_duma_oik199_Шах": 0.0, "2021_duma_oik199_Шоладеми": 0.0, "2021_duma_oik199_явка": 0.0, "2021_duma_oik199_недействительные": 0.0, "2021_duma_oik200_Бабушкин": 0.0, "2021_duma_oik200_Вельмакин": 0.0, "2021_duma_oik200_Загребной": 0.0, "2021_duma_oik200_Запотылок": 0.0, "2021_duma_oik200_Орлов": 0.0, "2021_duma_oik200_Парфенов": 0.0, "2021_duma_oik200_Певцов": 0.0, "2021_duma_oik200_Степкин": 0.0, "2021_duma_oik200_явка": 0.0, "2021_duma_oik200_недействительные": 0.0, "2021_duma_oik201_Гаспарян": 0.0, "2021_duma_oik201_Демин": 0.0, "2021_duma_oik201_Куликов": 0.0, "2021_duma_oik201_Разворотнева": 0.0, "2021_duma_oik201_Туманов": 0.0, "2021_duma_oik201_Удалова": 0.0, "2021_duma_oik201_Удальцова": 0.0, "2021_duma_oik201_Черников": 0.0, "2021_duma_oik201_явка": 0.0, "2021_duma_oik201_недействительные": 0.0, "2021_duma_oik202_Гершберг": 0.0, "2021_duma_oik202_Лапшов": 0.0, "2021_duma_oik202_Махницкий": 0.0, "2021_duma_oik202_Михайловский": 0.0, "2021_duma_oik202_Муратова": 0.0, "2021_duma_oik202_Придорожный": 0.0, "2021_duma_oik202_Саблин": 0.0, "2021_duma_oik202_Сиднев": 0.0, "2021_duma_oik202_Суханов": 0.0, "2021_duma_oik202_явка": 0.0, "2021_duma_oik202_недействительные": 0.0, "2021_duma_oik203_Казенков": 0.0, "2021_duma_oik203_Нифантьев": 0.0, "2021_duma_oik203_Пенкин": 0.0, "2021_duma_oik203_Петров": 0.0, "2021_duma_oik203_Смолич": 0.0, "2021_duma_oik203_Турушев": 0.0, "2021_duma_oik203_Шлямина": 0.0, "2021_duma_oik203_Шушлебина": 0.0, "2021_duma_oik203_Юдин": 0.0, "2021_duma_oik203_явка": 0.0, "2021_duma_oik203_недействительные": 0.0, "2021_duma_oik204_Дворак": 0.0, "2021_duma_oik204_Доможирова": 0.0, "2021_duma_oik204_Игнатьев": 0.0, "2021_duma_oik204_Измайлов": 0.0, "2021_duma_oik204_Кавказский": 0.0, "2021_duma_oik204_Курганов": 0.0, "2021_duma_oik204_Курганский": 0.0, "2021_duma_oik204_Монахов": 0.0, "2021_duma_oik204_Пресняков": 0.0, "2021_duma_oik204_Проханов": 0.0, "2021_duma_oik204_Шувалов": 0.0, "2021_duma_oik204_Яшин": 0.0, "2021_duma_oik204_явка": 0.0, "2021_duma_oik204_недействительные": 0.0, "2021_duma_oik205_Демченко": 0.0, "2021_duma_oik205_Загордан": 0.0, "2021_duma_oik205_Ищенко": 0.0, "2021_duma_oik205_Корягина": 0.0, "2021_duma_oik205_Костычева": 0.0, "2021_duma_oik205_Медведев": 0.0, "2021_duma_oik205_Обухов": 0.0, "2021_duma_oik205_Попова": 0.0, "2021_duma_oik205_Сидоров": 0.0, "2021_duma_oik205_явка": 0.0, "2021_duma_oik205_недействительные": 0.0, "2021_duma_oik206_Васильев": 0.0, "2021_duma_oik206_Гребенник": 0.0, "2021_duma_oik206_Иванова": 0.0, "2021_duma_oik206_Копкина": 0.0, "2021_duma_oik206_Мажуга": 0.0, "2021_duma_oik206_Мишарин": 0.0, "2021_duma_oik206_Пономарев": 0.0, "2021_duma_oik206_Цыба": 0.0, "2021_duma_oik206_явка": 0.0, "2021_duma_oik206_недействительные": 0.0, "2021_duma_oik207_Макаренко": 0.0, "2021_duma_oik207_Милованов": 0.0, "2021_duma_oik207_Павлинов": 0.0, "2021_duma_oik207_Пангаев": 0.0, "2021_duma_oik207_Серафонтов": 0.0, "2021_duma_oik207_Соловьев": 0.0, "2021_duma_oik207_Ульянов": 0.0, "2021_duma_oik207_Ульянченко": 0.0, "2021_duma_oik207_Хазин": 0.0, "2021_duma_oik207_Юрченко": 0.0, "2021_duma_oik207_явка": 0.0, "2021_duma_oik207_недействительные": 0.0, "2021_duma_oik208_Кошлаков-Крестовский": 0.0, "2021_duma_oik208_Леонов": 0.0, "2021_duma_oik208_Митрохин": 0.0, "2021_duma_oik208_Останина": 0.0, "2021_duma_oik208_Хараидзе": 0.0, "2021_duma_oik208_Шевченко": 0.0, "2021_duma_oik208_Широков": 0.0, "2021_duma_oik208_Юшин": 0.0, "2021_duma_oik208_Якубович": 0.0, "2021_duma_oik208_Яндиев": 0.0, "2021_duma_oik208_явка": 0.0, "2021_duma_oik208_недействительные": 0.0, "2021_duma_oik209_Волков": 0.0, "2021_duma_oik209_Ильин": 0.0, "2021_duma_oik209_Максимов": 0.0, "2021_duma_oik209_Николаев": 0.0, "2021_duma_oik209_Палюлин": 0.0, "2021_duma_oik209_Румянцев": 0.0, "2021_duma_oik209_Чирков": 0.0, "2021_duma_oik209_Шупеня": 0.0, "2021_duma_oik209_явка": 0.0, "2021_duma_oik209_недействительные": 0.0, "2021_duma_oik210_Буткеев": 7.1, "2021_duma_oik210_Коршунков": 4.45, "2021_duma_oik210_Крапухин": 3.0, "2021_duma_oik210_Начевский": 7.59, "2021_duma_oik210_Романенко": 40.23, "2021_duma_oik210_Смитиенко": 1.16, "2021_duma_oik210_Таранцов": 24.72, "2021_duma_oik210_Таращанский": 2.5, "2021_duma_oik210_Яцевский": 2.04, "2021_duma_oik210_явка": 47.48, "2021_duma_oik210_недействительные": 1.74, "2021_duma_oik196_Иванова_party": null, "2021_duma_oik196_Крюков_party": null, "2021_duma_oik196_Малинкович_party": null, "2021_duma_oik196_Миронова_party": null, "2021_duma_oik196_Рашкин_party": null, "2021_duma_oik196_Рвачев_party": null, "2021_duma_oik196_Стрельникова_party": null, "2021_duma_oik196_Тарасов_party": null, "2021_duma_oik196_Федоров_party": null, "2021_duma_oik196_Янков_party": null, "2021_duma_oik196_явка_party": null, "2021_duma_oik196_недействительные_party": null, "2021_duma_oik197_Гончаров_party": null, "2021_duma_oik197_Горшкова_party": null, "2021_duma_oik197_Лобанов_party": null, "2021_duma_oik197_Меньшиков_party": null, "2021_duma_oik197_Митина_party": null, "2021_duma_oik197_Попов_party": null, "2021_duma_oik197_Раменский_party": null, "2021_duma_oik197_Соболев_party": null, "2021_duma_oik197_Тарнавский_party": null, "2021_duma_oik197_явка_party": null, "2021_duma_oik197_недействительные_party": null, "2021_duma_oik198_Брюханова_party": null, "2021_duma_oik198_Власов_party": null, "2021_duma_oik198_Голуенко_party": null, "2021_duma_oik198_Звягинцев_party": null, "2021_duma_oik198_Катаев_party": null, "2021_duma_oik198_Литвинович_party": null, "2021_duma_oik198_Мельников_party": null, "2021_duma_oik198_Тарбаев_party": null, "2021_duma_oik198_Хованская_party": null, "2021_duma_oik198_явка_party": null, "2021_duma_oik198_недействительные_party": null, "2021_duma_oik199_Гулина_party": null, "2021_duma_oik199_Гуличева_party": null, "2021_duma_oik199_Катков_party": null, "2021_duma_oik199_Киселёв_party": null, "2021_duma_oik199_Кульнев_party": null, "2021_duma_oik199_Прохоренкова_party": null, "2021_duma_oik199_Рашкин_party": null, "2021_duma_oik199_Тарасов_party": null, "2021_duma_oik199_Толстой_party": null, "2021_duma_oik199_Шах_party": null, "2021_duma_oik199_Шоладеми_party": null, "2021_duma_oik199_явка_party": null, "2021_duma_oik199_недействительные_party": null, "2021_duma_oik200_Бабушкин_party": null, "2021_duma_oik200_Вельмакин_party": null, "2021_duma_oik200_Загребной_party": null, "2021_duma_oik200_Запотылок_party": null, "2021_duma_oik200_Орлов_party": null, "2021_duma_oik200_Парфенов_party": null, "2021_duma_oik200_Певцов_party": null, "2021_duma_oik200_Степкин_party": null, "2021_duma_oik200_явка_party": null, "2021_duma_oik200_недействительные_party": null, "2021_duma_oik201_Гаспарян_party": null, "2021_duma_oik201_Демин_party": null, "2021_duma_oik201_Куликов_party": null, "2021_duma_oik201_Разворотнева_party": null, "2021_duma_oik201_Туманов_party": null, "2021_duma_oik201_Удалова_party": null, "2021_duma_oik201_Удальцова_party": null, "2021_duma_oik201_Черников_party": null, "2021_duma_oik201_явка_party": null, "2021_duma_oik201_недействительные_party": null, "2021_duma_oik202_Гершберг_party": null, "2021_duma_oik202_Лапшов_party": null, "2021_duma_oik202_Махницкий_party": null, "2021_duma_oik202_Михайловский_party": null, "2021_duma_oik202_Муратова_party": null, "2021_duma_oik202_Придорожный_party": null, "2021_duma_oik202_Саблин_party": null, "2021_duma_oik202_Сиднев_party": null, "2021_duma_oik202_Суханов_party": null, "2021_duma_oik202_явка_party": null, "2021_duma_oik202_недействительные_party": null, "2021_duma_oik203_Казенков_party": null, "2021_duma_oik203_Нифантьев_party": null, "2021_duma_oik203_Пенкин_party": null, "2021_duma_oik203_Петров_party": null, "2021_duma_oik203_Смолич_party": null, "2021_duma_oik203_Турушев_party": null, "2021_duma_oik203_Шлямина_party": null, "2021_duma_oik203_Шушлебина_party": null, "2021_duma_oik203_Юдин_party": null, "2021_duma_oik203_явка_party": null, "2021_duma_oik203_недействительные_party": null, "2021_duma_oik204_Дворак_party": null, "2021_duma_oik204_Доможирова_party": null, "2021_duma_oik204_Игнатьев_party": null, "2021_duma_oik204_Измайлов_party": null, "2021_duma_oik204_Кавказский_party": null, "2021_duma_oik204_Курганов_party": null, "2021_duma_oik204_Курганский_party": null, "2021_duma_oik204_Монахов_party": null, "2021_duma_oik204_Пресняков_party": null, "2021_duma_oik204_Проханов_party": null, "2021_duma_oik204_Шувалов_party": null, "2021_duma_oik204_Яшин_party": null, "2021_duma_oik204_явка_party": null, "2021_duma_oik204_недействительные_party": null, "2021_duma_oik205_Демченко_party": null, "2021_duma_oik205_Загордан_party": null, "2021_duma_oik205_Ищенко_party": null, "2021_duma_oik205_Корягина_party": null, "2021_duma_oik205_Костычева_party": null, "2021_duma_oik205_Медведев_party": null, "2021_duma_oik205_Обухов_party": null, "2021_duma_oik205_Попова_party": null, "2021_duma_oik205_Сидоров_party": null, "2021_duma_oik205_явка_party": null, "2021_duma_oik205_недействительные_party": null, "2021_duma_oik206_Васильев_party": null, "2021_duma_oik206_Гребенник_party": null, "2021_duma_oik206_Иванова_party": null, "2021_duma_oik206_Копкина_party": null, "2021_duma_oik206_Мажуга_party": null, "2021_duma_oik206_Мишарин_party": null, "2021_duma_oik206_Пономарев_party": null, "2021_duma_oik206_Цыба_party": null, "2021_duma_oik206_явка_party": null, "2021_duma_oik206_недействительные_party": null, "2021_duma_oik207_Макаренко_party": null, "2021_duma_oik207_Милованов_party": null, "2021_duma_oik207_Павлинов_party": null, "2021_duma_oik207_Пангаев_party": null, "2021_duma_oik207_Серафонтов_party": null, "2021_duma_oik207_Соловьев_party": null, "2021_duma_oik207_Ульянов_party": null, "2021_duma_oik207_Ульянченко_party": null, "2021_duma_oik207_Хазин_party": null, "2021_duma_oik207_Юрченко_party": null, "2021_duma_oik207_явка_party": null, "2021_duma_oik207_недействительные_party": null, "2021_duma_oik208_Кошлаков-Крестовский_party": null, "2021_duma_oik208_Леонов_party": null, "2021_duma_oik208_Митрохин_party": null, "2021_duma_oik208_Останина_party": null, "2021_duma_oik208_Хараидзе_party": null, "2021_duma_oik208_Шевченко_party": null, "2021_duma_oik208_Широков_party": null, "2021_duma_oik208_Юшин_party": null, "2021_duma_oik208_Якубович_party": null, "2021_duma_oik208_Яндиев_party": null, "2021_duma_oik208_явка_party": null, "2021_duma_oik208_недействительные_party": null, "2021_duma_oik209_Волков_party": null, "2021_duma_oik209_Ильин_party": null, "2021_duma_oik209_Максимов_party": null, "2021_duma_oik209_Николаев_party": null, "2021_duma_oik209_Палюлин_party": null, "2021_duma_oik209_Румянцев_party": null, "2021_duma_oik209_Чирков_party": null, "2021_duma_oik209_Шупеня_party": null, "2021_duma_oik209_явка_party": null, "2021_duma_oik209_недействительные_party": null, "2021_duma_oik210_Буткеев_party": "Справедливая Россия", "2021_duma_oik210_Коршунков_party": "ЛДПР", "2021_duma_oik210_Крапухин_party": "Яблоко", "2021_duma_oik210_Начевский_party": "Новые люди", "2021_duma_oik210_Романенко_party": "Единая Россия", "2021_duma_oik210_Смитиенко_party": "Гражданская Платформа", "2021_duma_oik210_Таранцов_party": "КПРФ", "2021_duma_oik210_Таращанский_party": "Коммунисты России (КПКР)", "2021_duma_oik210_Яцевский_party": "Партия свободы и справедливости", "2021_duma_oik210_явка_party": "Неизвестно", "2021_duma_oik210_недействительные_party": "Неизвестно" }, "geometry": { "type": "MultiPolygon", "coordinates": [ [ [ [ 37.589302900000021, 55.55719950000001 ], [ 37.5882062, 55.553691 ], [ 37.5881189, 55.5527328 ], [ 37.5879139, 55.5522403 ], [ 37.5874888, 55.5513459 ], [ 37.5871455, 55.5502236 ], [ 37.5859327, 55.546261900000012 ], [ 37.5858393, 55.5462666 ], [ 37.585655500000016, 55.5457538 ], [ 37.5855304, 55.545552100000016 ], [ 37.585445, 55.5453421 ], [ 37.5852261, 55.544590600000021 ], [ 37.5845248, 55.5420603 ], [ 37.5846175, 55.54206180000002 ], [ 37.5833174, 55.5378616 ], [ 37.583915100000013, 55.537199300000012 ], [ 37.5836358, 55.536512500000022 ], [ 37.5825221, 55.532673 ], [ 37.582212300000016, 55.5316397 ], [ 37.58072, 55.5277172 ], [ 37.5803221, 55.5277603 ], [ 37.5799692, 55.5266346 ], [ 37.5799626, 55.526564399999984 ], [ 37.579936700000012, 55.5262379 ], [ 37.578503900000015, 55.521679300000017 ], [ 37.579125500000018, 55.521349100000016 ], [ 37.5822493, 55.5197399 ], [ 37.58552310000001, 55.517997299999983 ], [ 37.585804800000012, 55.517129400000016 ], [ 37.5886984, 55.5155293 ], [ 37.589715, 55.514009700000017 ], [ 37.590551100000013, 55.5134097 ], [ 37.5918282, 55.51249330000001 ], [ 37.5926689, 55.5118899 ], [ 37.5926358, 55.5116108 ], [ 37.593186400000022, 55.511495600000025 ], [ 37.597806600000013, 55.5086481 ], [ 37.598718, 55.508132300000014 ], [ 37.598594, 55.5076213 ], [ 37.5977492, 55.506132100000031 ], [ 37.5966517, 55.5054216 ], [ 37.598892500000012, 55.504376 ], [ 37.604541200000014, 55.5024168 ], [ 37.602991199999984, 55.5010354 ], [ 37.602554600000012, 55.5004511 ], [ 37.604100600000017, 55.4990632 ], [ 37.6041452, 55.498705400000013 ], [ 37.6027811, 55.4981118 ], [ 37.600004, 55.496828700000016 ], [ 37.6002296, 55.495748 ], [ 37.5986834, 55.495022100000014 ], [ 37.5970032, 55.4942332 ], [ 37.5952875, 55.493175 ], [ 37.593855499999989, 55.4930133 ], [ 37.5936678, 55.4930521 ], [ 37.592496500000017, 55.494223900000023 ], [ 37.5902761, 55.4933921 ], [ 37.591220900000025, 55.492409300000013 ], [ 37.591337300000013, 55.4913076 ], [ 37.5840235, 55.494275 ], [ 37.579908, 55.4959313 ], [ 37.579296, 55.4961861 ], [ 37.5792662, 55.4961901 ], [ 37.5791986, 55.496196400000024 ], [ 37.579141900000018, 55.4961988 ], [ 37.579046200000015, 55.4961979 ], [ 37.578952800000017, 55.4962012 ], [ 37.5788359, 55.4962112 ], [ 37.5787168, 55.4962306 ], [ 37.578626899999989, 55.4962525 ], [ 37.578531100000021, 55.4962811 ], [ 37.578435500000012, 55.4963183 ], [ 37.577341199999985, 55.496814200000024 ], [ 37.5741935, 55.498145400000013 ], [ 37.5740441, 55.49821330000001 ], [ 37.5738432, 55.498288099999989 ], [ 37.5737043, 55.498355300000014 ], [ 37.573598700000019, 55.498420100000011 ], [ 37.573490799999988, 55.498492 ], [ 37.5734432, 55.4985333 ], [ 37.573404300000021, 55.4985663 ], [ 37.573361800000022, 55.498606 ], [ 37.5733161, 55.498647 ], [ 37.573281100000024, 55.498681800000014 ], [ 37.573223500000012, 55.4987498 ], [ 37.573189400000011, 55.4987932 ], [ 37.573158, 55.498838 ], [ 37.5731293, 55.4988835 ], [ 37.5731069, 55.4989284 ], [ 37.57308, 55.49898730000001 ], [ 37.5730576, 55.499049100000015 ], [ 37.572177, 55.4991416 ], [ 37.571814500000016, 55.500053800000025 ], [ 37.577127200000014, 55.517203300000013 ], [ 37.574286499999985, 55.5170091 ], [ 37.570521, 55.5167892 ], [ 37.5676921, 55.516684 ], [ 37.5661789, 55.517080599999986 ], [ 37.5668751, 55.5202911 ], [ 37.56536040000001, 55.5204367 ], [ 37.5647788, 55.518411 ], [ 37.5640992, 55.5184948 ], [ 37.5640867, 55.518475900000013 ], [ 37.5629742, 55.516981600000015 ], [ 37.561440199999986, 55.5156796 ], [ 37.5609628, 55.515198 ], [ 37.560639899999984, 55.5152413 ], [ 37.558618800000019, 55.514202400000016 ], [ 37.5581392, 55.5139508 ], [ 37.556343, 55.5135005 ], [ 37.5561459, 55.5134339 ], [ 37.555302599999983, 55.5132232 ], [ 37.5552658, 55.513281700000014 ], [ 37.5550662, 55.5132396 ], [ 37.5550473, 55.5132584 ], [ 37.554936400000017, 55.51323330000001 ], [ 37.5549444, 55.513216300000018 ], [ 37.554759200000014, 55.5131714 ], [ 37.5547883, 55.513097 ], [ 37.5529884, 55.5128523 ], [ 37.5515886, 55.512662 ], [ 37.551325600000013, 55.512644300000026 ], [ 37.5508278, 55.5126535 ], [ 37.547025200000014, 55.512723700000024 ], [ 37.5468991, 55.5119938 ], [ 37.550112, 55.5106451 ], [ 37.553133800000012, 55.50986240000001 ], [ 37.5536467, 55.509729500000013 ], [ 37.553963600000017, 55.5096659 ], [ 37.553745300000024, 55.5092104 ], [ 37.552573600000017, 55.5055192 ], [ 37.551311400000017, 55.505636900000013 ], [ 37.5481048, 55.5059369 ], [ 37.5476607, 55.504560100000013 ], [ 37.5466981, 55.5046502 ], [ 37.546571800000017, 55.5042452 ], [ 37.543754900000025, 55.504455300000011 ], [ 37.5423336, 55.5045612 ], [ 37.541768300000015, 55.5037892 ], [ 37.541038900000018, 55.503921900000016 ], [ 37.5397977, 55.5044757 ], [ 37.5356792, 55.5055945 ], [ 37.533963700000015, 55.5057122 ], [ 37.532593599999984, 55.5028382 ], [ 37.5297591, 55.5039099 ], [ 37.5300411, 55.5063782 ], [ 37.5302201, 55.507585200000022 ], [ 37.5302887, 55.508162200000015 ], [ 37.53225410000001, 55.50828640000001 ], [ 37.5342083, 55.508349100000018 ], [ 37.5344489, 55.5083034 ], [ 37.5350534, 55.5083321 ], [ 37.535333800000011, 55.5090822 ], [ 37.5356831, 55.5095485 ], [ 37.536401199999986, 55.5111723 ], [ 37.5370991, 55.511441200000029 ], [ 37.5381558, 55.512001600000019 ], [ 37.538452200000016, 55.51212970000001 ], [ 37.539152899999984, 55.512158100000015 ], [ 37.5399265, 55.513508 ], [ 37.539554, 55.513592 ], [ 37.539572100000015, 55.5136819 ], [ 37.538985800000013, 55.5140447 ], [ 37.5390366, 55.514132399999987 ], [ 37.5380897, 55.515039499999986 ], [ 37.53716630000001, 55.5154632 ], [ 37.53661, 55.515656200000024 ], [ 37.536197, 55.515997500000019 ], [ 37.536324400000019, 55.516332600000013 ], [ 37.5361706, 55.516777699999977 ], [ 37.5354891, 55.5175473 ], [ 37.535123400000018, 55.5179618 ], [ 37.532650800000013, 55.5187602 ], [ 37.529579099999985, 55.520545200000015 ], [ 37.5274982, 55.521192900000017 ], [ 37.5228099, 55.5216342 ], [ 37.5222995, 55.52185 ], [ 37.5201102, 55.522479799999985 ], [ 37.5202854, 55.522889199999987 ], [ 37.5202099, 55.5237997 ], [ 37.520202200000014, 55.5238681 ], [ 37.5201934, 55.523901500000029 ], [ 37.520168, 55.5239366 ], [ 37.5201257, 55.523957 ], [ 37.5201078, 55.5239787 ], [ 37.5200975, 55.524002700000011 ], [ 37.5200938, 55.524034700000016 ], [ 37.520105800000017, 55.524106500000023 ], [ 37.520103900000016, 55.5241259 ], [ 37.5200937, 55.5241521 ], [ 37.5200716, 55.5241841 ], [ 37.5200274, 55.524229800000015 ], [ 37.5199571, 55.52429470000002 ], [ 37.519933, 55.524327800000016 ], [ 37.519927, 55.524346100000017 ], [ 37.5199008, 55.524425899999983 ], [ 37.5198888, 55.5244453 ], [ 37.519876600000011, 55.524459 ], [ 37.51978620000002, 55.524516 ], [ 37.5197661, 55.5245275 ], [ 37.519758100000018, 55.524543500000014 ], [ 37.519746100000013, 55.52455710000001 ], [ 37.5197119, 55.5245834 ], [ 37.5196816, 55.5246176 ], [ 37.5196555, 55.5246655 ], [ 37.5196456, 55.524704400000019 ], [ 37.5196494, 55.5247371 ], [ 37.5196496, 55.524742400000022 ], [ 37.5196497, 55.524763600000014 ], [ 37.5196436, 55.524786400000011 ], [ 37.5195913, 55.5248447 ], [ 37.519492900000017, 55.524945 ], [ 37.5194731, 55.5249584 ], [ 37.51944670000001, 55.5249752 ], [ 37.5194305, 55.524983800000015 ], [ 37.5194125, 55.5249884 ], [ 37.5194014, 55.524994 ], [ 37.5193984, 55.5250295 ], [ 37.51939440000001, 55.5250819 ], [ 37.5194306, 55.525200599999984 ], [ 37.5194226, 55.525236400000011 ], [ 37.5194034, 55.525302800000013 ], [ 37.5194089, 55.5253569 ], [ 37.519401900000013, 55.5254614 ], [ 37.5193948, 55.525478900000017 ], [ 37.519386, 55.5254896 ], [ 37.519368700000015, 55.525496700000012 ], [ 37.519341200000021, 55.52550020000001 ], [ 37.5192966, 55.5254939 ], [ 37.519247, 55.5254809 ], [ 37.519217800000014, 55.5254659 ], [ 37.51919, 55.525435 ], [ 37.519169399999988, 55.525402800000016 ], [ 37.5191597, 55.5253528 ], [ 37.5191621, 55.525312800000016 ], [ 37.5191797, 55.525276400000024 ], [ 37.5191915, 55.525241100000017 ], [ 37.5191773, 55.52520670000002 ], [ 37.5191452, 55.5251689 ], [ 37.5191072, 55.525144800000021 ], [ 37.5190739, 55.525140400000012 ], [ 37.5190383, 55.525150100000012 ], [ 37.5189775, 55.5251728 ], [ 37.518928200000012, 55.525187900000013 ], [ 37.518857, 55.5252035 ], [ 37.518813400000013, 55.5252191 ], [ 37.5187822, 55.525218500000015 ], [ 37.5187566, 55.5252107 ], [ 37.518743400000012, 55.5252078 ], [ 37.5187298, 55.525211500000012 ], [ 37.5187203, 55.5252236 ], [ 37.518706, 55.5252459 ], [ 37.518685600000012, 55.5252696 ], [ 37.5186685, 55.5252958 ], [ 37.51866540000001, 55.525321300000016 ], [ 37.5186753, 55.525366 ], [ 37.518677, 55.525409900000021 ], [ 37.51866540000001, 55.525428900000023 ], [ 37.51864, 55.5254367 ], [ 37.518590900000014, 55.5254348 ], [ 37.518549300000011, 55.5254263 ], [ 37.518526700000017, 55.5254112 ], [ 37.518506, 55.5253902 ], [ 37.5184764, 55.5253683 ], [ 37.5184597, 55.5253587 ], [ 37.5184418, 55.52535730000001 ], [ 37.518422200000025, 55.525365400000013 ], [ 37.51837410000001, 55.525386600000012 ], [ 37.5182885, 55.5254235 ], [ 37.518208300000012, 55.5254604 ], [ 37.518144200000016, 55.52548620000001 ], [ 37.5181141, 55.525497 ], [ 37.5180974, 55.5254998 ], [ 37.5180829, 55.5254974 ], [ 37.5180655, 55.5254902 ], [ 37.518040100000015, 55.525478800000016 ], [ 37.5179922, 55.525459800000021 ], [ 37.5179587, 55.525447 ], [ 37.517941900000011, 55.5254307 ], [ 37.517932200000011, 55.5254061 ], [ 37.517921, 55.5253798 ], [ 37.5179016, 55.5253609 ], [ 37.5178832, 55.5253505 ], [ 37.51785390000002, 55.5253444 ], [ 37.5178227, 55.525345300000012 ], [ 37.517785400000015, 55.525355500000011 ], [ 37.5177562, 55.525362200000011 ], [ 37.517711, 55.5253811 ], [ 37.5176802, 55.525401200000012 ], [ 37.5176531, 55.5254236 ], [ 37.517548600000019, 55.525488 ], [ 37.5175033, 55.5255046 ], [ 37.5174496, 55.5255076 ], [ 37.517398600000014, 55.5255008 ], [ 37.51735020000001, 55.5254799 ], [ 37.5173339, 55.525471800000012 ], [ 37.517316, 55.5254724 ], [ 37.5173003, 55.52548130000001 ], [ 37.5172844, 55.525494800000011 ], [ 37.5172724, 55.5255126 ], [ 37.517257100000023, 55.525536599999988 ], [ 37.517244199999986, 55.5255587 ], [ 37.5172277, 55.5255787 ], [ 37.5171912, 55.5255968 ], [ 37.517154700000013, 55.5256142 ], [ 37.517098, 55.5256316 ], [ 37.517031, 55.5256416 ], [ 37.516972099999983, 55.5256476 ], [ 37.5169354, 55.525656300000023 ], [ 37.516903600000013, 55.525671 ], [ 37.516874200000011, 55.525686400000012 ], [ 37.5168412, 55.525689 ], [ 37.5168094, 55.5256818 ], [ 37.516764600000023, 55.5256617 ], [ 37.516741400000015, 55.525658 ], [ 37.516698600000012, 55.525661 ], [ 37.516644400000011, 55.525675 ], [ 37.5165985, 55.5256884 ], [ 37.516572900000014, 55.5256997 ], [ 37.516567300000013, 55.5257115 ], [ 37.5165728, 55.525726099999986 ], [ 37.5165961, 55.525739200000025 ], [ 37.51664310000001, 55.5257599 ], [ 37.5166939, 55.52578190000002 ], [ 37.51671260000002, 55.525798 ], [ 37.5167164, 55.5258133 ], [ 37.516706800000016, 55.525828 ], [ 37.5166875, 55.525841 ], [ 37.5166648, 55.5258445 ], [ 37.5166455, 55.525848500000016 ], [ 37.516615, 55.52585220000001 ], [ 37.5165608, 55.5258559 ], [ 37.5164955, 55.5258572 ], [ 37.5164399, 55.525860100000024 ], [ 37.516388, 55.5258637 ], [ 37.5163442, 55.5258669 ], [ 37.5163179, 55.525874100000017 ], [ 37.516292700000015, 55.5258823 ], [ 37.516257, 55.525883700000023 ], [ 37.516193200000011, 55.5258791 ], [ 37.516106200000024, 55.525881600000019 ], [ 37.516065099999985, 55.5258829 ], [ 37.516004, 55.5258769 ], [ 37.51583, 55.5258548 ], [ 37.5158002, 55.525851 ], [ 37.515756200000013, 55.525851699999983 ], [ 37.5156776, 55.5258634 ], [ 37.5156147, 55.5258752 ], [ 37.515573600000018, 55.5258774 ], [ 37.5155416, 55.525878100000014 ], [ 37.5155196, 55.5258822 ], [ 37.51548420000001, 55.5258942 ], [ 37.515408100000016, 55.5259177 ], [ 37.5153428, 55.5259388 ], [ 37.515320700000011, 55.525947900000013 ], [ 37.5153045, 55.5259625 ], [ 37.515296300000017, 55.525974900000016 ], [ 37.515271, 55.5259978 ], [ 37.5152645, 55.526011700000019 ], [ 37.5152651, 55.5260264 ], [ 37.515269399999987, 55.526077300000011 ], [ 37.5152629, 55.5260912 ], [ 37.515253700000024, 55.52610390000001 ], [ 37.515221100000012, 55.5261174 ], [ 37.5151319, 55.526129800000028 ], [ 37.515064500000022, 55.5261285 ], [ 37.5150316, 55.526128100000015 ], [ 37.5149979, 55.52613070000001 ], [ 37.5149565, 55.5261332 ], [ 37.514931900000015, 55.526137 ], [ 37.5148984, 55.526147799999983 ], [ 37.514867, 55.526160500000024 ], [ 37.514844500000017, 55.5261688 ], [ 37.5148244, 55.52617510000001 ], [ 37.514804200000015, 55.526179600000027 ], [ 37.5147953, 55.5261802 ], [ 37.5147752, 55.526179600000027 ], [ 37.5147506, 55.526176300000017 ], [ 37.514725900000023, 55.526170200000017 ], [ 37.514703500000017, 55.526165 ], [ 37.514677700000014, 55.526163100000026 ], [ 37.5146284, 55.526160500000024 ], [ 37.5146037, 55.5261618 ], [ 37.5145701, 55.5261675 ], [ 37.5145232, 55.526175200000012 ], [ 37.5144906, 55.526179700000021 ], [ 37.5144849, 55.5261832 ], [ 37.514476199999983, 55.5261885 ], [ 37.51444690000001, 55.5262063 ], [ 37.5144258, 55.526216400000017 ], [ 37.514388700000012, 55.5262285 ], [ 37.5143676, 55.5262393 ], [ 37.5143238, 55.5262526 ], [ 37.514309200000021, 55.5262546 ], [ 37.5142891, 55.526255200000023 ], [ 37.51426330000001, 55.526255200000023 ], [ 37.5141904, 55.5262494 ], [ 37.5141301, 55.526245 ], [ 37.5140885, 55.5262397 ], [ 37.514041700000014, 55.5262311 ], [ 37.5139632, 55.526210900000017 ], [ 37.513915200000014, 55.5262005 ], [ 37.5138647, 55.526192499999986 ], [ 37.513822500000018, 55.526189100000025 ], [ 37.5137702, 55.526189100000025 ], [ 37.5136496, 55.5261995 ], [ 37.513555, 55.52620850000001 ], [ 37.513500700000016, 55.52622 ], [ 37.5134606, 55.5262314 ], [ 37.513434400000016, 55.526246200000017 ], [ 37.5134265, 55.5262702 ], [ 37.51343450000001, 55.5262884 ], [ 37.513468700000011, 55.526313600000023 ], [ 37.513492500000012, 55.5263412 ], [ 37.5134767, 55.5263558 ], [ 37.5134466, 55.5263661 ], [ 37.513362, 55.526374 ], [ 37.513255600000015, 55.5263957 ], [ 37.5132255, 55.5263957 ], [ 37.513203300000015, 55.52639 ], [ 37.5131831, 55.5263797 ], [ 37.5131589, 55.5263364 ], [ 37.5131375, 55.5263214 ], [ 37.5130957, 55.5263153 ], [ 37.513044500000014, 55.5263182 ], [ 37.512992, 55.52632950000001 ], [ 37.512941900000015, 55.526344400000021 ], [ 37.512869400000014, 55.52637290000002 ], [ 37.512803100000014, 55.526391100000012 ], [ 37.5127427, 55.526399200000014 ], [ 37.5126784, 55.526401500000013 ], [ 37.51261, 55.5264003 ], [ 37.512561400000024, 55.5263939 ], [ 37.5125098, 55.5263808 ], [ 37.5124652, 55.526356900000025 ], [ 37.512425, 55.5263376 ], [ 37.512394700000016, 55.526328800000016 ], [ 37.51236040000002, 55.5263246 ], [ 37.5123045, 55.526327 ], [ 37.512213700000011, 55.526347900000012 ], [ 37.5121294, 55.5263673 ], [ 37.5119866, 55.5263924 ], [ 37.5118256, 55.5264164 ], [ 37.511668900000011, 55.52643350000001 ], [ 37.511473800000012, 55.526444900000023 ], [ 37.5113511, 55.5264587 ], [ 37.511268600000022, 55.526472300000016 ], [ 37.5111722, 55.526494 ], [ 37.5111038, 55.526506600000012 ], [ 37.511041500000019, 55.526511200000023 ], [ 37.5109604, 55.526507 ], [ 37.5108431, 55.526503 ], [ 37.5107016, 55.526499800000011 ], [ 37.5106477, 55.5264955 ], [ 37.5105522, 55.5264781 ], [ 37.5104908, 55.5264781 ], [ 37.5104543, 55.5264815 ], [ 37.510416100000022, 55.5264929 ], [ 37.510388, 55.526511200000023 ], [ 37.5103174, 55.526591 ], [ 37.5102894, 55.5266161 ], [ 37.510267100000021, 55.5266298 ], [ 37.5102379, 55.526635900000016 ], [ 37.510202900000024, 55.526632100000015 ], [ 37.510100400000013, 55.5266076 ], [ 37.5100607, 55.5266 ], [ 37.5100239, 55.526602400000016 ], [ 37.509981599999989, 55.5266161 ], [ 37.5099495, 55.526632100000015 ], [ 37.50992140000001, 55.5266562 ], [ 37.5099061, 55.5266843 ], [ 37.5099054, 55.5267074 ], [ 37.5099134, 55.526726800000013 ], [ 37.509933600000011, 55.526745 ], [ 37.509961600000011, 55.5267599 ], [ 37.5100457, 55.5267851 ], [ 37.5100904, 55.526802 ], [ 37.5101081, 55.526814400000021 ], [ 37.5101125, 55.5268283 ], [ 37.5101125, 55.526848800000018 ], [ 37.5100903, 55.52686940000001 ], [ 37.510028, 55.5268957 ], [ 37.5099272, 55.5269222 ], [ 37.5098512, 55.5269345 ], [ 37.5098048, 55.5269379 ], [ 37.5097617, 55.5269356 ], [ 37.509712700000023, 55.526922400000011 ], [ 37.5096721, 55.5268991 ], [ 37.509617900000023, 55.526852300000016 ], [ 37.5095892, 55.5268208 ], [ 37.5095473, 55.526786100000017 ], [ 37.5095132, 55.5267702 ], [ 37.509471, 55.5267593 ], [ 37.509414600000014, 55.5267543 ], [ 37.5093503, 55.5267531 ], [ 37.509294, 55.5267634 ], [ 37.5092498, 55.5267771 ], [ 37.509191300000012, 55.5268045 ], [ 37.509109100000018, 55.5268506 ], [ 37.50905, 55.526878400000015 ], [ 37.5089964, 55.5269026 ], [ 37.508944, 55.526917400000016 ], [ 37.5088696, 55.5269242 ], [ 37.5087536, 55.52692320000002 ], [ 37.5087165, 55.526917400000016 ], [ 37.5086826, 55.526904 ], [ 37.508640600000014, 55.526857 ], [ 37.5086184, 55.5268421 ], [ 37.50859220000001, 55.52683530000003 ], [ 37.508564, 55.5268342 ], [ 37.5085379, 55.526841 ], [ 37.5084977, 55.5268696 ], [ 37.5084233, 55.5269266 ], [ 37.508404, 55.526943600000017 ], [ 37.5083971, 55.5269608 ], [ 37.5084032, 55.526976700000013 ], [ 37.5084253, 55.5269995 ], [ 37.508433300000014, 55.5270109 ], [ 37.508430800000014, 55.5270283 ], [ 37.5084112, 55.527044 ], [ 37.508381, 55.527055500000031 ], [ 37.508254, 55.527079700000016 ], [ 37.5082003, 55.527086700000012 ], [ 37.5081558, 55.5270885 ], [ 37.508101600000018, 55.527084 ], [ 37.5080634, 55.527072500000024 ], [ 37.5080372, 55.5270544 ], [ 37.5080212, 55.5270327 ], [ 37.5080092, 55.5270033 ], [ 37.50800490000001, 55.526922100000014 ], [ 37.507997, 55.5269014 ], [ 37.50798480000001, 55.5268912 ], [ 37.5079648, 55.526885500000013 ], [ 37.50793250000001, 55.526883200000015 ], [ 37.5078902, 55.52689010000001 ], [ 37.5078291, 55.5269037 ], [ 37.5077657, 55.5269072 ], [ 37.5076972, 55.5269037 ], [ 37.5076606, 55.52690430000002 ], [ 37.50762690000002, 55.5269083 ], [ 37.50757870000001, 55.5269243 ], [ 37.5075305, 55.5269476 ], [ 37.507466799999989, 55.526992100000015 ], [ 37.50744, 55.527027 ], [ 37.5074167, 55.5270923 ], [ 37.507396900000018, 55.5271102 ], [ 37.507367500000015, 55.527116 ], [ 37.507329800000015, 55.52711450000001 ], [ 37.507301200000015, 55.52710110000001 ], [ 37.5072852, 55.527076 ], [ 37.507283100000024, 55.527051 ], [ 37.507301300000016, 55.527030100000012 ], [ 37.5073335, 55.5270054 ], [ 37.507337800000023, 55.52699 ], [ 37.50733080000002, 55.526977500000022 ], [ 37.507304, 55.526967 ], [ 37.5072615, 55.526964 ], [ 37.5072074, 55.5269665 ], [ 37.5071663, 55.526976800000014 ], [ 37.507138, 55.526989 ], [ 37.5071221, 55.52700870000001 ], [ 37.507112900000017, 55.5270447 ], [ 37.507096, 55.5270852 ], [ 37.507078, 55.527102200000016 ], [ 37.5070447, 55.5271123 ], [ 37.506987500000015, 55.5271182 ], [ 37.506933100000012, 55.5271171 ], [ 37.506880900000013, 55.527105800000015 ], [ 37.5068447, 55.527086400000016 ], [ 37.50682860000002, 55.527059 ], [ 37.506833, 55.5270259 ], [ 37.5068319, 55.5269869 ], [ 37.5068085, 55.5269666 ], [ 37.506754200000017, 55.5269495 ], [ 37.5066387, 55.5269794 ], [ 37.50646230000001, 55.5268816 ], [ 37.506344599999984, 55.5268542 ], [ 37.506205200000011, 55.5268343 ], [ 37.505993200000013, 55.5268103 ], [ 37.5057351, 55.526771599999989 ], [ 37.5056018, 55.526751 ], [ 37.5054486, 55.5267049 ], [ 37.5049972, 55.5265405 ], [ 37.50476860000002, 55.5264773 ], [ 37.50453, 55.5264157 ], [ 37.5044957, 55.526409500000014 ], [ 37.5044902, 55.5264183 ], [ 37.5044736, 55.5264705 ], [ 37.50446250000001, 55.5264955 ], [ 37.5044496, 55.52651740000001 ], [ 37.5044332, 55.5265336 ], [ 37.5044211, 55.5265498 ], [ 37.504415600000016, 55.52657330000001 ], [ 37.50441750000001, 55.5265973 ], [ 37.5044405, 55.5266346 ], [ 37.5044663, 55.5266758 ], [ 37.5044791, 55.526705 ], [ 37.5044838, 55.5267218 ], [ 37.5044811, 55.5267416 ], [ 37.504468100000011, 55.526754600000011 ], [ 37.5044506, 55.5267655 ], [ 37.5044259, 55.526778600000021 ], [ 37.504326899999988, 55.5268107 ], [ 37.5042377, 55.5268368 ], [ 37.5041282, 55.5268588 ], [ 37.5040803, 55.526864 ], [ 37.5040461, 55.5268603 ], [ 37.504000199999986, 55.526849900000023 ], [ 37.5039606, 55.5268222 ], [ 37.5039358, 55.5268014 ], [ 37.5039063, 55.5267664 ], [ 37.503887, 55.5267471 ], [ 37.5038732, 55.5267346 ], [ 37.5038493, 55.526727800000025 ], [ 37.503829900000014, 55.5267236 ], [ 37.5037986, 55.526721100000017 ], [ 37.5037775, 55.5267247 ], [ 37.503752600000013, 55.526730400000012 ], [ 37.5037443, 55.5267403 ], [ 37.5037213, 55.5267748 ], [ 37.5037144, 55.526802400000015 ], [ 37.50371160000001, 55.526819100000019 ], [ 37.5037097, 55.526844100000019 ], [ 37.5037025, 55.526868700000023 ], [ 37.503686800000011, 55.526887 ], [ 37.5036729, 55.526892700000019 ], [ 37.5036527, 55.526896300000011 ], [ 37.5036269, 55.5268974 ], [ 37.503600200000015, 55.5268943 ], [ 37.5035652, 55.526881200000012 ], [ 37.50351830000001, 55.526864 ], [ 37.5034898, 55.526857 ], [ 37.503464, 55.52685360000001 ], [ 37.5034337, 55.526852500000018 ], [ 37.5034134, 55.5268541 ], [ 37.503394900000025, 55.526864 ], [ 37.503385800000018, 55.526873400000021 ], [ 37.5033756, 55.526889600000011 ], [ 37.5033684, 55.5269125 ], [ 37.5033582, 55.5269323 ], [ 37.50334070000001, 55.5269496 ], [ 37.5033177, 55.5269621 ], [ 37.5032873, 55.5269678 ], [ 37.5032551, 55.5269653 ], [ 37.5032266, 55.5269585 ], [ 37.503179900000013, 55.5269465 ], [ 37.5031514, 55.526946 ], [ 37.503109, 55.52694850000001 ], [ 37.5030695, 55.526947100000015 ], [ 37.503039, 55.526942300000023 ], [ 37.5030198, 55.5269314 ], [ 37.503002200000019, 55.52690680000002 ], [ 37.502998700000013, 55.526884400000014 ], [ 37.5029986, 55.5268573 ], [ 37.502997600000015, 55.5268364 ], [ 37.502989400000011, 55.5268129 ], [ 37.502971, 55.5267889 ], [ 37.5029406, 55.52676850000001 ], [ 37.5028845, 55.5267373 ], [ 37.5027811, 55.5266936 ], [ 37.502715800000011, 55.5266717 ], [ 37.502676, 55.5266592 ], [ 37.5026366, 55.526653500000016 ], [ 37.5026036, 55.5266555 ], [ 37.502571300000014, 55.5266597 ], [ 37.5025317, 55.5266753 ], [ 37.5024995, 55.5266936 ], [ 37.5024796, 55.5267186 ], [ 37.5024775, 55.5267531 ], [ 37.5024876, 55.526785900000014 ], [ 37.5025151, 55.5268128 ], [ 37.5025435, 55.5268343 ], [ 37.5025684, 55.526854600000021 ], [ 37.50258680000001, 55.5268781 ], [ 37.5025887, 55.5268958 ], [ 37.502579400000016, 55.526914 ], [ 37.5025518, 55.5269344 ], [ 37.502503, 55.5269547 ], [ 37.5023987, 55.526984700000014 ], [ 37.5023656, 55.5269905 ], [ 37.5023141, 55.527000400000013 ], [ 37.5022819, 55.5270077 ], [ 37.502260700000022, 55.527018100000021 ], [ 37.502242300000013, 55.5270343 ], [ 37.5022313, 55.5270505 ], [ 37.5022238, 55.5270756 ], [ 37.502229400000012, 55.5271115 ], [ 37.50228820000001, 55.527212500000012 ], [ 37.5023067, 55.5272538 ], [ 37.5023066, 55.5272871 ], [ 37.5022947, 55.527321100000016 ], [ 37.5022761, 55.5273533 ], [ 37.5022734, 55.527368300000013 ], [ 37.5022736, 55.527393400000022 ], [ 37.502274800000016, 55.5274549 ], [ 37.5022757, 55.5274994 ], [ 37.502286900000023, 55.5275682 ], [ 37.5022977, 55.5276079 ], [ 37.502275, 55.527634900000017 ], [ 37.502203300000012, 55.5276523 ], [ 37.5021363, 55.5276605 ], [ 37.5020471, 55.5276659 ], [ 37.501919700000016, 55.5276842 ], [ 37.5018615, 55.5276819 ], [ 37.5017429, 55.5276558 ], [ 37.5015927, 55.527614 ], [ 37.501457100000017, 55.527575900000016 ], [ 37.5013024, 55.527513100000014 ], [ 37.5011515, 55.527447 ], [ 37.5010375, 55.5274048 ], [ 37.5009444, 55.5273774 ], [ 37.5005425, 55.5272392 ], [ 37.5002326, 55.527131 ], [ 37.499948900000014, 55.527026 ], [ 37.49975790000002, 55.526961100000015 ], [ 37.4996092, 55.5269075 ], [ 37.4994704, 55.526864 ], [ 37.49939, 55.526835600000013 ], [ 37.4993276, 55.5268058 ], [ 37.4992672, 55.526782 ], [ 37.499214900000013, 55.5267648 ], [ 37.4991688, 55.5267545 ], [ 37.4991204, 55.5267512 ], [ 37.499078300000015, 55.5267523 ], [ 37.4989676, 55.5267694 ], [ 37.498816800000014, 55.526774 ], [ 37.4987243, 55.5267796 ], [ 37.4986679, 55.5267888 ], [ 37.4986297, 55.5268081 ], [ 37.498575400000014, 55.5268458 ], [ 37.498515100000013, 55.5268801 ], [ 37.4984629, 55.526904 ], [ 37.498414600000011, 55.526917700000013 ], [ 37.498358400000022, 55.526924500000014 ], [ 37.498318200000021, 55.5269222 ], [ 37.4982798, 55.5269075 ], [ 37.498267700000014, 55.5268881 ], [ 37.4982737, 55.5268515 ], [ 37.4982658, 55.52683320000002 ], [ 37.4982396, 55.5268252 ], [ 37.498207400000013, 55.5268258 ], [ 37.49817740000001, 55.526828500000022 ], [ 37.498156300000012, 55.5268344 ], [ 37.4981204, 55.5268471 ], [ 37.4980679, 55.5268564 ], [ 37.49800350000001, 55.5268674 ], [ 37.4979736, 55.5268777 ], [ 37.497952600000012, 55.5269014 ], [ 37.49792570000001, 55.526926900000021 ], [ 37.4979047, 55.526929400000014 ], [ 37.4978838, 55.526924399999984 ], [ 37.4978584, 55.526908200000015 ], [ 37.4978179, 55.526866600000012 ], [ 37.4977968, 55.526831 ], [ 37.4977969, 55.5267818 ], [ 37.497785, 55.526771500000024 ], [ 37.497752100000021, 55.5267639 ], [ 37.497718900000024, 55.5267656 ], [ 37.497635300000013, 55.5267808 ], [ 37.4975663, 55.526803700000016 ], [ 37.4975213, 55.526828400000028 ], [ 37.4975094, 55.526844600000011 ], [ 37.4975018, 55.526881900000021 ], [ 37.4975019, 55.5269855 ], [ 37.4974884, 55.527010100000012 ], [ 37.497465900000016, 55.52702450000001 ], [ 37.4974165, 55.52705 ], [ 37.4973865, 55.527077100000021 ], [ 37.4973161, 55.527137500000023 ], [ 37.497307100000022, 55.52716370000001 ], [ 37.497319200000014, 55.5271866 ], [ 37.497353600000011, 55.5272223 ], [ 37.4973624, 55.5272614 ], [ 37.497352100000015, 55.5272885 ], [ 37.4973117, 55.5273089 ], [ 37.4972607, 55.527319900000016 ], [ 37.4972142, 55.5273192 ], [ 37.497115400000013, 55.52729870000001 ], [ 37.4969627, 55.527251200000023 ], [ 37.4968205, 55.527207900000015 ], [ 37.4967591, 55.527199400000015 ], [ 37.4967036, 55.5272062 ], [ 37.496645200000017, 55.5272241 ], [ 37.4963607, 55.5273505 ], [ 37.496272300000022, 55.527389600000021 ], [ 37.4962198, 55.5273997 ], [ 37.4961644, 55.527397100000016 ], [ 37.4960835, 55.527383599999986 ], [ 37.4960206, 55.527377600000023 ], [ 37.4959652, 55.5273844 ], [ 37.495867800000013, 55.527415 ], [ 37.495776500000012, 55.527463300000015 ], [ 37.495721, 55.527481200000018 ], [ 37.49562820000002, 55.5274982 ], [ 37.4955129, 55.5274982 ], [ 37.495426, 55.5274974 ], [ 37.495384100000024, 55.52750240000001 ], [ 37.4953316, 55.5275169 ], [ 37.4951399, 55.5275848 ], [ 37.495069600000015, 55.5276034 ], [ 37.495000600000012, 55.527606800000015 ], [ 37.494931800000025, 55.5275958 ], [ 37.494889900000011, 55.527576299999986 ], [ 37.4948689, 55.527553300000015 ], [ 37.4948523, 55.527533900000023 ], [ 37.494831400000017, 55.5275287 ], [ 37.494803, 55.5275321 ], [ 37.494779, 55.527544900000024 ], [ 37.494746, 55.5275729 ], [ 37.494707100000021, 55.5276085 ], [ 37.4945993, 55.5276917 ], [ 37.4945619, 55.5277342 ], [ 37.4945513, 55.5277655 ], [ 37.494543800000017, 55.527799500000015 ], [ 37.4945573, 55.5278165 ], [ 37.494584200000013, 55.527832600000018 ], [ 37.4946067, 55.52784960000001 ], [ 37.494621700000025, 55.5278691 ], [ 37.4946202, 55.527892100000017 ], [ 37.4946067, 55.5279116 ], [ 37.4945783, 55.5279354 ], [ 37.4944554, 55.528024500000015 ], [ 37.4944284, 55.5280559 ], [ 37.494403, 55.528111 ], [ 37.494379, 55.528137300000012 ], [ 37.494328100000018, 55.5281603 ], [ 37.4942773, 55.528171400000012 ], [ 37.494227600000016, 55.5281696 ], [ 37.4942024, 55.528159500000015 ], [ 37.4941635, 55.528120400000013 ], [ 37.494144, 55.5281086 ], [ 37.4941184, 55.5281052 ], [ 37.494091600000012, 55.5281068 ], [ 37.494058500000015, 55.5281187 ], [ 37.494024, 55.5281433 ], [ 37.493994200000017, 55.5281773 ], [ 37.49392970000001, 55.528216400000012 ], [ 37.4938967, 55.52824360000001 ], [ 37.493893800000016, 55.5282724 ], [ 37.4939071, 55.5282948 ], [ 37.4939537, 55.528339400000014 ], [ 37.4939881, 55.5283572 ], [ 37.4940344, 55.528378400000022 ], [ 37.494046500000017, 55.5283887 ], [ 37.4940509, 55.5284108 ], [ 37.494018, 55.528441400000013 ], [ 37.493967099999985, 55.52846 ], [ 37.493871100000014, 55.52847950000001 ], [ 37.4937273, 55.5285177 ], [ 37.493691400000017, 55.528531300000012 ], [ 37.493639100000017, 55.528564300000014 ], [ 37.493556600000012, 55.528637400000029 ], [ 37.493508700000014, 55.5286535 ], [ 37.493419, 55.5286646 ], [ 37.493350100000022, 55.528663700000017 ], [ 37.49331710000002, 55.5286535 ], [ 37.4931733, 55.528585600000021 ], [ 37.4931223, 55.528564400000015 ], [ 37.4930923, 55.528561 ], [ 37.493068500000021, 55.528564300000014 ], [ 37.493043, 55.528576300000012 ], [ 37.4930266, 55.528594900000023 ], [ 37.493011400000022, 55.528655199999989 ], [ 37.4929919, 55.52867470000001 ], [ 37.4929487, 55.5286892 ], [ 37.4928962, 55.5286917 ], [ 37.4927883, 55.528684900000016 ], [ 37.492694, 55.528675600000021 ], [ 37.4926506, 55.5286789 ], [ 37.4926131, 55.5286892 ], [ 37.4925652, 55.5287163 ], [ 37.492509800000015, 55.528764700000011 ], [ 37.4925068, 55.5287833 ], [ 37.4925246, 55.5288004 ], [ 37.4925729, 55.5288399 ], [ 37.492575700000017, 55.5288657 ], [ 37.4925682, 55.5288921 ], [ 37.4925472, 55.5289048 ], [ 37.492497800000017, 55.5289175 ], [ 37.4923824, 55.5289378 ], [ 37.4923449, 55.5289498 ], [ 37.492327, 55.5289633 ], [ 37.4922985, 55.5290126 ], [ 37.492295600000013, 55.529061 ], [ 37.492316499999987, 55.5291144 ], [ 37.492316600000017, 55.529137300000023 ], [ 37.4922971, 55.529151800000015 ], [ 37.4922671, 55.5291595 ], [ 37.4922295, 55.529162 ], [ 37.4921517, 55.529151800000015 ], [ 37.492029, 55.529125500000021 ], [ 37.492000400000023, 55.529117 ], [ 37.491948100000023, 55.529092300000023 ], [ 37.491798300000013, 55.528999 ], [ 37.4917788, 55.5289921 ], [ 37.4917548, 55.5289947 ], [ 37.4917189, 55.529004900000018 ], [ 37.4916696, 55.5290159 ], [ 37.4914613, 55.529047400000017 ], [ 37.4913296, 55.5290609 ], [ 37.491275600000016, 55.5290719 ], [ 37.4912171, 55.529099 ], [ 37.4911229, 55.529143300000023 ], [ 37.49107930000001, 55.529156 ], [ 37.4909416, 55.5291662 ], [ 37.4908562, 55.529178900000019 ], [ 37.490791700000017, 55.5292009 ], [ 37.49075730000002, 55.5292204 ], [ 37.4907439, 55.5292392 ], [ 37.490746900000012, 55.5292569 ], [ 37.4907603, 55.5292901 ], [ 37.4907513, 55.5293029 ], [ 37.490730400000011, 55.529313 ], [ 37.490688400000025, 55.5293224 ], [ 37.490585, 55.5293342 ], [ 37.4905221, 55.52932910000002 ], [ 37.4904846, 55.5293155 ], [ 37.490430700000012, 55.5293105 ], [ 37.4903304, 55.52931980000001 ], [ 37.4902945, 55.5293308 ], [ 37.4902301, 55.52938 ], [ 37.490176200000015, 55.529425 ], [ 37.490080300000017, 55.52947850000001 ], [ 37.489984400000012, 55.529559100000014 ], [ 37.489909500000017, 55.529603200000011 ], [ 37.489825600000017, 55.5296253 ], [ 37.4897477, 55.52963290000001 ], [ 37.489720100000014, 55.529627 ], [ 37.4896714, 55.529598200000017 ], [ 37.4896354, 55.529574300000014 ], [ 37.4895919, 55.5295718 ], [ 37.4895575, 55.5295794 ], [ 37.4893942, 55.5296491 ], [ 37.489367400000013, 55.5296728 ], [ 37.489363, 55.5296958 ], [ 37.4893851, 55.5297841 ], [ 37.4893778, 55.5298247 ], [ 37.48938380000002, 55.529856200000019 ], [ 37.4894181, 55.5298851 ], [ 37.4894617, 55.529911700000014 ], [ 37.4894843, 55.529933200000016 ], [ 37.489499800000019, 55.5299595 ], [ 37.489479, 55.529979099999984 ], [ 37.4894306, 55.52999040000001 ], [ 37.489364200000011, 55.529997100000017 ], [ 37.4892777, 55.529993700000013 ], [ 37.48921940000001, 55.529983399999985 ], [ 37.4891571, 55.52996060000001 ], [ 37.489040500000016, 55.529904600000016 ], [ 37.48895, 55.529845400000013 ], [ 37.488839300000016, 55.5297678 ], [ 37.488781, 55.529718800000012 ], [ 37.488764900000014, 55.529681100000012 ], [ 37.488759, 55.5296526 ], [ 37.4887449, 55.529632 ], [ 37.4887107, 55.5296081 ], [ 37.48863020000001, 55.529572700000031 ], [ 37.4883849, 55.52948940000001 ], [ 37.488304500000012, 55.52947 ], [ 37.488232100000012, 55.5294575 ], [ 37.4881838, 55.5294552 ], [ 37.4881296, 55.529459700000011 ], [ 37.4880752, 55.529473500000016 ], [ 37.488033100000017, 55.529494 ], [ 37.487938600000014, 55.5295533 ], [ 37.487892100000018, 55.5295875 ], [ 37.4878521, 55.5296046 ], [ 37.487791500000014, 55.529621700000021 ], [ 37.487689, 55.5296399 ], [ 37.487626700000021, 55.5296445 ], [ 37.4875624, 55.5296434 ], [ 37.4874881, 55.52963130000002 ], [ 37.4874357, 55.529618300000017 ], [ 37.487379299999986, 55.5296011 ], [ 37.487318700000024, 55.5295923 ], [ 37.4872664, 55.529587 ], [ 37.487219, 55.5295843 ], [ 37.4871794, 55.529596 ], [ 37.48702530000002, 55.5297026 ], [ 37.486963, 55.52973570000001 ], [ 37.4869026, 55.5297596 ], [ 37.486832300000017, 55.529779 ], [ 37.4867639, 55.52979040000001 ], [ 37.486665300000013, 55.52980070000001 ], [ 37.486603, 55.52980070000001 ], [ 37.4865265, 55.5297949 ], [ 37.4864341, 55.5297858 ], [ 37.4863233, 55.5297698 ], [ 37.485943300000017, 55.5297002 ], [ 37.4857866, 55.529677300000017 ], [ 37.485672, 55.5296637 ], [ 37.4855513, 55.5296431 ], [ 37.485480700000011, 55.5296237 ], [ 37.485356100000011, 55.5295655 ], [ 37.4853059, 55.529529 ], [ 37.4852677, 55.529489100000013 ], [ 37.4852195, 55.529421700000015 ], [ 37.485151100000017, 55.5293156 ], [ 37.4851089, 55.529272300000024 ], [ 37.4849943, 55.529194700000012 ], [ 37.48495, 55.52916960000001 ], [ 37.4848676, 55.52914 ], [ 37.484638400000016, 55.5290658 ], [ 37.4845217, 55.529041800000016 ], [ 37.484375, 55.528995 ], [ 37.4842341, 55.5289402 ], [ 37.48415780000002, 55.528909400000011 ], [ 37.4840793, 55.5288684 ], [ 37.4839909, 55.5288296 ], [ 37.4838964, 55.5287942 ], [ 37.4837878, 55.52876220000001 ], [ 37.4836596, 55.5287218 ], [ 37.4834953, 55.528680600000015 ], [ 37.483429800000017, 55.528649600000023 ], [ 37.483388, 55.5286409 ], [ 37.4833072, 55.5286408 ], [ 37.4832089, 55.5286397 ], [ 37.48314340000001, 55.528627300000011 ], [ 37.4831153, 55.52860470000001 ], [ 37.4830976, 55.5285282 ], [ 37.4830933, 55.5284303 ], [ 37.4830953, 55.5283907 ], [ 37.4830976, 55.5283449 ], [ 37.4831082, 55.5283268 ], [ 37.4831625, 55.5282836 ], [ 37.483165500000013, 55.5282737 ], [ 37.4831618, 55.5282629 ], [ 37.4831068, 55.5282151 ], [ 37.482990600000015, 55.528130599999983 ], [ 37.482909800000016, 55.5280785 ], [ 37.482877, 55.528035099999983 ], [ 37.482829099999989, 55.527944799999986 ], [ 37.482796300000011, 55.527814800000023 ], [ 37.4827942, 55.5277714 ], [ 37.4828051, 55.527680900000021 ], [ 37.482798600000017, 55.5276178 ], [ 37.482798700000018, 55.5275583 ], [ 37.4828052, 55.5275088 ], [ 37.4828205, 55.5274592 ], [ 37.4828927, 55.5273477 ], [ 37.4829332, 55.5273123 ], [ 37.482952600000012, 55.5272847 ], [ 37.4829672, 55.5272518 ], [ 37.482969300000015, 55.527219 ], [ 37.482964700000011, 55.5271865 ], [ 37.4829393, 55.527158900000025 ], [ 37.482899300000014, 55.5271372 ], [ 37.482798900000013, 55.527093800000024 ], [ 37.482606500000017, 55.5270183 ], [ 37.482521400000017, 55.52698980000001 ], [ 37.4824558, 55.5269749 ], [ 37.4824166, 55.5269712 ], [ 37.4823728, 55.5269748 ], [ 37.4822532, 55.526988800000012 ], [ 37.482163, 55.526993 ], [ 37.482087900000018, 55.526994300000013 ], [ 37.4820355, 55.5269887 ], [ 37.4819903, 55.5269731 ], [ 37.4819326, 55.5269432 ], [ 37.4818826, 55.526905 ], [ 37.481850100000017, 55.5268752 ], [ 37.4817676, 55.5268042 ], [ 37.481675, 55.5267418 ], [ 37.4815722, 55.52668640000001 ], [ 37.4814721, 55.5266424 ], [ 37.4813995, 55.5266196 ], [ 37.4812922, 55.5265938 ], [ 37.481239500000015, 55.5265685 ], [ 37.4811843, 55.5265472 ], [ 37.481124600000015, 55.5265392 ], [ 37.481055800000014, 55.5265361 ], [ 37.48097640000001, 55.5265146 ], [ 37.48080130000001, 55.526452100000014 ], [ 37.4807462, 55.5264138 ], [ 37.4807011, 55.5263683 ], [ 37.480653600000011, 55.52633 ], [ 37.480603600000016, 55.526303 ], [ 37.4805335, 55.526278900000015 ], [ 37.4804759, 55.5262562 ], [ 37.4804159, 55.5262448 ], [ 37.4803482, 55.5262476 ], [ 37.4803012, 55.526241300000017 ], [ 37.4802715, 55.52623150000003 ], [ 37.4802381, 55.5262192 ], [ 37.4802018, 55.526207900000024 ], [ 37.480173, 55.526205 ], [ 37.48013610000001, 55.5262061 ], [ 37.4800404, 55.5262221 ], [ 37.479965200000017, 55.52623340000001 ], [ 37.4798951, 55.526237700000017 ], [ 37.47979990000001, 55.5262376 ], [ 37.4797349, 55.5262418 ], [ 37.4796898, 55.5262518 ], [ 37.4795821, 55.526283 ], [ 37.4795296, 55.52629 ], [ 37.4794369, 55.5263015 ], [ 37.4793516, 55.52631250000001 ], [ 37.4792665, 55.5263269 ], [ 37.479194, 55.526345300000024 ], [ 37.4791764, 55.5263595 ], [ 37.479164, 55.526397900000013 ], [ 37.479144, 55.526424800000022 ], [ 37.4791013, 55.526458900000023 ], [ 37.47901130000001, 55.526494300000024 ], [ 37.4789452, 55.5265136 ], [ 37.4789075, 55.5265167 ], [ 37.4788043, 55.5265068 ], [ 37.4786509, 55.5265073 ], [ 37.4786081, 55.526505700000016 ], [ 37.4785757, 55.5264929 ], [ 37.4785405, 55.5264574 ], [ 37.478508, 55.52644040000002 ], [ 37.478455500000024, 55.526424699999986 ], [ 37.478415500000018, 55.526409100000023 ], [ 37.478387, 55.526371500000025 ], [ 37.478347900000017, 55.526348 ], [ 37.478280300000016, 55.526314 ], [ 37.478240200000016, 55.5262856 ], [ 37.4782234, 55.526260900000011 ], [ 37.478228300000012, 55.5262383 ], [ 37.4782485, 55.526210700000021 ], [ 37.4782533, 55.5261956 ], [ 37.478242900000012, 55.5261806 ], [ 37.4782102, 55.526169 ], [ 37.4781702, 55.526162100000015 ], [ 37.47803, 55.5261536 ], [ 37.4779211, 55.5261261 ], [ 37.4778725, 55.526130400000014 ], [ 37.47782260000001, 55.526139500000014 ], [ 37.4777546, 55.5261521 ], [ 37.477690500000023, 55.5261522 ], [ 37.477612, 55.526142200000017 ], [ 37.4774948, 55.526143600000012 ], [ 37.477389, 55.5261563 ], [ 37.4773365, 55.5261747 ], [ 37.4772689, 55.526215900000011 ], [ 37.4771636, 55.52624 ], [ 37.4770615, 55.5262822 ], [ 37.4769175, 55.52634710000001 ], [ 37.476873800000021, 55.5263839 ], [ 37.4768403, 55.5264008 ], [ 37.476780300000016, 55.526417 ], [ 37.476706799999988, 55.526430400000024 ], [ 37.476660700000018, 55.526434 ], [ 37.476612, 55.526422599999989 ], [ 37.4765523, 55.526399200000014 ], [ 37.4764798, 55.526399200000014 ], [ 37.47637880000002, 55.5264205 ], [ 37.4763536, 55.526442 ], [ 37.476359, 55.5265001 ], [ 37.4763357, 55.526534800000022 ], [ 37.4762798, 55.526560300000014 ], [ 37.4762491, 55.5266243 ], [ 37.476162, 55.527865400000024 ], [ 37.4761012, 55.529029900000012 ], [ 37.4761216, 55.529596400000024 ], [ 37.476104300000017, 55.529768700000012 ], [ 37.47599180000001, 55.530899400000017 ], [ 37.4759686, 55.5311326 ], [ 37.4759296, 55.5318567 ], [ 37.4753511, 55.532382700000021 ], [ 37.4751577, 55.5326672 ], [ 37.475033900000021, 55.5329054 ], [ 37.4749516, 55.533493200000024 ], [ 37.475165, 55.5341149 ], [ 37.475762400000015, 55.5347785 ], [ 37.475753, 55.5349964 ], [ 37.4757124, 55.535388500000025 ], [ 37.475709, 55.5353874 ], [ 37.4755165, 55.537295100000023 ], [ 37.476193300000013, 55.5374537 ], [ 37.4762945, 55.537475400000012 ], [ 37.476312, 55.537479500000018 ], [ 37.476310600000012, 55.537481200000016 ], [ 37.47761490000002, 55.537786700000012 ], [ 37.4776169, 55.537785200000016 ], [ 37.4821506, 55.5388472 ], [ 37.482198600000011, 55.5388118 ], [ 37.4841155, 55.5392638 ], [ 37.485103700000018, 55.5395247 ], [ 37.485735, 55.5396913 ], [ 37.4861751, 55.539793 ], [ 37.4874673, 55.5399085 ], [ 37.48748040000001, 55.540092 ], [ 37.4877481, 55.540086700000025 ], [ 37.4877435, 55.539974500000014 ], [ 37.487755900000018, 55.5399736 ], [ 37.48774, 55.539868900000023 ], [ 37.4878006, 55.5398365 ], [ 37.4878655, 55.5397681 ], [ 37.4886776, 55.5396752 ], [ 37.4887675, 55.5396281 ], [ 37.491028700000015, 55.539433 ], [ 37.493449400000017, 55.5396458 ], [ 37.4936293, 55.5396872 ], [ 37.4947999, 55.539977300000011 ], [ 37.500665, 55.5413068 ], [ 37.507505, 55.5428807 ], [ 37.5077676, 55.5429454 ], [ 37.511115, 55.544986 ], [ 37.514496100000017, 55.548505 ], [ 37.517978, 55.5502155 ], [ 37.5181868, 55.550323300000024 ], [ 37.520269300000017, 55.55124 ], [ 37.5213726, 55.5517156 ], [ 37.5216115, 55.5518187 ], [ 37.5233071, 55.552549700000014 ], [ 37.525352500000011, 55.553438 ], [ 37.528579, 55.5548647 ], [ 37.5291881, 55.5552455 ], [ 37.5365076, 55.553672100000021 ], [ 37.544878, 55.55202 ], [ 37.548822500000021, 55.5526259 ], [ 37.549067600000015, 55.553199600000013 ], [ 37.5494658, 55.554131400000024 ], [ 37.5495264, 55.5541474 ], [ 37.551407200000014, 55.5546429 ], [ 37.551880900000015, 55.554788600000016 ], [ 37.55214740000001, 55.554869 ], [ 37.552373500000016, 55.55522 ], [ 37.552968700000022, 55.5562265 ], [ 37.554199200000014, 55.5593015 ], [ 37.5544666, 55.560264600000011 ], [ 37.5548035, 55.5614779 ], [ 37.552016700000024, 55.561846 ], [ 37.5503587, 55.562928700000015 ], [ 37.550494, 55.56331560000001 ], [ 37.5505919, 55.563603500000013 ], [ 37.551739700000013, 55.563518300000013 ], [ 37.5525113, 55.5636521 ], [ 37.553162, 55.5640597 ], [ 37.553453200000014, 55.5649232 ], [ 37.553771600000019, 55.5660436 ], [ 37.553499, 55.5676245 ], [ 37.5501395, 55.568316499999987 ], [ 37.547889600000019, 55.5689233 ], [ 37.5488828, 55.5699379 ], [ 37.5475078, 55.5703996 ], [ 37.5475043, 55.570400600000013 ], [ 37.546953100000017, 55.5704487 ], [ 37.546120600000016, 55.5699389 ], [ 37.5445136, 55.57022 ], [ 37.54368680000001, 55.5707516 ], [ 37.5436835, 55.5707527 ], [ 37.540690800000021, 55.5711273 ], [ 37.5403244, 55.5716706 ], [ 37.5389122, 55.5722054 ], [ 37.5389087, 55.572206400000013 ], [ 37.538058, 55.572298300000021 ], [ 37.5372403, 55.57238670000001 ], [ 37.536888, 55.573096200000016 ], [ 37.5369156, 55.573152 ], [ 37.5376894, 55.5731846 ], [ 37.5379704, 55.5731965 ], [ 37.5395468, 55.573263 ], [ 37.539546200000011, 55.573325900000029 ], [ 37.5395076, 55.574401500000015 ], [ 37.5399515, 55.5760432 ], [ 37.5399481, 55.5760443 ], [ 37.5387291, 55.575920600000011 ], [ 37.539300900000015, 55.5767203 ], [ 37.539297500000018, 55.5767215 ], [ 37.5368507, 55.577289 ], [ 37.538655, 55.5795598 ], [ 37.5387926, 55.5795409 ], [ 37.5405152, 55.579304200000017 ], [ 37.5410279, 55.5792324 ], [ 37.541074900000012, 55.5791878 ], [ 37.5407922, 55.579054500000019 ], [ 37.5409175, 55.5788372 ], [ 37.5419061, 55.578553499999984 ], [ 37.5424783, 55.578520400000016 ], [ 37.5429378, 55.578436200000013 ], [ 37.544256100000013, 55.5785155 ], [ 37.545746500000021, 55.5783573 ], [ 37.547934800000014, 55.578997 ], [ 37.5510286, 55.5802794 ], [ 37.5511832, 55.580321300000023 ], [ 37.5511392, 55.5803414 ], [ 37.5510146, 55.5803966 ], [ 37.550941900000019, 55.580433 ], [ 37.5508687, 55.580476 ], [ 37.550833200000014, 55.5804999 ], [ 37.5507043, 55.580600300000022 ], [ 37.550685100000017, 55.5806403 ], [ 37.550664800000021, 55.5806497 ], [ 37.5506373, 55.580658 ], [ 37.550623500000015, 55.5806602 ], [ 37.5506024, 55.5806604 ], [ 37.5505807, 55.5806567 ], [ 37.550569900000013, 55.5806533 ], [ 37.550537, 55.580647800000015 ], [ 37.550517700000022, 55.580645600000018 ], [ 37.5504846, 55.5806444 ], [ 37.550470800000014, 55.5806452 ], [ 37.550448300000014, 55.5806489 ], [ 37.550432500000021, 55.5806547 ], [ 37.550425400000016, 55.5806593 ], [ 37.550418900000011, 55.580669100000016 ], [ 37.550422200000014, 55.5806797 ], [ 37.550446700000023, 55.580699900000027 ], [ 37.5504584, 55.580711100000016 ], [ 37.5504621, 55.5807173 ], [ 37.550463700000016, 55.580724 ], [ 37.5504613, 55.580738200000013 ], [ 37.550434300000013, 55.580733 ], [ 37.5504391, 55.580764100000017 ], [ 37.5504227, 55.5807727 ], [ 37.5504049, 55.580777200000014 ], [ 37.5503634, 55.5807823 ], [ 37.5503385, 55.580789100000011 ], [ 37.5503249, 55.580794100000013 ], [ 37.55028020000001, 55.5808201 ], [ 37.5502605, 55.5808346 ], [ 37.550226500000015, 55.580864900000016 ], [ 37.5502093, 55.5808852 ], [ 37.550204400000013, 55.58089360000001 ], [ 37.5502014, 55.580907 ], [ 37.5502048, 55.5809166 ], [ 37.5502192, 55.580929500000018 ], [ 37.5502043, 55.580922600000015 ], [ 37.550226800000019, 55.5809422 ], [ 37.5502239, 55.580952400000015 ], [ 37.550207, 55.580977300000015 ], [ 37.550186300000021, 55.5810023 ], [ 37.5501306, 55.5810678 ], [ 37.5500878, 55.581123800000022 ], [ 37.5500629, 55.581161200000011 ], [ 37.5500214, 55.5812274 ], [ 37.549992300000014, 55.581262 ], [ 37.5499825, 55.5812695 ], [ 37.5499624, 55.581279 ], [ 37.5499492, 55.5812823 ], [ 37.5499253, 55.5812854 ], [ 37.549912100000014, 55.5812878 ], [ 37.549900100000016, 55.5812923 ], [ 37.549884599999984, 55.5813057 ], [ 37.549871800000012, 55.581315 ], [ 37.5498602, 55.5813191 ], [ 37.5498299, 55.5813248 ], [ 37.5498038, 55.5813306 ], [ 37.549776700000024, 55.581340500000024 ], [ 37.549721, 55.581367900000018 ], [ 37.5496663, 55.5813974 ], [ 37.5496452, 55.5814151 ], [ 37.549631300000016, 55.581436300000014 ], [ 37.5496151, 55.5814869 ], [ 37.5495924, 55.581564900000011 ], [ 37.5495832, 55.581604400000025 ], [ 37.5495751, 55.5816243 ], [ 37.5495301, 55.58170150000003 ], [ 37.5495203, 55.5817281 ], [ 37.5495176, 55.581742 ], [ 37.5495174, 55.5817639 ], [ 37.549528, 55.5817993 ], [ 37.5495431, 55.5818249 ], [ 37.5495811, 55.5818772 ], [ 37.549603100000013, 55.5819135 ], [ 37.5496068, 55.581924300000011 ], [ 37.5496092, 55.581944600000014 ], [ 37.549606, 55.5819641 ], [ 37.5495904, 55.5820068 ], [ 37.549570100000011, 55.5820601 ], [ 37.54955540000001, 55.5820858 ], [ 37.549535300000016, 55.58211 ], [ 37.549522700000011, 55.582120600000025 ], [ 37.549507899999988, 55.5821299 ], [ 37.549473600000013, 55.582145399999987 ], [ 37.549350600000011, 55.582182500000023 ], [ 37.5492911, 55.5822054 ], [ 37.5492545, 55.5822231 ], [ 37.549189500000018, 55.5822621 ], [ 37.5491488, 55.582292600000017 ], [ 37.549088100000013, 55.5823468 ], [ 37.549047800000011, 55.582388100000024 ], [ 37.54902520000001, 55.5824152 ], [ 37.5490031, 55.582447600000016 ], [ 37.548996600000017, 55.5824649 ], [ 37.548996900000013, 55.582481699999988 ], [ 37.549000500000012, 55.5824895 ], [ 37.5490162, 55.5825033 ], [ 37.5490292, 55.582509 ], [ 37.5490557, 55.5825159 ], [ 37.549071200000014, 55.5825178 ], [ 37.5490943, 55.582517500000023 ], [ 37.5491098, 55.5825131 ], [ 37.549117099999982, 55.5825087 ], [ 37.5491276, 55.5824981 ], [ 37.549161, 55.5824624 ], [ 37.5492023, 55.582419400000013 ], [ 37.549241, 55.5823774 ], [ 37.5492737, 55.5823359 ], [ 37.5492911, 55.5823204 ], [ 37.5493301, 55.582291 ], [ 37.549370900000014, 55.5822622 ], [ 37.5493926, 55.582249 ], [ 37.549411800000016, 55.582244100000011 ], [ 37.549451, 55.582240600000013 ], [ 37.5494726, 55.582241900000014 ], [ 37.549492600000015, 55.582246500000018 ], [ 37.549501200000016, 55.582250200000018 ], [ 37.5495148, 55.5822613 ], [ 37.5495198, 55.5822685 ], [ 37.5495261, 55.582287 ], [ 37.5495278, 55.5823022 ], [ 37.549525, 55.58234 ], [ 37.549506900000011, 55.5824129 ], [ 37.5494923, 55.582452400000022 ], [ 37.5494651, 55.5825086 ], [ 37.5494322, 55.582555500000012 ], [ 37.549407, 55.5825811 ], [ 37.549388700000016, 55.5825964 ], [ 37.549348300000013, 55.5826199 ], [ 37.5493264, 55.5826295 ], [ 37.549283, 55.582646500000017 ], [ 37.5492549, 55.58266040000003 ], [ 37.549235, 55.5826781 ], [ 37.549229, 55.582689200000011 ], [ 37.54922490000002, 55.582714 ], [ 37.54922730000002, 55.5827263 ], [ 37.5492333, 55.5827337 ], [ 37.5492521, 55.5827467 ], [ 37.5492659, 55.582758 ], [ 37.54927480000002, 55.5827726 ], [ 37.549278, 55.58278390000001 ], [ 37.549279300000023, 55.582807800000012 ], [ 37.54927480000002, 55.5828318 ], [ 37.5492696, 55.58284470000001 ], [ 37.5492562, 55.582866600000024 ], [ 37.54922730000002, 55.582902 ], [ 37.549208299999989, 55.582921200000015 ], [ 37.549175400000017, 55.5829504 ], [ 37.549141400000011, 55.5829742 ], [ 37.54912130000001, 55.582982800000025 ], [ 37.5490982, 55.582987700000011 ], [ 37.549085200000015, 55.5829884 ], [ 37.5490564, 55.5829856 ], [ 37.549040200000015, 55.582981699999984 ], [ 37.5490134, 55.582972600000019 ], [ 37.5490034, 55.5829594 ], [ 37.5489854, 55.5829432 ], [ 37.548969400000011, 55.582937800000018 ], [ 37.548959700000012, 55.582938 ], [ 37.5489421, 55.582943700000015 ], [ 37.548898, 55.582963100000015 ], [ 37.5488756, 55.5829745 ], [ 37.5488394, 55.5829973 ], [ 37.5488008, 55.5830245 ], [ 37.548784400000024, 55.5830392 ], [ 37.548767, 55.583061 ], [ 37.548760900000019, 55.583081100000022 ], [ 37.5487666, 55.583118 ], [ 37.5487675, 55.5831519 ], [ 37.548763500000014, 55.5831659 ], [ 37.548756200000021, 55.5831752 ], [ 37.548734900000021, 55.5831875 ], [ 37.5487286, 55.5832059 ], [ 37.5487098, 55.583249 ], [ 37.548602200000019, 55.58324080000002 ], [ 37.548538100000023, 55.5832287 ], [ 37.5484669, 55.5832167 ], [ 37.5483992, 55.583214700000013 ], [ 37.5483423, 55.583228800000022 ], [ 37.548295900000014, 55.583245 ], [ 37.5482426, 55.5832733 ], [ 37.548182100000012, 55.58330950000002 ], [ 37.548078900000021, 55.5833519 ], [ 37.547993400000017, 55.5833942 ], [ 37.5478263, 55.583507199999985 ], [ 37.547684, 55.583614100000013 ], [ 37.547662700000011, 55.5836444 ], [ 37.5476413, 55.583702900000013 ], [ 37.547619800000014, 55.5837401 ], [ 37.547573700000015, 55.583757300000016 ], [ 37.547523900000016, 55.58377140000001 ], [ 37.5474617, 55.583785200000015 ], [ 37.547413400000025, 55.5838088 ], [ 37.547360300000015, 55.5838511 ], [ 37.5472791, 55.583894800000017 ], [ 37.5471218, 55.5839308 ], [ 37.546986400000016, 55.5839672 ], [ 37.546829699999989, 55.5840171 ], [ 37.5466448, 55.584056 ], [ 37.5464525, 55.5840802 ], [ 37.5463097, 55.5840964 ], [ 37.546250800000017, 55.584112200000021 ], [ 37.5462361, 55.584128900000017 ], [ 37.5462422, 55.584207899999988 ], [ 37.5462358, 55.584260200000024 ], [ 37.5462169, 55.5843427 ], [ 37.5461651, 55.5845201 ], [ 37.5461439, 55.584584800000016 ], [ 37.5461145, 55.584618500000012 ], [ 37.546082, 55.5846471 ], [ 37.5460138, 55.5846916 ], [ 37.545969, 55.5847347 ], [ 37.5459485, 55.5847902 ], [ 37.545916, 55.5848254 ], [ 37.5458804, 55.584840600000021 ], [ 37.545823700000014, 55.584844100000012 ], [ 37.5457814, 55.5848443 ], [ 37.545462300000011, 55.584895200000012 ], [ 37.545445700000023, 55.5849082 ], [ 37.5454351, 55.5849216 ], [ 37.5454254, 55.5849365 ], [ 37.5454191, 55.5849398 ], [ 37.5454144, 55.5849516 ], [ 37.5454207, 55.584965200000013 ], [ 37.545427100000012, 55.5849761 ], [ 37.54544150000001, 55.5849842 ], [ 37.5454589, 55.5849923 ], [ 37.5454798, 55.584996 ], [ 37.545496599999986, 55.5849998 ], [ 37.545514800000014, 55.5850031 ], [ 37.5455243, 55.585004900000015 ], [ 37.545536900000016, 55.5850059 ], [ 37.545536900000016, 55.585014 ], [ 37.545516700000022, 55.5850176 ], [ 37.5454665, 55.5850249 ], [ 37.545457500000019, 55.585031300000011 ], [ 37.5454466, 55.5850385 ], [ 37.5454414, 55.585042900000012 ], [ 37.545435300000015, 55.585052200000021 ], [ 37.54543060000001, 55.585063 ], [ 37.545430400000015, 55.5850757 ], [ 37.545430800000013, 55.5850791 ], [ 37.545433100000011, 55.5850894 ], [ 37.5454369, 55.5851047 ], [ 37.5454513, 55.5851274 ], [ 37.5454785, 55.585162700000012 ], [ 37.5455045, 55.585194600000023 ], [ 37.545526700000011, 55.585214600000022 ], [ 37.5455396, 55.5852282 ], [ 37.5455604, 55.5852472 ], [ 37.5455873, 55.5852662 ], [ 37.545615200000015, 55.58528350000001 ], [ 37.5456455, 55.585302600000013 ], [ 37.545686400000015, 55.5853302 ], [ 37.5457199, 55.5853547 ], [ 37.545754900000013, 55.5853946 ], [ 37.5457616, 55.585407700000012 ], [ 37.545764500000011, 55.5854181 ], [ 37.545764500000011, 55.585423300000016 ], [ 37.545764600000012, 55.5854285 ], [ 37.5457657, 55.585439600000015 ], [ 37.545773, 55.585498900000012 ], [ 37.5457521, 55.585531 ], [ 37.545675800000012, 55.585582600000023 ], [ 37.5458313, 55.58569450000001 ], [ 37.547055700000016, 55.5864811 ], [ 37.5471978, 55.586600900000022 ], [ 37.547270300000015, 55.586663 ], [ 37.5387179, 55.5887076 ], [ 37.5304243, 55.5906958 ], [ 37.5302736, 55.590694400000011 ], [ 37.530156900000016, 55.5906626 ], [ 37.5300407, 55.5905349 ], [ 37.5298222, 55.590302200000018 ], [ 37.529335199999984, 55.5896791 ], [ 37.5292541, 55.589608 ], [ 37.5290791, 55.5895265 ], [ 37.5288024, 55.58947 ], [ 37.5283788, 55.589508800000019 ], [ 37.5281377, 55.589569600000019 ], [ 37.52790490000001, 55.5896069 ], [ 37.5278016, 55.5895866 ], [ 37.5277138, 55.5895463 ], [ 37.5272405, 55.589663100000017 ], [ 37.527417, 55.589867 ], [ 37.52747870000001, 55.5900325 ], [ 37.5274736, 55.5901937 ], [ 37.5274129, 55.590362 ], [ 37.5273598, 55.590466 ], [ 37.5270118, 55.5909946 ], [ 37.526885, 55.591139 ], [ 37.5268588, 55.5911601 ], [ 37.526698600000017, 55.5912998 ], [ 37.526577600000024, 55.5914002 ], [ 37.52648, 55.591481300000019 ], [ 37.526305300000011, 55.591607200000013 ], [ 37.5262906, 55.5916192 ], [ 37.5262872, 55.59162030000001 ], [ 37.5180898, 55.5936478 ], [ 37.5118794, 55.5955961 ], [ 37.5115487, 55.5957609 ], [ 37.5111936, 55.595937900000017 ], [ 37.5087153, 55.5971727 ], [ 37.5065527, 55.598249400000014 ], [ 37.503467, 55.600621500000017 ], [ 37.5025207, 55.6013483 ], [ 37.502182500000018, 55.6016081 ], [ 37.501536100000024, 55.602160900000023 ], [ 37.501483100000016, 55.602206100000011 ], [ 37.498249800000011, 55.604971 ], [ 37.497522700000012, 55.6056014 ], [ 37.494097500000017, 55.608573600000014 ], [ 37.4940943, 55.6085746 ], [ 37.493706, 55.608625500000016 ], [ 37.493361300000011, 55.608621200000016 ], [ 37.4930981, 55.608631800000019 ], [ 37.492925200000016, 55.6086866 ], [ 37.4927469, 55.6087716 ], [ 37.4926253, 55.60889330000002 ], [ 37.4925196, 55.608995799999988 ], [ 37.492398300000019, 55.609115 ], [ 37.4921882, 55.6093511 ], [ 37.4919198, 55.609584400000024 ], [ 37.4917073, 55.6097679 ], [ 37.4915133, 55.6099289 ], [ 37.4913686, 55.609982100000025 ], [ 37.49136110000002, 55.609978 ], [ 37.491335, 55.6100001 ], [ 37.491179, 55.6101003 ], [ 37.4909461, 55.610174400000012 ], [ 37.490698400000014, 55.6100624 ], [ 37.4904453, 55.6099616 ], [ 37.4902124, 55.6098469 ], [ 37.4899682, 55.609661600000024 ], [ 37.489949800000012, 55.6096758 ], [ 37.489845400000021, 55.609611 ], [ 37.4897741, 55.609500800000013 ], [ 37.4897449, 55.609475900000014 ], [ 37.489634100000011, 55.609378 ], [ 37.489495400000017, 55.6092503 ], [ 37.489405, 55.609103800000021 ], [ 37.4893115, 55.608948900000023 ], [ 37.489168400000011, 55.6087682 ], [ 37.4890365, 55.608591800000013 ], [ 37.488789300000022, 55.608164 ], [ 37.4883331, 55.608273 ], [ 37.4890639, 55.6092704 ], [ 37.489316399999986, 55.609516100000015 ], [ 37.4895596, 55.609715200000011 ], [ 37.489959100000021, 55.6100075 ], [ 37.490601, 55.6104479 ], [ 37.491588, 55.6109566 ], [ 37.4931444, 55.611778399999984 ], [ 37.4938421, 55.612131 ], [ 37.4981704, 55.6144448 ], [ 37.4999752, 55.6154947 ], [ 37.500573799999984, 55.6158973 ], [ 37.5012058, 55.6163152 ], [ 37.5027806, 55.617451200000012 ], [ 37.5037018, 55.6181485 ], [ 37.5046081, 55.618821600000011 ], [ 37.50708920000001, 55.6209787 ], [ 37.5104812, 55.623915800000013 ], [ 37.510910099999982, 55.624279800000011 ], [ 37.5126525, 55.6257753 ], [ 37.5127507, 55.625741300000023 ], [ 37.51300430000002, 55.625654899999986 ], [ 37.513449600000023, 55.62556510000001 ], [ 37.5134895, 55.6255572 ], [ 37.5142188, 55.6254136 ], [ 37.5191273, 55.62455760000001 ], [ 37.522845, 55.6239093 ], [ 37.5244332, 55.6236323 ], [ 37.528094500000016, 55.62461660000001 ], [ 37.531055, 55.6254828 ], [ 37.5312703, 55.6259386 ], [ 37.5323468, 55.6258019 ], [ 37.5361686, 55.626835200000023 ], [ 37.5374335, 55.6278076 ], [ 37.5405586, 55.628642200000023 ], [ 37.540312300000011, 55.629283300000012 ], [ 37.540172100000021, 55.629637 ], [ 37.5400887, 55.629962300000017 ], [ 37.5400549, 55.630238200000022 ], [ 37.54008480000001, 55.63052170000001 ], [ 37.5401029, 55.630609700000022 ], [ 37.5401355, 55.6307683 ], [ 37.5402247, 55.6310862 ], [ 37.540383, 55.6314878 ], [ 37.5405851, 55.6318808 ], [ 37.5411246, 55.63270780000002 ], [ 37.541720800000022, 55.6336621 ], [ 37.5419267, 55.6339593 ], [ 37.5424868, 55.6348378 ], [ 37.54267, 55.635106900000011 ], [ 37.543153800000013, 55.635867 ], [ 37.543675900000011, 55.6366873 ], [ 37.5440414, 55.637252100000019 ], [ 37.5441175, 55.637370300000022 ], [ 37.544607400000011, 55.637975599999983 ], [ 37.5447312, 55.6381296 ], [ 37.545326199999984, 55.6387456 ], [ 37.5457696, 55.6391144 ], [ 37.546087400000019, 55.6393472 ], [ 37.5464268, 55.6395565 ], [ 37.546940400000011, 55.639826200000016 ], [ 37.548285300000011, 55.640433 ], [ 37.5488133, 55.640659600000021 ], [ 37.549293, 55.6408655 ], [ 37.5493312, 55.640882200000014 ], [ 37.5494933, 55.6409523 ], [ 37.5499945, 55.6411456 ], [ 37.550504, 55.641317300000011 ], [ 37.5509258, 55.641442500000011 ], [ 37.552044300000013, 55.6417901 ], [ 37.5570661, 55.6433183 ], [ 37.5575796, 55.6434891 ], [ 37.5580478, 55.643657900000015 ], [ 37.558905700000011, 55.644044900000019 ], [ 37.5596944, 55.64448560000001 ], [ 37.559952300000013, 55.6446513 ], [ 37.560209, 55.6448446 ], [ 37.560539400000017, 55.64510940000001 ], [ 37.560962300000014, 55.645508400000011 ], [ 37.561306400000014, 55.6459006 ], [ 37.563376, 55.648622900000028 ], [ 37.56399780000001, 55.6494629 ], [ 37.565411400000016, 55.649191 ], [ 37.56829680000002, 55.648530800000024 ], [ 37.5717008, 55.647761200000012 ], [ 37.575448200000011, 55.646794900000017 ], [ 37.5767999, 55.646428899999989 ], [ 37.5803884, 55.6453262 ], [ 37.5804286, 55.645111 ], [ 37.580412399999986, 55.6449225 ], [ 37.58011470000001, 55.644941 ], [ 37.5800959, 55.6448098 ], [ 37.5800031, 55.6438219 ], [ 37.57936220000002, 55.643615200000013 ], [ 37.579290400000012, 55.6428012 ], [ 37.5807067, 55.6423332 ], [ 37.5820011, 55.6412222 ], [ 37.581911700000013, 55.6409906 ], [ 37.5819231, 55.6409 ], [ 37.5812618, 55.6408951 ], [ 37.5816158, 55.6399653 ], [ 37.582002500000023, 55.6398242 ], [ 37.5821195, 55.6397349 ], [ 37.5821553, 55.639652300000016 ], [ 37.582056799999989, 55.639544400000013 ], [ 37.5816209, 55.6394753 ], [ 37.5814477, 55.6394871 ], [ 37.5814907, 55.63896 ], [ 37.5819071, 55.6386913 ], [ 37.5822546, 55.638467 ], [ 37.5816655, 55.6372043 ], [ 37.5816659, 55.637200300000011 ], [ 37.581104300000014, 55.6372784 ], [ 37.5808298, 55.6368147 ], [ 37.580621800000024, 55.6367698 ], [ 37.5805256, 55.6365884 ], [ 37.5803197, 55.6365675 ], [ 37.5798446, 55.6360226 ], [ 37.5805944, 55.635911 ], [ 37.5801576, 55.635563600000026 ], [ 37.5792798, 55.635780700000012 ], [ 37.5791408, 55.6356593 ], [ 37.5792056, 55.635553 ], [ 37.579058, 55.635405200000015 ], [ 37.578797900000012, 55.635358 ], [ 37.5781387, 55.6347388 ], [ 37.5777814, 55.6346989 ], [ 37.5775701, 55.634454 ], [ 37.577406, 55.6343603 ], [ 37.577265700000012, 55.632676900000021 ], [ 37.58382, 55.6314728 ], [ 37.5852426, 55.6314864 ], [ 37.5858037, 55.6314207 ], [ 37.5859829, 55.631173 ], [ 37.5858754, 55.6308714 ], [ 37.58579610000001, 55.630621400000017 ], [ 37.5855103, 55.6300194 ], [ 37.5853956, 55.6297962 ], [ 37.5852599, 55.629539700000016 ], [ 37.5852841, 55.6293994 ], [ 37.5851468, 55.6292006 ], [ 37.58458850000001, 55.628969100000013 ], [ 37.58413070000001, 55.6286746 ], [ 37.584221500000012, 55.6284348 ], [ 37.5843505, 55.6285628 ], [ 37.5846721, 55.628476400000011 ], [ 37.5848357, 55.628767500000016 ], [ 37.5850272, 55.628723 ], [ 37.584917, 55.6283455 ], [ 37.5847405, 55.6279252 ], [ 37.584447500000017, 55.6280008 ], [ 37.5840882, 55.627995 ], [ 37.5840258, 55.627778900000017 ], [ 37.5841914, 55.6275846 ], [ 37.584349, 55.6276415 ], [ 37.584627800000014, 55.6277403 ], [ 37.584682300000011, 55.6277039 ], [ 37.5843505, 55.626683600000028 ], [ 37.5842063, 55.626693300000014 ], [ 37.5840442, 55.626886300000024 ], [ 37.583816400000018, 55.6269123 ], [ 37.5836354, 55.626329 ], [ 37.5834474, 55.6262846 ], [ 37.5832427, 55.6262311 ], [ 37.5828854, 55.6254039 ], [ 37.582783100000015, 55.625165100000011 ], [ 37.58380930000002, 55.6254017 ], [ 37.5858366, 55.625089200000012 ], [ 37.5855659, 55.624029400000019 ], [ 37.585653, 55.623984 ], [ 37.5860051, 55.623863 ], [ 37.5870837, 55.6242892 ], [ 37.5875006, 55.6240442 ], [ 37.588251700000015, 55.623503300000024 ], [ 37.5888168, 55.623723700000021 ], [ 37.589227200000018, 55.6238558 ], [ 37.589638100000016, 55.6239601 ], [ 37.589885900000013, 55.6240089 ], [ 37.590671700000023, 55.624105500000013 ], [ 37.590986600000022, 55.6241148 ], [ 37.5913101, 55.624099200000018 ], [ 37.5915331, 55.6240841 ], [ 37.5917909, 55.6240571 ], [ 37.595232800000012, 55.62356 ], [ 37.5958002, 55.6234749 ], [ 37.5977902, 55.6231786 ], [ 37.6069475, 55.62167 ], [ 37.6078543, 55.621445700000017 ], [ 37.6092079, 55.621374 ], [ 37.61376910000002, 55.620730200000011 ], [ 37.614176200000024, 55.620669600000014 ], [ 37.6148836, 55.622240199999986 ], [ 37.615015699999987, 55.6222184 ], [ 37.615460900000016, 55.622153 ], [ 37.6155768, 55.6221358 ], [ 37.616010400000015, 55.622058 ], [ 37.616160900000011, 55.622032 ], [ 37.616224, 55.62202 ], [ 37.616269800000012, 55.6220113 ], [ 37.6163093, 55.622003700000015 ], [ 37.617133600000024, 55.621874700000014 ], [ 37.6207944, 55.6214136 ], [ 37.6237422, 55.6210465 ], [ 37.6242955, 55.621062400000014 ], [ 37.6246434, 55.6211217 ], [ 37.626093300000015, 55.6213731 ], [ 37.6308168, 55.6218441 ], [ 37.6322423, 55.6194343 ], [ 37.6327705, 55.618428 ], [ 37.633401, 55.6173986 ], [ 37.6341306, 55.616114199999984 ], [ 37.634147700000014, 55.616089800000012 ], [ 37.634946, 55.61495080000001 ], [ 37.636147600000015, 55.613642 ], [ 37.637349200000024, 55.6126483 ], [ 37.638418600000016, 55.6119556 ], [ 37.6388084, 55.611703 ], [ 37.640591, 55.6106097 ], [ 37.6407597, 55.6105077 ], [ 37.640652800000019, 55.6104566 ], [ 37.639935, 55.6101068 ], [ 37.6387351, 55.6093581 ], [ 37.6378106, 55.608612800000017 ], [ 37.6374588, 55.6083022 ], [ 37.636326, 55.6072044 ], [ 37.6351132, 55.606032 ], [ 37.63321770000001, 55.6042536 ], [ 37.6324055, 55.603494 ], [ 37.631879400000017, 55.6029798 ], [ 37.6281622, 55.599252100000015 ], [ 37.626352600000018, 55.5981444 ], [ 37.623427100000015, 55.596863800000015 ], [ 37.6210351, 55.5957404 ], [ 37.6193555, 55.594760100000016 ], [ 37.617280500000021, 55.5931452 ], [ 37.6162455, 55.591978400000023 ], [ 37.615736700000021, 55.591315700000017 ], [ 37.615526, 55.590876800000011 ], [ 37.6153361, 55.5904448 ], [ 37.6153055, 55.5903578 ], [ 37.615236300000014, 55.590147 ], [ 37.615157900000014, 55.589931700000022 ], [ 37.614558900000013, 55.586132100000022 ], [ 37.613125200000013, 55.574630900000024 ], [ 37.611092, 55.5747441 ], [ 37.606486700000012, 55.5750039 ], [ 37.6055416, 55.575057400000013 ], [ 37.6054915, 55.5750458 ], [ 37.6050414, 55.574893700000025 ], [ 37.604730500000016, 55.574762300000017 ], [ 37.6044256, 55.5745996 ], [ 37.6044518, 55.574582600000014 ], [ 37.6041629, 55.5744194 ], [ 37.604112300000018, 55.5744262 ], [ 37.6040773, 55.5744822 ], [ 37.6041802, 55.574759 ], [ 37.6040493, 55.574843900000026 ], [ 37.603959800000013, 55.574967200000025 ], [ 37.603833, 55.5751005 ], [ 37.603685, 55.575210800000015 ], [ 37.6031909, 55.575234800000018 ], [ 37.6003203, 55.575374500000024 ], [ 37.599404700000022, 55.5749003 ], [ 37.5984891, 55.5744262 ], [ 37.5983199, 55.5743151 ], [ 37.5979576, 55.5740332 ], [ 37.5978592, 55.5739406 ], [ 37.5978046, 55.5738788 ], [ 37.597793500000016, 55.5738108 ], [ 37.597788, 55.57378 ], [ 37.597804300000014, 55.573733600000011 ], [ 37.597858900000013, 55.5735129 ], [ 37.5979456, 55.5732936 ], [ 37.59809090000001, 55.572882300000018 ], [ 37.5981528, 55.572756599999984 ], [ 37.5981943, 55.5726662 ], [ 37.5982772, 55.572520900000022 ], [ 37.598380800000015, 55.5723559 ], [ 37.598512100000022, 55.5721869 ], [ 37.5994672, 55.5714282 ], [ 37.5999585, 55.571007600000023 ], [ 37.60020040000002, 55.570701099999987 ], [ 37.6005631, 55.570735300000024 ], [ 37.6005971, 55.5705702 ], [ 37.6006201, 55.5701806 ], [ 37.600850499999986, 55.5696672 ], [ 37.600977, 55.5690878 ], [ 37.6010966, 55.568416 ], [ 37.6016747, 55.5672282 ], [ 37.6022876, 55.5663727 ], [ 37.6035767, 55.5645916 ], [ 37.602138600000018, 55.5638907 ], [ 37.60087690000001, 55.563283300000023 ], [ 37.6003671, 55.56310850000002 ], [ 37.5988382, 55.562710800000012 ], [ 37.5961804, 55.561756 ], [ 37.593345200000016, 55.560245800000011 ], [ 37.589454, 55.557683 ], [ 37.589302900000021, 55.55719950000001 ] ] ] ] } }
]
}
